id,title,description,availability,condition,price,link,image_link,brand
2354,Seringa B-D  5Ml,Seringa B-D  5Ml,in stock,new,3.99 BRL,https://loja.redecentralfarma.com.br/,https://d22vuod48cepji.cloudfront.net/ib.item.image.large/l-2fa90cbb383344dea94842fadd60e861.png,BD
103540,Soro Fisiologico 0.9% Bem Care 500Ml,Soro Fisiologico 0.9% Bem Care 500Ml,in stock,new,8.49 BRL,https://loja.redecentralfarma.com.br/,https://d22vuod48cepji.cloudfront.net/ib.item.image.large/l-f4715097ccd841589abd711fad012161.png,Bem Care
104703,Manteiga Cacau Batom Bem Care (F),Manteiga Cacau Batom Bem Care (F),in stock,new,2.90 BRL,https://loja.redecentralfarma.com.br/,https://d22vuod48cepji.cloudfront.net/ib.item.image.large/l-83800057491b4bc99d0e12051e920847.jpeg,Bem Care
2312,Lixa De Unha Canario 1Un (F),Lixa De Unha Canario 1Un (F),in stock,new,0.99 BRL,https://loja.redecentralfarma.com.br/,https://d22vuod48cepji.cloudfront.net/ib.item.image.large/l-7ad462cbeb654b82b6bbbcb732b0e1bd.png,Canario
44785,Agulha Bd  1Un,Agulha Bd  1Un,in stock,new,0.40 BRL,https://loja.redecentralfarma.com.br/,https://d22vuod48cepji.cloudfront.net/ib.item.image.large/l-e10bba65e3c04ea4b5e935a9a37fcff6.jpeg,BD
103210,Lenço Umed Qualy Baby Basic  50Un,Lenço Umed Qualy Baby Basic  50Un,in stock,new,6.49 BRL,https://loja.redecentralfarma.com.br/,https://d22vuod48cepji.cloudfront.net/ib.item.image.large/l-68663fd6cb8b462e93ea14c2eac737b5.jpeg,Qualy Baby
3590,Água Oxigenada Beira Alta 90Ml Vl40,Água Oxigenada Beira Alta 90Ml Vl40,in stock,new,4.49 BRL,https://loja.redecentralfarma.com.br/,https://d22vuod48cepji.cloudfront.net/ib.item.image.large/l-a73a0d6d6fe84b459e6c344495e1630d.jpeg,Beira Alta
46947,Removedor de Esmalte Beira Alta Frasco 90ml,Removedor de Esmalte Beira Alta Frasco 90ml,in stock,new,5.99 BRL,https://loja.redecentralfarma.com.br/,https://d22vuod48cepji.cloudfront.net/ib.item.image.large/l-2ef1712f739b40da8b5374b7bf1e96f2.jpeg,Beira Alta
106560,Aparelho Prestobarba 3 Suave 1Un,Aparelho Prestobarba 3 Suave 1Un,in stock,new,9.49 BRL,https://loja.redecentralfarma.com.br/,https://d22vuod48cepji.cloudfront.net/ib.item.image.large/l-58104d475f8c4852a0759e268e2b4243.jpg,Suave
84184,Lenco Umed Baby Care Premium 100Un,Lenco Umed Baby Care Premium 100Un,in stock,new,16.99 BRL,https://loja.redecentralfarma.com.br/,https://d22vuod48cepji.cloudfront.net/ib.item.image.large/l-c502236560cb488b941a7dc11ea7a027.png,Baby Care Premium
93124,Compressa Gaze Bem Care 10Un,Compressa Gaze Bem Care 10Un,in stock,new,3.49 BRL,https://loja.redecentralfarma.com.br/,https://d22vuod48cepji.cloudfront.net/ib.item.image.large/l-dd8f667a57234510b95f1a870d5d7b5d.png,Bem Care
101999,Esc Dental Amis Tech Light Black Media  2Un,Esc Dental Amis Tech Light Black Media  2Un,in stock,new,10.99 BRL,https://loja.redecentralfarma.com.br/,https://d22vuod48cepji.cloudfront.net/ib.item.image.large/l-0fab765ead7142008768cf1fdd815044.png,Amis
2339,Sabonete em Barra Original Dove Caixa 90g,Sabonete em Barra Original Dove Caixa 90g,in stock,new,5.99 BRL,https://loja.redecentralfarma.com.br/,https://d22vuod48cepji.cloudfront.net/ib.item.image.large/l-b889a2094ece469c8ca0525e16ce4032.jpeg,Dove
2917,Barbeador Gillette Prestobarba Ultragrip 2 2 unidades,Barbeador Gillette Prestobarba Ultragrip 2 2 unidades,in stock,new,9.99 BRL,https://loja.redecentralfarma.com.br/,https://d22vuod48cepji.cloudfront.net/ib.item.image.large/l-7f0f28e97fb641eb8e39d6b67cb87850.png,Gillette
95953,Soro Fisiologico 0.9% Bem Care 100Ml,Soro Fisiologico 0.9% Bem Care 100Ml,in stock,new,4.79 BRL,https://loja.redecentralfarma.com.br/,https://d22vuod48cepji.cloudfront.net/ib.item.image.large/l-cc2668c88f354ba38cbe2f123e58a734.png,Bem Care
115244,Fio Dental Super Fresh Amis Puradent (120m),Fio Dental Super Fresh Amis Puradent (120m),in stock,new,7.99 BRL,https://loja.redecentralfarma.com.br/,https://d22vuod48cepji.cloudfront.net/ib.item.image.large/l-195920634e284037b52297fa17c41536.jpeg,Amis Puradent
73631,Refrigerante Coca-Cola Original Garrafa 2l,Refrigerante Coca-Cola Original Garrafa 2l,in stock,new,15.49 BRL,https://loja.redecentralfarma.com.br/,https://d22vuod48cepji.cloudfront.net/ib.item.image.large/l-413fb31072694c96ba9e9667b87a9238.png,Coca-Cola
75759,"Esmalte Verniz Extra Brilho Impala 7,5ml","Esmalte Verniz Extra Brilho Impala 7,5ml",in stock,new,7.79 BRL,https://loja.redecentralfarma.com.br/,https://d22vuod48cepji.cloudfront.net/ib.item.image.large/l-73590fb42f83483a850f927ce9b165b8.jpeg,Impala
104011,Energético Monster Lata 473ml,Energético Monster Lata 473ml,in stock,new,11.99 BRL,https://loja.redecentralfarma.com.br/,https://d22vuod48cepji.cloudfront.net/ib.item.image.large/l-5261731e8a0f4afd8f724bd2b3ff9724.png,Monster
4149,Coloração Niely Cor&Ton Preto 2.0,Coloração Niely Cor&Ton Preto 2.0,in stock,new,17.99 BRL,https://loja.redecentralfarma.com.br/,https://d22vuod48cepji.cloudfront.net/ib.item.image.large/l-3209f1a27e2c4764b6ff5e800241d22e.jpeg,Cor & Ton
78737,Toalhinhas Umedecidas Personalidade Com 50 Unidades,Toalhinhas Umedecidas Personalidade Com 50 Unidades,in stock,new,11.49 BRL,https://loja.redecentralfarma.com.br/,https://d22vuod48cepji.cloudfront.net/ib.item.image.large/l-026cba3cdb444054b0f70e4ea9979510.png,Personalidade
78844,Chocolate Bombom Ouro Branco 20g,Chocolate Bombom Ouro Branco 20g,in stock,new,2.50 BRL,https://loja.redecentralfarma.com.br/,https://d22vuod48cepji.cloudfront.net/ib.item.image.large/l-e4d8fdd3f38e4124885c5d1e7a3f977f.webp,Ouro Branco
101939,Acetona Farmax Frasco 100ml,Acetona Farmax Frasco 100ml,in stock,new,6.29 BRL,https://loja.redecentralfarma.com.br/,https://d22vuod48cepji.cloudfront.net/ib.item.image.large/l-0bbb0f058a194340b75c99643219eb0b.jpeg,Farmax
107388,Fralda Descartável Infantil Huggies Tripla Proteção G Pacote 30 Unidades Grátis 2 Fraldas,Fralda Descartável Infantil Huggies Tripla Proteção G Pacote 30 Unidades Grátis 2 Fraldas,in stock,new,40.49 BRL,https://loja.redecentralfarma.com.br/,https://d22vuod48cepji.cloudfront.net/ib.item.image.large/l-384fa2fb8ba740b999b83d5f22e2b460.webp,Huggies
92784,Antitranspirante Aerossol Rexona Men Active Dry 250ml Spray Leve Mais Pague Menos,Antitranspirante Aerossol Rexona Men Active Dry 250ml Spray Leve Mais Pague Menos,in stock,new,25.49 BRL,https://loja.redecentralfarma.com.br/,https://d22vuod48cepji.cloudfront.net/ib.item.image.large/l-184f64ba8da2433087cfdbeb9d450055.png,Rexona
3826,Antitranspirante Roll-On Original Dove 50ml,Antitranspirante Roll-On Original Dove 50ml,in stock,new,12.79 BRL,https://loja.redecentralfarma.com.br/,https://d22vuod48cepji.cloudfront.net/ib.item.image.large/l-809746803a38476697954944ae3867a8.jpeg,Dove
78471,Lenco Umed Qualy Baby 50Un Pack Lv3 Pg2Un,Lenco Umed Qualy Baby 50Un Pack Lv3 Pg2Un,in stock,new,18.99 BRL,https://loja.redecentralfarma.com.br/,https://d22vuod48cepji.cloudfront.net/ib.item.image.large/l-b35f66df440248239c823ad967582521.png,Qualy Baby
13361,Agua Mineral Devito 500Ml,Agua Mineral Devito 500Ml,in stock,new,3.29 BRL,https://loja.redecentralfarma.com.br/,https://d22vuod48cepji.cloudfront.net/ib.item.image.large/l-2d130182fa8f4571ba0f0fda0480eeed.png,Devito
73692,Oleo De Coco Copra Extra Virgem Sache 15Ml,Oleo De Coco Copra Extra Virgem Sache 15Ml,in stock,new,3.99 BRL,https://loja.redecentralfarma.com.br/,https://d22vuod48cepji.cloudfront.net/ib.item.image.large/l-3a90c967d91c4b78899cd271a548fef0.jpeg,Copra
114190,Bombom Wafer Recheado Oreo Pacote - 540g,Bombom Wafer Recheado Oreo Pacote - 540g,in stock,new,2.50 BRL,https://loja.redecentralfarma.com.br/,https://d22vuod48cepji.cloudfront.net/ib.item.image.large/l-d6a2b6b530ec43119ac8afe3c3ba282c.png,Lacta
42843,Chupeta Avulsa Orto Silicone Ref 305/0 1Un,Chupeta Avulsa Orto Silicone Ref 305/0 1Un,in stock,new,5.49 BRL,https://loja.redecentralfarma.com.br/,https://d22vuod48cepji.cloudfront.net/ib.item.image.large/l-319b6ac35a6f4484af29f202080f6488.png,Kit Star
2210,Alicate de Cutícula Classic 522 Mundial,Alicate de Cutícula Classic 522 Mundial,in stock,new,27.99 BRL,https://loja.redecentralfarma.com.br/,https://d22vuod48cepji.cloudfront.net/ib.item.image.large/l-33aeb47273064e0c92af7f6c67900bad.jpeg,Mundial
3672,Gel Fixador Mega Forte Ny. Looks Frasco 240g,Gel Fixador Mega Forte Ny. Looks Frasco 240g,in stock,new,12.79 BRL,https://loja.redecentralfarma.com.br/,https://d22vuod48cepji.cloudfront.net/ib.item.image.large/l-5c89bc9d965c42d1b8cc16630091deec.jpeg,Ny. Looks
4163,Coloração Niely Cor&Ton Preto Azulado 1.0,Coloração Niely Cor&Ton Preto Azulado 1.0,in stock,new,17.99 BRL,https://loja.redecentralfarma.com.br/,https://d22vuod48cepji.cloudfront.net/ib.item.image.large/l-67cb42cbfeef41518111f409855c89c6.jpeg,Cor & Ton
74374,"Esmalte Impala Transp. Top Pop 7,5ml","Esmalte Impala Transp. Top Pop 7,5ml",in stock,new,5.99 BRL,https://loja.redecentralfarma.com.br/,https://d22vuod48cepji.cloudfront.net/ib.item.image.large/l-3f316b50c7884262839a4933b654c171.png,Impala
107391,Fralda Descartável Infantil Huggies Tripla Proteção XG Pacote 28 Unidades Grátis 2 Fraldas,Fralda Descartável Infantil Huggies Tripla Proteção XG Pacote 28 Unidades Grátis 2 Fraldas,in stock,new,40.49 BRL,https://loja.redecentralfarma.com.br/,https://d22vuod48cepji.cloudfront.net/ib.item.image.large/l-3352deda9eba44859b86559af1928287.jpeg,Huggies
114174,Chocolate Snickers White 42g,Chocolate Snickers White 42g,in stock,new,5.99 BRL,https://loja.redecentralfarma.com.br/,https://d22vuod48cepji.cloudfront.net/ib.item.image.large/l-bc26c470768247ff8d4e08502858bace.webp,Snickers
3588,Água Oxigenada Beira Alta 90ml Volume 30,Água Oxigenada Beira Alta 90ml Volume 30,in stock,new,4.49 BRL,https://loja.redecentralfarma.com.br/,https://d22vuod48cepji.cloudfront.net/ib.item.image.large/l-6e9b39feb25f4e99ad72ee859148b0b4.jpeg,Beira Alta
114519,Algodão Bolas APOLO 50g,Algodão Bolas APOLO 50g,in stock,new,5.49 BRL,https://loja.redecentralfarma.com.br/,https://d22vuod48cepji.cloudfront.net/ib.item.image.large/l-87f5b0c2c44542299dd044bf48613bff.jpg,Apolo
14492,Descolorante Active sem Perfume Pó Yamá Envelope 20g,Descolorante Active sem Perfume Pó Yamá Envelope 20g,in stock,new,9.49 BRL,https://loja.redecentralfarma.com.br/,https://d22vuod48cepji.cloudfront.net/ib.item.image.large/l-b92bb84447e34ff5bf8d662f5020dfef.jpeg,Yamá
3461,Brinco Antialérgico Studex Classic,Brinco Antialérgico Studex Classic,in stock,new,32.90 BRL,https://loja.redecentralfarma.com.br/,https://d22vuod48cepji.cloudfront.net/ib.item.image.large/l-e11ba1f331f84a3fa299f4135f322f3f.jpeg,Studex
54863,Chiclete Trident Menta Sem Açúcar 8g,Chiclete Trident Menta Sem Açúcar 8g,in stock,new,4.49 BRL,https://loja.redecentralfarma.com.br/,https://d22vuod48cepji.cloudfront.net/ib.item.image.large/l-4eac92b36f5045f9b8a7e99c9f1a33a3.webp,Trident
84472,Brinco Vivence Argola Ouro/Prata,Brinco Vivence Argola Ouro/Prata,in stock,new,22.99 BRL,https://loja.redecentralfarma.com.br/,https://d22vuod48cepji.cloudfront.net/ib.item.image.large/l-f97fcd06b32147688ade3576390c6c4b.png,Vivence
92850,Coletor Universal Esteril Bem Care 80Ml,Coletor Universal Esteril Bem Care 80Ml,in stock,new,3.79 BRL,https://loja.redecentralfarma.com.br/,https://d22vuod48cepji.cloudfront.net/ib.item.image.large/l-de1314d86e7a4b6283387a592e9e5379.jpeg,Bem Care
98921,Fralda Baby Care Jumbinho M 22Un,Fralda Baby Care Jumbinho M 22Un,in stock,new,17.29 BRL,https://loja.redecentralfarma.com.br/,https://d22vuod48cepji.cloudfront.net/ib.item.image.large/l-4332a0b19f3b43e480c5be80a5da03c2.png,Baby Care
2345,Sabonete Infantil Barra Glicerinado Pom Pom Caixa 70g,Sabonete Infantil Barra Glicerinado Pom Pom Caixa 70g,in stock,new,4.29 BRL,https://loja.redecentralfarma.com.br/,https://d22vuod48cepji.cloudfront.net/ib.item.image.large/l-061782162e1547288b2fccaeabf855d0.jpeg,Pom Pom
107389,Fralda Descartável Infantil Huggies Tripla Proteção M Pacote 36 Unidades Grátis 2 Fraldas,Fralda Descartável Infantil Huggies Tripla Proteção M Pacote 36 Unidades Grátis 2 Fraldas,in stock,new,40.49 BRL,https://loja.redecentralfarma.com.br/,https://d22vuod48cepji.cloudfront.net/ib.item.image.large/l-6a686558ce234bc8b6cb8a2020894ba8.webp,Huggies
113431,Desodorante Aerossol Monange Hidratação Intensiva 200ml,Desodorante Aerossol Monange Hidratação Intensiva 200ml,in stock,new,16.29 BRL,https://loja.redecentralfarma.com.br/,https://d22vuod48cepji.cloudfront.net/ib.item.image.large/l-eb47b99850a542b496a40a2c2c309331.jpeg,Monange
43056,Absorvente Interno Intimus Super Caixa 8 Unidades,Absorvente Interno Intimus Super Caixa 8 Unidades,in stock,new,13.49 BRL,https://loja.redecentralfarma.com.br/,https://d22vuod48cepji.cloudfront.net/ib.item.image.large/l-59beebb0005a4810ac882811d1300315.jpeg,Intimus
105671,Desodorante Creme Antiperspirante Lavanda Herbíssimo 55g,Desodorante Creme Antiperspirante Lavanda Herbíssimo 55g,in stock,new,8.29 BRL,https://loja.redecentralfarma.com.br/,https://d22vuod48cepji.cloudfront.net/ib.item.image.large/l-00fa999bf9344a55a9da56a6c55d6a0c.jpeg,Herbíssimo
112649,Tintura Cor & Ton Preto Azulado Espelhado 2.8,Tintura Cor & Ton Preto Azulado Espelhado 2.8,in stock,new,17.99 BRL,https://loja.redecentralfarma.com.br/,https://d22vuod48cepji.cloudfront.net/ib.item.image.large/l-31bffa69f4e64f138a626754511b53ab.png,Cor&Ton
3531,Absorvente com Abas Seca Intimus Tripla Proteção Pacote 8 Unidades,Absorvente com Abas Seca Intimus Tripla Proteção Pacote 8 Unidades,in stock,new,6.79 BRL,https://loja.redecentralfarma.com.br/,https://d22vuod48cepji.cloudfront.net/ib.item.image.large/l-52b151a929d04f008a3ba933b6c3e5dd.jpeg,Intimus
106440,Brinquedo Diverte 1Un,Brinquedo Diverte 1Un,in stock,new,27.99 BRL,https://loja.redecentralfarma.com.br/,https://d22vuod48cepji.cloudfront.net/ib.item.image.large/l-67555c1979674403a4e5d91697fd57d5.png,Diverte
78843,Bombom Wafer Lacta Sonho de Valsa Pacote 1kg,Bombom Wafer Lacta Sonho de Valsa Pacote 1kg,in stock,new,2.50 BRL,https://loja.redecentralfarma.com.br/,https://d22vuod48cepji.cloudfront.net/ib.item.image.large/l-a1215dafc227493584408b647eb7301d.jpeg,Lacta
3546,Bico De Mamadeira Mamita 1Und,Bico De Mamadeira Mamita 1Und,in stock,new,4.99 BRL,https://loja.redecentralfarma.com.br/,https://d22vuod48cepji.cloudfront.net/ib.item.image.large/l-5c9422f1823f41dd967f37a6e7e44bb9.png,Mamita
67933,Antitranspirante Aerossol Flor de Lavanda Monange 150ml,Antitranspirante Aerossol Flor de Lavanda Monange 150ml,in stock,new,11.99 BRL,https://loja.redecentralfarma.com.br/,https://d22vuod48cepji.cloudfront.net/ib.item.image.large/l-740641e00bdc439193eea309751e693d.jpeg,Monange
85800,Absorvente com Abas Suave Intimus Noturno Pacote 16 Unidades Leve Mais Pague Menos,Absorvente com Abas Suave Intimus Noturno Pacote 16 Unidades Leve Mais Pague Menos,in stock,new,19.99 BRL,https://loja.redecentralfarma.com.br/,https://d22vuod48cepji.cloudfront.net/ib.item.image.large/l-8d3702f7d95a44fea5be18c464381a79.jpeg,Intimus
59052,Absorvente com Abas Extra Suave Intimus Tripla Proteção Pacote Leve 16 Pague 14 Unidades,Absorvente com Abas Extra Suave Intimus Tripla Proteção Pacote Leve 16 Pague 14 Unidades,in stock,new,11.99 BRL,https://loja.redecentralfarma.com.br/,https://d22vuod48cepji.cloudfront.net/ib.item.image.large/l-a17ea762a2cc461f9a8ac66884c8b609.jpeg,Intimus
4166,Coloração Niely Cor&Ton Castanho Escuro 3.0,Coloração Niely Cor&Ton Castanho Escuro 3.0,in stock,new,17.99 BRL,https://loja.redecentralfarma.com.br/,https://d22vuod48cepji.cloudfront.net/ib.item.image.large/l-551ae54d5cdd4aa88aadb6e66deff829.jpeg,Cor & Ton
2592,Antitranspirante Aerossol Original Dove 150ml,Antitranspirante Aerossol Original Dove 150ml,in stock,new,18.99 BRL,https://loja.redecentralfarma.com.br/,https://d22vuod48cepji.cloudfront.net/ib.item.image.large/l-e800feeadff3400f8101b5de622a6d80.png,Dove
4068,Esmalte Risqué Branco Natural Novo Renda 8ml,Esmalte Risqué Branco Natural Novo Renda 8ml,in stock,new,5.99 BRL,https://loja.redecentralfarma.com.br/,https://d22vuod48cepji.cloudfront.net/ib.item.image.large/l-fbd1b0e0708c4e3ca9939b8200f99ed9.jpeg,Risqué
14674,Agua Oxigenada 10Vol Adv 100Ml,Agua Oxigenada 10Vol Adv 100Ml,in stock,new,5.49 BRL,https://loja.redecentralfarma.com.br/,https://d22vuod48cepji.cloudfront.net/ib.item.image.large/l-b840c2de7dc94e3899b069ca12007407.jpeg,Adv
81511,Fralda Baby Care Super Econ G 60Un,Fralda Baby Care Super Econ G 60Un,in stock,new,51.99 BRL,https://loja.redecentralfarma.com.br/,https://d22vuod48cepji.cloudfront.net/ib.item.image.large/l-66110e1015db484892926b2425421331.png,Baby Care
81512,Fralda Baby Care Super Econ Xg 50Un,Fralda Baby Care Super Econ Xg 50Un,in stock,new,51.99 BRL,https://loja.redecentralfarma.com.br/,https://d22vuod48cepji.cloudfront.net/ib.item.image.large/l-3339e8a8b8a2413ba0753db9c3eaa9ab.png,Baby Care
92338,Energético Red Bull Lata 250ml,Energético Red Bull Lata 250ml,in stock,new,12.99 BRL,https://loja.redecentralfarma.com.br/,https://d22vuod48cepji.cloudfront.net/ib.item.image.large/l-72d622d0bd634807b5e5efada1c52515.png,Red Bull
98924,Fralda Baby Care Jumbinho Xg 18Un,Fralda Baby Care Jumbinho Xg 18Un,in stock,new,17.29 BRL,https://loja.redecentralfarma.com.br/,https://d22vuod48cepji.cloudfront.net/ib.item.image.large/l-ce7598e80c4840bc8e486397d4700073.jpeg,Baby Care
5528,Creme Dental Menta Original Colgate Tripla Ação Caixa 90g,Creme Dental Menta Original Colgate Tripla Ação Caixa 90g,in stock,new,7.49 BRL,https://loja.redecentralfarma.com.br/,https://d22vuod48cepji.cloudfront.net/ib.item.image.large/l-a4848cd377d249f281117517b9b7ef35.png,Colgate
107392,Fralda Descartável Infantil Huggies Tripla Proteção XXG Pacote 26 Unidades Grátis 2 Fraldas,Fralda Descartável Infantil Huggies Tripla Proteção XXG Pacote 26 Unidades Grátis 2 Fraldas,in stock,new,40.49 BRL,https://loja.redecentralfarma.com.br/,https://d22vuod48cepji.cloudfront.net/ib.item.image.large/l-cd813ca04276401eb35335a455c13f1f.webp,Huggies
102830,Descolorante Pó Diamond +10 Lightner Envelope 50g,Descolorante Pó Diamond +10 Lightner Envelope 50g,in stock,new,16.29 BRL,https://loja.redecentralfarma.com.br/,https://d22vuod48cepji.cloudfront.net/ib.item.image.large/l-3f94de7e6fb0464e8bc9d51c5efddb61.jpeg,Lightner
114193,Kinder Joy 20g,Kinder Joy 20g,in stock,new,14.49 BRL,https://loja.redecentralfarma.com.br/,https://d22vuod48cepji.cloudfront.net/ib.item.image.large/l-371678329dfd4104af7f545a112eb291.png,Ferrero
111,Sabonete Barra Enxofre Granado Caixa 90g,Sabonete Barra Enxofre Granado Caixa 90g,in stock,new,10.49 BRL,https://loja.redecentralfarma.com.br/,https://d22vuod48cepji.cloudfront.net/ib.item.image.large/l-b96db73f96424d8fa520de8fa9241d77.jpeg,Granado
66591,Loção Corporal Deo-Hidratante Inspiradora Paixão Frasco 400ml Embalagem Econômica,Loção Corporal Deo-Hidratante Inspiradora Paixão Frasco 400ml Embalagem Econômica,in stock,new,16.49 BRL,https://loja.redecentralfarma.com.br/,https://d22vuod48cepji.cloudfront.net/ib.item.image.large/l-52d441691acb4c57968abf88b8e95ac5.jpeg,Paixão
84861,Absorvente com Abas Noite e Dia Total Protect Suave Sym Pacote 16 Unidades Leve Mais Pague Menos,Absorvente com Abas Noite e Dia Total Protect Suave Sym Pacote 16 Unidades Leve Mais Pague Menos,in stock,new,14.49 BRL,https://loja.redecentralfarma.com.br/,https://d22vuod48cepji.cloudfront.net/ib.item.image.large/l-b38969154fa046778e16825b3ca76bfd.jpeg,Sym
101995,Esc Dental Amis Tech Macia Lv2 Pg1,Esc Dental Amis Tech Macia Lv2 Pg1,in stock,new,10.99 BRL,https://loja.redecentralfarma.com.br/,https://d22vuod48cepji.cloudfront.net/ib.item.image.large/l-d43f9cd8d9bd49979384acc2b207e341.png,Amis
109002,Fralda Bummis Premiun Hiper XXG 54 Unidades,Fralda Bummis Premiun Hiper XXG 54 Unidades,in stock,new,83.99 BRL,https://loja.redecentralfarma.com.br/,https://d22vuod48cepji.cloudfront.net/ib.item.image.large/l-f727f4e5d4c945efb7cc9426e0932e4d.jpeg,Bummis
61919,Palito Santa Clara Madeira Ref 249 1Un (F),Palito Santa Clara Madeira Ref 249 1Un (F),in stock,new,2.09 BRL,https://loja.redecentralfarma.com.br/,https://d22vuod48cepji.cloudfront.net/ib.item.image.large/l-3563d2b8e9d54299a356bb154b8c2bf0.png,Santa Clara
101996,Esc Dental Amis Tech Color Macia Lv2 Pg1,Esc Dental Amis Tech Color Macia Lv2 Pg1,in stock,new,11.49 BRL,https://loja.redecentralfarma.com.br/,https://d22vuod48cepji.cloudfront.net/ib.item.image.large/l-89b21ea4e6bd4dee9d219d41d1c085c2.jpeg,Amis
81484,Absorvente com Abas Extra Suave Intimus Tripla Proteção Pacote 32 Unidades,Absorvente com Abas Extra Suave Intimus Tripla Proteção Pacote 32 Unidades,in stock,new,21.29 BRL,https://loja.redecentralfarma.com.br/,https://d22vuod48cepji.cloudfront.net/ib.item.image.large/l-7bf9ee57b64145668607916908a2704b.jpeg,Intimus
114523,Kit Elseve Shampoo 375ml + Condicionador 170ml Collagen Lifter L'oréal Paris,Kit Elseve Shampoo 375ml + Condicionador 170ml Collagen Lifter L'oréal Paris,in stock,new,42.99 BRL,https://loja.redecentralfarma.com.br/,https://d22vuod48cepji.cloudfront.net/ib.item.image.large/l-5aa944a63b53476c8391f8c208b9aaf3.png,Elseve
43547,Absorvente com Abas Noite e Dia Total Protect Suave Sym Pacote 8 Unidades,Absorvente com Abas Noite e Dia Total Protect Suave Sym Pacote 8 Unidades,in stock,new,7.29 BRL,https://loja.redecentralfarma.com.br/,https://d22vuod48cepji.cloudfront.net/ib.item.image.large/l-2fa645a1e23a49ba94ed737bc85d79f7.jpeg,Sym
2414,Antitranspirante Roll-On Powder Dry Rexona 50ml,Antitranspirante Roll-On Powder Dry Rexona 50ml,in stock,new,11.99 BRL,https://loja.redecentralfarma.com.br/,https://d22vuod48cepji.cloudfront.net/ib.item.image.large/l-d7952077440e4d01af829d7ae5d1a448.png,Rexona
67936,Antitranspirante Aerossol Frutas Vermelhas Monange 150ml,Antitranspirante Aerossol Frutas Vermelhas Monange 150ml,in stock,new,11.99 BRL,https://loja.redecentralfarma.com.br/,https://d22vuod48cepji.cloudfront.net/ib.item.image.large/l-bef1bb6547e243a18260963078a7ff5e.jpeg,Monange
76829,Manteiga Cacau Rollon Ziin Ziin (F),Manteiga Cacau Rollon Ziin Ziin (F),in stock,new,7.49 BRL,https://loja.redecentralfarma.com.br/,https://d22vuod48cepji.cloudfront.net/ib.item.image.large/l-7ee7dab02a9b4f7c9194f00b0e507f61.jpeg,Ziin Ziin
85528,Absorvente com Abas Suave Intimus Noturno Pacote 30 Unidades Leve Mais Pague Menos,Absorvente com Abas Suave Intimus Noturno Pacote 30 Unidades Leve Mais Pague Menos,in stock,new,29.99 BRL,https://loja.redecentralfarma.com.br/,https://d22vuod48cepji.cloudfront.net/ib.item.image.large/l-d911dcef91ca43c598521dfa19b3e855.jpeg,Intimus
102241,Esc Dental Amis Tech Media Lv2 Pg1,Esc Dental Amis Tech Media Lv2 Pg1,in stock,new,10.99 BRL,https://loja.redecentralfarma.com.br/,https://d22vuod48cepji.cloudfront.net/ib.item.image.large/l-0d18843b28094e548a91414e66955890.png,Amis
5445,Esmalte Risqué Branco Cremoso Bianco Puríssimo 8ml,Esmalte Risqué Branco Cremoso Bianco Puríssimo 8ml,in stock,new,5.99 BRL,https://loja.redecentralfarma.com.br/,https://d22vuod48cepji.cloudfront.net/ib.item.image.large/l-824d24dc94484df9b930ce6b93375955.jpeg,Risqué
43055,Absorvente Interno Intimus Médio Caixa 8 Unidades,Absorvente Interno Intimus Médio Caixa 8 Unidades,in stock,new,13.49 BRL,https://loja.redecentralfarma.com.br/,https://d22vuod48cepji.cloudfront.net/ib.item.image.large/l-39544f085fcb4678aa5bb578fc6dfa67.jpeg,Intimus
89577,Algodão APOLO Caixa 25g,Algodão APOLO Caixa 25g,in stock,new,3.49 BRL,https://loja.redecentralfarma.com.br/,https://d22vuod48cepji.cloudfront.net/ib.item.image.large/l-3befce5f90df4adfb826e62a208932f1.jpeg,Apolo
93332,Antitranspirante Aerossol Rexona Powder Dry 250ml Spray Leve Mais Pague Menos,Antitranspirante Aerossol Rexona Powder Dry 250ml Spray Leve Mais Pague Menos,in stock,new,25.49 BRL,https://loja.redecentralfarma.com.br/,https://d22vuod48cepji.cloudfront.net/ib.item.image.large/l-0be42106e22143949cf13051b8317c2c.png,Rexona
84419,Lixa De Unha Canario Big 3Un,Lixa De Unha Canario Big 3Un,in stock,new,2.49 BRL,https://loja.redecentralfarma.com.br/,https://d22vuod48cepji.cloudfront.net/ib.item.image.large/l-63e30cbe0c1142cf817656288e0e24a5.png,Big
99587,Escova Dental Dura Condor Plus,Escova Dental Dura Condor Plus,in stock,new,3.99 BRL,https://loja.redecentralfarma.com.br/,https://d22vuod48cepji.cloudfront.net/ib.item.image.large/l-95aeeb895de7458c83282de4c0264e0a.png,Condor
102239,Esc Dental Amis Tech Light Black Macia  2Un,Esc Dental Amis Tech Light Black Macia  2Un,in stock,new,10.99 BRL,https://loja.redecentralfarma.com.br/,https://d22vuod48cepji.cloudfront.net/ib.item.image.large/l-6a2e30a4438147e7959abb0fe0eb40ce.png,Amis
65092,Kit Tintura Creme 1.0 Preto Maxton,Kit Tintura Creme 1.0 Preto Maxton,in stock,new,15.79 BRL,https://loja.redecentralfarma.com.br/,https://d22vuod48cepji.cloudfront.net/ib.item.image.large/l-9c2ff7ff1f0141588697ad25d0edc3e4.jpeg,Maxton
2525,Antitranspirante Aerossol Rexona Men Active Dry 150ml Spray,Antitranspirante Aerossol Rexona Men Active Dry 150ml Spray,in stock,new,17.99 BRL,https://loja.redecentralfarma.com.br/,https://d22vuod48cepji.cloudfront.net/ib.item.image.large/l-d1be4fc55c37489b9e8f0fd68480107a.png,Rexona
4145,Coloração Niely Cor&Ton Castanho Claro 5.0,Coloração Niely Cor&Ton Castanho Claro 5.0,in stock,new,17.99 BRL,https://loja.redecentralfarma.com.br/,https://d22vuod48cepji.cloudfront.net/ib.item.image.large/l-3e6f2de169904fd89c5c729ca91dffad.jpeg,Cor & Ton
4154,Coloração Niely Cor&Ton Chocolate 6.7,Coloração Niely Cor&Ton Chocolate 6.7,in stock,new,17.99 BRL,https://loja.redecentralfarma.com.br/,https://d22vuod48cepji.cloudfront.net/ib.item.image.large/l-9a09405785fa4d1aa1bfa5e3d3a18c1a.jpeg,Cor & Ton
85748,Preservativo Lubrificado Tradicional Blowtex Pacote Leve 9 Pague 6 Unidades,Preservativo Lubrificado Tradicional Blowtex Pacote Leve 9 Pague 6 Unidades,in stock,new,16.99 BRL,https://loja.redecentralfarma.com.br/,https://d22vuod48cepji.cloudfront.net/ib.item.image.large/l-8fc5a3c40f014e4c8d6241c980c061a9.jpeg,Blowtex
89118,Lenco Umed Baby Care Premium  50Un,Lenco Umed Baby Care Premium  50Un,in stock,new,9.99 BRL,https://loja.redecentralfarma.com.br/,https://d22vuod48cepji.cloudfront.net/ib.item.image.large/l-557ef65def164614bc9720643bdcb84a.png,Baby Care Premium
105677,Curativo Bem Care Transparente 10Un,Curativo Bem Care Transparente 10Un,in stock,new,6.49 BRL,https://loja.redecentralfarma.com.br/,https://d22vuod48cepji.cloudfront.net/ib.item.image.large/l-86bc6d751e2544368f9d80413b217077.jpeg,Bem Care
2243,Hastes Flexíveis Johnson & Johnson Cotonetes Caixa 75 Unidades,Hastes Flexíveis Johnson & Johnson Cotonetes Caixa 75 Unidades,in stock,new,7.99 BRL,https://loja.redecentralfarma.com.br/,https://d22vuod48cepji.cloudfront.net/ib.item.image.large/l-e3306cfd68d44d1981249e5e6cf1c8c5.jpeg,Johnson & Johnson
3589,Água Oxigenada Beira Alta 20vol 90ml,Água Oxigenada Beira Alta 20vol 90ml,in stock,new,4.49 BRL,https://loja.redecentralfarma.com.br/,https://d22vuod48cepji.cloudfront.net/ib.item.image.large/l-b02f4964356a4f149c4fa8c20cce1401.png,Beira Alta
54591,Pente Fino Marco Boni Aço Inox P/Piolhos,Pente Fino Marco Boni Aço Inox P/Piolhos,in stock,new,18.49 BRL,https://loja.redecentralfarma.com.br/,https://d22vuod48cepji.cloudfront.net/ib.item.image.large/l-68409e6983c445eca552534cb7cb0f48.jpeg,Marco Boni
92781,Antitranspirante Aerossol Original Dove 250ml Spray Tamanho Econômico,Antitranspirante Aerossol Original Dove 250ml Spray Tamanho Econômico,in stock,new,28.99 BRL,https://loja.redecentralfarma.com.br/,https://d22vuod48cepji.cloudfront.net/ib.item.image.large/l-f2eef0ac0eae4a3eaa98c124be60bbca.png,Dove
95614,Cotonete Bem Care  75Un,Cotonete Bem Care  75Un,in stock,new,6.79 BRL,https://loja.redecentralfarma.com.br/,https://d22vuod48cepji.cloudfront.net/ib.item.image.large/l-87be1dddf69d49de8c8ae397d12580d0.png,Bem Care
62898,Esmalte Cobertura Brilhante Risqué Care Frasco 8ml,Esmalte Cobertura Brilhante Risqué Care Frasco 8ml,in stock,new,5.99 BRL,https://loja.redecentralfarma.com.br/,https://d22vuod48cepji.cloudfront.net/ib.item.image.large/l-f28588a9bd9944cd922461bbb12c1bcd.jpeg,Risqué
2298,Lamina Barbear Wilkinson Descartavel 3x1,Lamina Barbear Wilkinson Descartavel 3x1,in stock,new,2.79 BRL,https://loja.redecentralfarma.com.br/,https://d22vuod48cepji.cloudfront.net/ib.item.image.large/l-e4d32177ff3c47b9aae59f60920715a1.jpeg,Wilkinson
92133,Aparelho Descartável para Depilar Gillette Venus Suave Sensitive 2 Unidades,Aparelho Descartável para Depilar Gillette Venus Suave Sensitive 2 Unidades,in stock,new,18.99 BRL,https://loja.redecentralfarma.com.br/,https://d22vuod48cepji.cloudfront.net/ib.item.image.large/l-fb2df86cb524482f813c7681a502781f.png,Gillette
7525,Pente Fino Santa Clara 406 (F),Pente Fino Santa Clara 406 (F),in stock,new,3.49 BRL,https://loja.redecentralfarma.com.br/,https://d22vuod48cepji.cloudfront.net/ib.item.image.large/l-1bdccd6657e44f7bbb8a420c9e9d61cf.png,Santa Clara
40471,Desodorante Creme Antiperspirante Action Herbíssimo 55g,Desodorante Creme Antiperspirante Action Herbíssimo 55g,in stock,new,8.29 BRL,https://loja.redecentralfarma.com.br/,https://d22vuod48cepji.cloudfront.net/ib.item.image.large/l-e92924e8f4ae437e8c0fb61b5c6be27e.jpeg,Herbíssimo
58712,Desodorante Pó para os Pés Baruel Tenys Pé Original Frasco 100g,Desodorante Pó para os Pés Baruel Tenys Pé Original Frasco 100g,in stock,new,15.29 BRL,https://loja.redecentralfarma.com.br/,https://d22vuod48cepji.cloudfront.net/ib.item.image.large/l-5ae596616e8a460eb3f6faf96f0e6cdb.jpeg,Baruel
83993,Brinco Vivence Pequeno Ouro/Prata,Brinco Vivence Pequeno Ouro/Prata,in stock,new,17.99 BRL,https://loja.redecentralfarma.com.br/,https://d22vuod48cepji.cloudfront.net/ib.item.image.large/l-e3f8647fd688457da221d29fea013ae8.png,Vivence
86762,Creme Dental Menta Original Colgate Tripla Ação Caixa 180g Preço Especial,Creme Dental Menta Original Colgate Tripla Ação Caixa 180g Preço Especial,in stock,new,11.99 BRL,https://loja.redecentralfarma.com.br/,https://d22vuod48cepji.cloudfront.net/ib.item.image.large/l-9e43aa40fe7d44f1ac25fc063e54691a.png,Colgate
94725,Loção Corporal Dermunn de Ureia 10% 150g,Loção Corporal Dermunn de Ureia 10% 150g,in stock,new,22.49 BRL,https://loja.redecentralfarma.com.br/,https://d22vuod48cepji.cloudfront.net/ib.item.image.large/l-9e1e9557af624e2da5c60039fb139e53.png,Dermunn
95665,Algodao Bem Care Bolas 50G,Algodao Bem Care Bolas 50G,in stock,new,6.99 BRL,https://loja.redecentralfarma.com.br/,https://d22vuod48cepji.cloudfront.net/ib.item.image.large/l-db0b88644e344a2fa43745211d3fb823.png,Bem Care
2449,Desodorante Creme Antiperspirante Tradicional Herbíssimo 55g,Desodorante Creme Antiperspirante Tradicional Herbíssimo 55g,in stock,new,8.29 BRL,https://loja.redecentralfarma.com.br/,https://d22vuod48cepji.cloudfront.net/ib.item.image.large/l-2553e01f7bab44fdb9e6ce7dd2737574.jpeg,Herbíssimo
72134,Refrigerante Coca-Cola Lata 350ml,Refrigerante Coca-Cola Lata 350ml,in stock,new,5.99 BRL,https://loja.redecentralfarma.com.br/,https://d22vuod48cepji.cloudfront.net/ib.item.image.large/l-f3aff374caf7407e9dc2d7cdf431bc06.png,Coca-Cola
107707,Kit Seda Ceramidas Shampoo 300ml + Condicionador 190ml,Kit Seda Ceramidas Shampoo 300ml + Condicionador 190ml,in stock,new,21.99 BRL,https://loja.redecentralfarma.com.br/,https://d22vuod48cepji.cloudfront.net/ib.item.image.large/l-db2d9488c0ad4cc2a720cbb48fd85199.png,Seda
110618,Refil Sabonete Líquido Azaleias e Tulipas Bem Care 200ml,Refil Sabonete Líquido Azaleias e Tulipas Bem Care 200ml,in stock,new,4.99 BRL,https://loja.redecentralfarma.com.br/,https://d22vuod48cepji.cloudfront.net/ib.item.image.large/l-670a7fdeb12d4eeb9c69b029d3136c73.webp,Bem Care
112036,Chocolate Wafer Trento Massimo 25g,Chocolate Wafer Trento Massimo 25g,in stock,new,3.99 BRL,https://loja.redecentralfarma.com.br/,https://d22vuod48cepji.cloudfront.net/ib.item.image.large/l-d70e0db4418245318bcd409946347d4a.webp,Trento
46948,Removedor De Esmalte Beira Alta 450Ml,Removedor De Esmalte Beira Alta 450Ml,in stock,new,17.49 BRL,https://loja.redecentralfarma.com.br/,https://d22vuod48cepji.cloudfront.net/ib.item.image.large/l-04341de6982841098a029a3306913bb4.jpeg,Beira Alta
59051,Absorvente com Abas Seca Intimus Tripla Proteção Pacote Leve 16 Pague 14 Unidades,Absorvente com Abas Seca Intimus Tripla Proteção Pacote Leve 16 Pague 14 Unidades,in stock,new,11.99 BRL,https://loja.redecentralfarma.com.br/,https://d22vuod48cepji.cloudfront.net/ib.item.image.large/l-f4dcd8b2548c4db2a6a7855a032883b8.jpeg,Intimus
73271,Creme de Tratamento e Pentear Skala Expert #MaisCachos Pote 1000g,Creme de Tratamento e Pentear Skala Expert #MaisCachos Pote 1000g,in stock,new,13.99 BRL,https://loja.redecentralfarma.com.br/,https://d22vuod48cepji.cloudfront.net/ib.item.image.large/l-bbcc1ec73f7348d68ff03ef3d016b8e6.jpeg,Skala
95618,Algodao Bem Care 25G,Algodao Bem Care 25G,in stock,new,4.29 BRL,https://loja.redecentralfarma.com.br/,https://d22vuod48cepji.cloudfront.net/ib.item.image.large/l-3d156509ab9c4b599be9336e4e46081e.png,Bem Care
103917,Pinça Depilatória Merheje Com 2 un,Pinça Depilatória Merheje Com 2 un,in stock,new,6.49 BRL,https://loja.redecentralfarma.com.br/,https://d22vuod48cepji.cloudfront.net/ib.item.image.large/l-b254e2b230174f588e98e0ccddd152f3.jpeg,Merheje
110671,Lenço Umedecido Personalidade Baby 100 und.,Lenço Umedecido Personalidade Baby 100 und.,in stock,new,19.99 BRL,https://loja.redecentralfarma.com.br/,https://d22vuod48cepji.cloudfront.net/ib.item.image.large/l-e02a9a7ba2b248e9bce1fe95e439b06e.jpeg,Personalidade
2813,Teste de Diabetes Rápido 1 Unidade,Teste de Diabetes Rápido 1 Unidade,in stock,new,9.90 BRL,https://loja.redecentralfarma.com.br/,https://d22vuod48cepji.cloudfront.net/ib.item.image.large/l-4c8e8d0fb51249fda577ad8e80caf274.png,
62181,"Esmalte Impala Perolado Sonho 7,5ml","Esmalte Impala Perolado Sonho 7,5ml",in stock,new,5.99 BRL,https://loja.redecentralfarma.com.br/,https://d22vuod48cepji.cloudfront.net/ib.item.image.large/l-d5c30071573740da87ee01944128e3d4.png,Impala
67595,Acetona Lutex 100Ml,Acetona Lutex 100Ml,in stock,new,15.29 BRL,https://loja.redecentralfarma.com.br/,https://d22vuod48cepji.cloudfront.net/ib.item.image.large/l-ab8edef24460476bb82010981a893b7b.png,Lutex
71559,Agua Mineral C/Gas Devito 500Ml,Agua Mineral C/Gas Devito 500Ml,in stock,new,4.29 BRL,https://loja.redecentralfarma.com.br/,https://d22vuod48cepji.cloudfront.net/ib.item.image.large/l-7599880c2054443383df4080d95208a1.png,Devito
88449,Aparelho Descartável para Barbear Gillette Prestobarba3 Sensitive 4 Unidades Pague Menos,Aparelho Descartável para Barbear Gillette Prestobarba3 Sensitive 4 Unidades Pague Menos,in stock,new,33.49 BRL,https://loja.redecentralfarma.com.br/,https://d22vuod48cepji.cloudfront.net/ib.item.image.large/l-ecbb414eafd647729c849cb2e51b1bb8.png,Gillette
94084,Loção Corporal Deo-Hidratante Flor de Baunilha Paixão Frasco 200ml,Loção Corporal Deo-Hidratante Flor de Baunilha Paixão Frasco 200ml,in stock,new,11.99 BRL,https://loja.redecentralfarma.com.br/,https://d22vuod48cepji.cloudfront.net/ib.item.image.large/l-af2d3859e97b49acb0939148ca733773.jpeg,Paixão
96549,Curativo Bem Care Extra Grande 8Un,Curativo Bem Care Extra Grande 8Un,in stock,new,19.99 BRL,https://loja.redecentralfarma.com.br/,https://d22vuod48cepji.cloudfront.net/ib.item.image.large/l-2a558b69e44f4445878ba57718126a44.png,Bem Care
108414,Desodorante em Creme Herbíssimo Rosa Mosqueta e Niacinamida 55g,Desodorante em Creme Herbíssimo Rosa Mosqueta e Niacinamida 55g,in stock,new,14.99 BRL,https://loja.redecentralfarma.com.br/,https://d22vuod48cepji.cloudfront.net/ib.item.image.large/l-c05282ca48494e81bac216d36db6369d.png,Herbíssimo
110094,Escova Dental Infantil Puradent Azul Kids Protection 1 Unidade,Escova Dental Infantil Puradent Azul Kids Protection 1 Unidade,in stock,new,7.49 BRL,https://loja.redecentralfarma.com.br/,https://d22vuod48cepji.cloudfront.net/ib.item.image.large/l-b234fd45c89a456e9d30a26126dda39f.webp,Puradent
115268,Fralda Bem Care Adulta Pants Tamanho P/M Pacote com 16 Unidades,Fralda Bem Care Adulta Pants Tamanho P/M Pacote com 16 Unidades,in stock,new,48.29 BRL,https://loja.redecentralfarma.com.br/,https://d22vuod48cepji.cloudfront.net/ib.item.image.large/l-bdba2b37e3cf4c4e915620a729454a29.png,Bem Care
5396,Sabonete Infantil Barra Hidratação Suave Óleo de Amêndoas Pom Pom Caixa 70g,Sabonete Infantil Barra Hidratação Suave Óleo de Amêndoas Pom Pom Caixa 70g,in stock,new,4.29 BRL,https://loja.redecentralfarma.com.br/,https://d22vuod48cepji.cloudfront.net/ib.item.image.large/l-19f4af4b785a4720ad5c0eb01579124f.jpeg,Pom Pom
8199,Antitranspirante Roll-On V8 Rexona Men 50ml,Antitranspirante Roll-On V8 Rexona Men 50ml,in stock,new,11.99 BRL,https://loja.redecentralfarma.com.br/,https://d22vuod48cepji.cloudfront.net/ib.item.image.large/l-62e592954ca64a1589a0038fd3253b20.png,Rexona
95611,Curativo Bem Care Bege 10Un,Curativo Bem Care Bege 10Un,in stock,new,6.49 BRL,https://loja.redecentralfarma.com.br/,https://d22vuod48cepji.cloudfront.net/ib.item.image.large/l-7191685912bb42fb98b4f17869f036a1.png,Bem Care
98962,Fralda Baby Care Jumbinho Xxg 16Un,Fralda Baby Care Jumbinho Xxg 16Un,in stock,new,17.29 BRL,https://loja.redecentralfarma.com.br/,https://d22vuod48cepji.cloudfront.net/ib.item.image.large/l-fb55da83f5e94a4696624edf40a5e5fd.png,Baby Care
102794,Antitranspirante Creme Classic Rexona Clinical 58g,Antitranspirante Creme Classic Rexona Clinical 58g,in stock,new,32.99 BRL,https://loja.redecentralfarma.com.br/,https://d22vuod48cepji.cloudfront.net/ib.item.image.large/l-acd1eb242c3d476baef8c90c1371922f.jpeg,Rexona Clinical
107839,Reparador de Pontas Amend Gold Black Nutritive Frasco 30g,Reparador de Pontas Amend Gold Black Nutritive Frasco 30g,in stock,new,16.99 BRL,https://loja.redecentralfarma.com.br/,https://d22vuod48cepji.cloudfront.net/ib.item.image.large/l-0216a753bbc141fd960505250db902d2.jpeg,Amend
54923,Creme Dental Hortelã Colgate Tripla Ação Caixa 90g,Creme Dental Hortelã Colgate Tripla Ação Caixa 90g,in stock,new,7.49 BRL,https://loja.redecentralfarma.com.br/,https://d22vuod48cepji.cloudfront.net/ib.item.image.large/l-6891c81012c346a19bf2cc43ce19a208.jpeg,Colgate
90298,Removedor de Esmalte Aromatizado Uva Farmax Frasco 100ml,Removedor de Esmalte Aromatizado Uva Farmax Frasco 100ml,in stock,new,7.99 BRL,https://loja.redecentralfarma.com.br/,https://d22vuod48cepji.cloudfront.net/ib.item.image.large/l-4aca905597344eb3842704285bd5361b.jpeg,Farmax
98570,Alcool 70% Rioquimica  30Ml,Alcool 70% Rioquimica  30Ml,in stock,new,4.49 BRL,https://loja.redecentralfarma.com.br/,https://d22vuod48cepji.cloudfront.net/ib.item.image.large/l-73127caa378d414aa0ea1897d259e812.png,Rioquímica
5033,Kit Tintura Creme 1.7 Preto Azulado Maxton,Kit Tintura Creme 1.7 Preto Azulado Maxton,in stock,new,15.79 BRL,https://loja.redecentralfarma.com.br/,https://d22vuod48cepji.cloudfront.net/ib.item.image.large/l-7599f24f1c654128a472aa8e0404ca10.jpeg,Maxton
61899,Alicate de Unha Mundial Style Personal Care Kit Cuidado Pessoal + Espátula,Alicate de Unha Mundial Style Personal Care Kit Cuidado Pessoal + Espátula,in stock,new,16.49 BRL,https://loja.redecentralfarma.com.br/,https://d22vuod48cepji.cloudfront.net/ib.item.image.large/l-78ce39a82d774b9ca7c2791505809ae3.jpeg,Mundial
98923,Fralda Baby Care Jumbinho G 20Un,Fralda Baby Care Jumbinho G 20Un,in stock,new,17.29 BRL,https://loja.redecentralfarma.com.br/,https://d22vuod48cepji.cloudfront.net/ib.item.image.large/l-0bc87c348cf04f8daf1f178475c3740b.png,Baby Care
99586,Salon Line Creme De Pentear Definição natural 1 Kg,Salon Line Creme De Pentear Definição natural 1 Kg,in stock,new,40.49 BRL,https://loja.redecentralfarma.com.br/,https://d22vuod48cepji.cloudfront.net/ib.item.image.large/l-0c23dd0dc8e24568ac0fca16e326fe18.png,Salon Line
108437,Álcool 70% Rioquímica 100ml,Álcool 70% Rioquímica 100ml,in stock,new,6.99 BRL,https://loja.redecentralfarma.com.br/,https://d22vuod48cepji.cloudfront.net/ib.item.image.large/l-9552a75a0a454662ac30f351a4585138.webp,Rioquimica
2892,Fixador Fixodent Original 21G,Fixador Fixodent Original 21G,in stock,new,38.99 BRL,https://loja.redecentralfarma.com.br/,https://d22vuod48cepji.cloudfront.net/ib.item.image.large/l-055ff9c0645545ae935914e04b0b769a.png,Fixodent
3775,Absorvente com Abas Suave Intimus Noturno Pacote 8 Unidades,Absorvente com Abas Suave Intimus Noturno Pacote 8 Unidades,in stock,new,10.99 BRL,https://loja.redecentralfarma.com.br/,https://d22vuod48cepji.cloudfront.net/ib.item.image.large/l-6634c02e2a76409dad46f3781b976ca6.jpeg,Intimus
5152,Absorvente com Abas Suave Sempre Livre Adapt Pacote 8 Unidades,Absorvente com Abas Suave Sempre Livre Adapt Pacote 8 Unidades,in stock,new,7.99 BRL,https://loja.redecentralfarma.com.br/,https://d22vuod48cepji.cloudfront.net/ib.item.image.large/l-0a8d019824284fd4ae445b484dc4cc23.png,Sempre Livre
43421,Aparelho Prestobarba Ultragrip 2 Unidades,Aparelho Prestobarba Ultragrip 2 Unidades,in stock,new,9.99 BRL,https://loja.redecentralfarma.com.br/,https://d22vuod48cepji.cloudfront.net/ib.item.image.large/l-ad1c67d4327741a98bd702646a9c6c02.png,Gillette
83065,Desodorante para os Pés Tenys Pé Original 100g,Desodorante para os Pés Tenys Pé Original 100g,in stock,new,23.99 BRL,https://loja.redecentralfarma.com.br/,https://d22vuod48cepji.cloudfront.net/ib.item.image.large/l-b4b5057c674845fdbc92a71fe379f834.jpg,Tenys
98961,Fralda Baby Care Jumbinho P 24Un,Fralda Baby Care Jumbinho P 24Un,in stock,new,17.29 BRL,https://loja.redecentralfarma.com.br/,https://d22vuod48cepji.cloudfront.net/ib.item.image.large/l-6a8f33b100e04a5e9c50338fd5e8a133.jpeg,Baby Care
104665,Esm Sos Unhas Top Beauty Concreto,Esm Sos Unhas Top Beauty Concreto,in stock,new,10.29 BRL,https://loja.redecentralfarma.com.br/,https://d22vuod48cepji.cloudfront.net/ib.item.image.large/l-a4828e260ccc4147a0253c1a7c4b98ad.png,SOS Unhas
113773,Fralda Vitaplus Senior Econômica G 20 Unidades,Fralda Vitaplus Senior Econômica G 20 Unidades,in stock,new,40.99 BRL,https://loja.redecentralfarma.com.br/,https://d22vuod48cepji.cloudfront.net/ib.item.image.large/l-237608ae81ab4c8192b7900247114953.webp,Vitaplus
114111,Fralda Capricho Baby Jumbinho G 18 Unidades,Fralda Capricho Baby Jumbinho G 18 Unidades,in stock,new,20.49 BRL,https://loja.redecentralfarma.com.br/,https://d22vuod48cepji.cloudfront.net/ib.item.image.large/l-3edf46c261a34b7bad83b94da092c128.webp,Capricho
50821,Deo-Hidratante  Nivea Milk Frasco 400ml,Deo-Hidratante  Nivea Milk Frasco 400ml,in stock,new,26.49 BRL,https://loja.redecentralfarma.com.br/,https://d22vuod48cepji.cloudfront.net/ib.item.image.large/l-5faad1de62994ffdbd97bfdb484d9493.png,Nivea
101866,Permanganato De Potássio Cartela 10 Comprimidos,Permanganato De Potássio Cartela 10 Comprimidos,in stock,new,6.29 BRL,https://loja.redecentralfarma.com.br/,https://d22vuod48cepji.cloudfront.net/ib.item.image.large/l-6d15fc6f4fd74d088fa2b56dbfbeccba.png,Rioquímica
107404,Oleo De Coco Copra Extra Virgem 30Ml,Oleo De Coco Copra Extra Virgem 30Ml,in stock,new,9.99 BRL,https://loja.redecentralfarma.com.br/,https://d22vuod48cepji.cloudfront.net/ib.item.image.large/l-00156a201e924b04820ef70a383a05aa.jpeg,Copra
113181,Removedor de Esmalte Acemar 100ML,Removedor de Esmalte Acemar 100ML,in stock,new,6.49 BRL,https://loja.redecentralfarma.com.br/,https://d22vuod48cepji.cloudfront.net/ib.item.image.large/l-81cc03b6417746f38a42e41cf9bce339.jpg,Acemar
85110,Kit Bem Care Sab Intimo Lv2 Pg1 200+200Ml Gratis,Kit Bem Care Sab Intimo Lv2 Pg1 200+200Ml Gratis,in stock,new,24.49 BRL,https://loja.redecentralfarma.com.br/,https://d22vuod48cepji.cloudfront.net/ib.item.image.large/l-2347e64f61244414b56692ebee801b97.jpeg,Bem Care
91427,Esm Impala Base Forca Extrema,Esm Impala Base Forca Extrema,in stock,new,7.79 BRL,https://loja.redecentralfarma.com.br/,https://d22vuod48cepji.cloudfront.net/ib.item.image.large/l-2ae01f1155f0463b922234ed5f13f92e.png,impala
109163,Sabonete Barra Sulfuroso Granado Caixa 90g,Sabonete Barra Sulfuroso Granado Caixa 90g,in stock,new,10.79 BRL,https://loja.redecentralfarma.com.br/,https://d22vuod48cepji.cloudfront.net/ib.item.image.large/l-2e7b1e0b154d4169968359393b649563.jpeg,Granado
110939,Absorvente com Abas Total Protect Seca Sym Pacote 8 Unidades,Absorvente com Abas Total Protect Seca Sym Pacote 8 Unidades,in stock,new,4.99 BRL,https://loja.redecentralfarma.com.br/,https://d22vuod48cepji.cloudfront.net/ib.item.image.large/l-e87f417febe54cdfa76ddc41095592ce.jpeg,Sym
112169,Desodorante Creme Antiperspirante Vanilla Herbíssimo 55g,Desodorante Creme Antiperspirante Vanilla Herbíssimo 55g,in stock,new,8.29 BRL,https://loja.redecentralfarma.com.br/,https://d22vuod48cepji.cloudfront.net/ib.item.image.large/l-06c2bd5b1ab04f10b933382c38f9900c.jpeg,Herbíssimo
4466,Ampola SKAFE Crescimento e Fortalecimento 10ml,Ampola SKAFE Crescimento e Fortalecimento 10ml,in stock,new,3.99 BRL,https://loja.redecentralfarma.com.br/,https://d22vuod48cepji.cloudfront.net/ib.item.image.large/l-5e76a972a36f420197b3024b2e3bc283.jpeg,Skafe
67020,Gel Lubrificante Íntimo K-Med Bisnaga 100g,Gel Lubrificante Íntimo K-Med Bisnaga 100g,in stock,new,23.99 BRL,https://loja.redecentralfarma.com.br/,https://d22vuod48cepji.cloudfront.net/ib.item.image.large/l-d01fa1ff052544639f7a2feaca59d63e.jpeg,K-Med
81432,Óleo Deo Corporal Tentadora Paixão Frasco 100ml,Óleo Deo Corporal Tentadora Paixão Frasco 100ml,in stock,new,14.99 BRL,https://loja.redecentralfarma.com.br/,https://d22vuod48cepji.cloudfront.net/ib.item.image.large/l-e89561021c5943de8a084763f7384b4e.jpeg,Paixão
115752,Sabonete Barra de Glicerina Gardênia e Óleo de Amêndoas Lux Botanicals Envoltório 85g,Sabonete Barra de Glicerina Gardênia e Óleo de Amêndoas Lux Botanicals Envoltório 85g,in stock,new,3.49 BRL,https://loja.redecentralfarma.com.br/,https://d22vuod48cepji.cloudfront.net/ib.item.image.large/l-fcc3601c7ce24b55b0c042e87f2b4a2c.png,Lux
2489,Gel Dental Ice Closeup Liquifresh Frasco 100g,Gel Dental Ice Closeup Liquifresh Frasco 100g,in stock,new,7.49 BRL,https://loja.redecentralfarma.com.br/,https://d22vuod48cepji.cloudfront.net/ib.item.image.large/l-f4b7f721231b47a99b8c246310c8655e.png,Closeup
2501,Creme para Pentear Seda Cachos Definidos Frasco 300ml,Creme para Pentear Seda Cachos Definidos Frasco 300ml,in stock,new,12.79 BRL,https://loja.redecentralfarma.com.br/,https://d22vuod48cepji.cloudfront.net/ib.item.image.large/l-c91c77d0707b4d11b653245f8102b825.png,Seda
105654,Antitranspirante Creme Sérum Dove Previne Escurecimento 50g,Antitranspirante Creme Sérum Dove Previne Escurecimento 50g,in stock,new,18.29 BRL,https://loja.redecentralfarma.com.br/,https://d22vuod48cepji.cloudfront.net/ib.item.image.large/l-ee2800c4324b43dd89068cf3fe0a8678.png,Dove
3633,Isotônico Morango e Maracujá Gatorade Garrafa 500ml,Isotônico Morango e Maracujá Gatorade Garrafa 500ml,in stock,new,8.99 BRL,https://loja.redecentralfarma.com.br/,https://d22vuod48cepji.cloudfront.net/ib.item.image.large/l-62af2cfe00d84d45a7c4581daf4e153c.jpeg,Gatorade
5376,Creme com Babosa e D-Pantenol Yamá Yamasterol Frasco 200g,Creme com Babosa e D-Pantenol Yamá Yamasterol Frasco 200g,in stock,new,8.99 BRL,https://loja.redecentralfarma.com.br/,https://d22vuod48cepji.cloudfront.net/ib.item.image.large/l-cc9cb70634604d02911108e1b0114e0c.jpeg,Yamá
20039,Esmalte Impala Cremoso Preto,Esmalte Impala Cremoso Preto,in stock,new,5.99 BRL,https://loja.redecentralfarma.com.br/,https://d22vuod48cepji.cloudfront.net/ib.item.image.large/l-670d1661f2664315a3c4db748082d8f9.png,Impala
47145,Antitranspirante Aerossol Rexona Men Invisible 150ml Spray,Antitranspirante Aerossol Rexona Men Invisible 150ml Spray,in stock,new,17.99 BRL,https://loja.redecentralfarma.com.br/,https://d22vuod48cepji.cloudfront.net/ib.item.image.large/l-c05934f0af24486b9601379be47f35e2.png,Rexona
53634,Absorvente com Abas Suave Sempre Livre Adapt Pacote 16 Unidades Leve Mais Pague Menos,Absorvente com Abas Suave Sempre Livre Adapt Pacote 16 Unidades Leve Mais Pague Menos,in stock,new,13.99 BRL,https://loja.redecentralfarma.com.br/,https://d22vuod48cepji.cloudfront.net/ib.item.image.large/l-ccd574377dc4401ea0f12159251a5c23.png,Sempre Livre
67010,Absorvente com Abas Seca Always G Pacote 16 Unidades Grátis 2 Unidades,Absorvente com Abas Seca Always G Pacote 16 Unidades Grátis 2 Unidades,in stock,new,20.99 BRL,https://loja.redecentralfarma.com.br/,https://d22vuod48cepji.cloudfront.net/ib.item.image.large/l-fdba813f8f9d4784937543b790a50daf.png,Always
74653,Esmalte Efeito Metálico Glitter As Mil Purpurina 8ml Risque,Esmalte Efeito Metálico Glitter As Mil Purpurina 8ml Risque,in stock,new,5.99 BRL,https://loja.redecentralfarma.com.br/,https://d22vuod48cepji.cloudfront.net/ib.item.image.large/l-8a6183cbe2f045a3b2a47455dcaf8219.jpeg,Mil
85529,Absorvente com Abas Seca Intimus Noturno Pacote 30 Unidades Leve Mais Pague Menos,Absorvente com Abas Seca Intimus Noturno Pacote 30 Unidades Leve Mais Pague Menos,in stock,new,29.99 BRL,https://loja.redecentralfarma.com.br/,https://d22vuod48cepji.cloudfront.net/ib.item.image.large/l-29b0e07267e746cabbf2b78f3cb4f820.jpeg,Intimus
86855,Arnica Bem Care Gel Massageador 240G,Arnica Bem Care Gel Massageador 240G,in stock,new,24.99 BRL,https://loja.redecentralfarma.com.br/,https://d22vuod48cepji.cloudfront.net/ib.item.image.large/l-fa77c7bcb8e9478c93b1d3285fca7f47.png,Bem Care
94730,Sab Dermunn Gel Facial 120G,Sab Dermunn Gel Facial 120G,in stock,new,17.49 BRL,https://loja.redecentralfarma.com.br/,https://d22vuod48cepji.cloudfront.net/ib.item.image.large/l-d634689770884c809d49d53d76ffe91d.jpeg,Dermunn
101964,Absorvente Always Proteção Total Suave com Abas Tamanho G 32 Unidades,Absorvente Always Proteção Total Suave com Abas Tamanho G 32 Unidades,in stock,new,33.49 BRL,https://loja.redecentralfarma.com.br/,https://d22vuod48cepji.cloudfront.net/ib.item.image.large/l-40e786ecd30644818dda668607234fa2.jpg,Always
102238,Esc Dental Amis Tech Family Protect Macia Lv3 Pg2,Esc Dental Amis Tech Family Protect Macia Lv3 Pg2,in stock,new,15.49 BRL,https://loja.redecentralfarma.com.br/,https://d22vuod48cepji.cloudfront.net/ib.item.image.large/l-42450678bde44f578e2a6bfae1794843.png,Amis
103048,Fralda Babysec Ultrasec Galinha Pintadinha Mega Tamanho XG 30 Unidades,Fralda Babysec Ultrasec Galinha Pintadinha Mega Tamanho XG 30 Unidades,in stock,new,46.99 BRL,https://loja.redecentralfarma.com.br/,https://d22vuod48cepji.cloudfront.net/ib.item.image.large/l-8b2ba3a5bb064c438c445c8b55ff7234.png,Babysec
114200,Chocolate Alpino Nestlé 80g,Chocolate Alpino Nestlé 80g,in stock,new,11.99 BRL,https://loja.redecentralfarma.com.br/,https://d22vuod48cepji.cloudfront.net/ib.item.image.large/l-523f2c8e63a146d29d38f160b26b5f97.png,Nestlé
52166,Óleo de Amêndoa com Colágeno Muriel Frasco 100ml,Óleo de Amêndoa com Colágeno Muriel Frasco 100ml,in stock,new,14.99 BRL,https://loja.redecentralfarma.com.br/,https://d22vuod48cepji.cloudfront.net/ib.item.image.large/l-092dae0be84e4fd6ac6b065d241ad88d.jpeg,Muriel
81510,Fralda Baby Care Super Econ M 70Un,Fralda Baby Care Super Econ M 70Un,in stock,new,51.99 BRL,https://loja.redecentralfarma.com.br/,https://d22vuod48cepji.cloudfront.net/ib.item.image.large/l-a684e49ec2e74f6a9520d01a6d6f4a07.png,Baby Care
91665,Óleo de Coco KERATEX Ricino 6ml,Óleo de Coco KERATEX Ricino 6ml,in stock,new,11.99 BRL,https://loja.redecentralfarma.com.br/,https://d22vuod48cepji.cloudfront.net/ib.item.image.large/l-57c8f13c20d044c48925e98cb157ba94.png,Karatex
114197,Bombom Chokito Pacote 32g,Bombom Chokito Pacote 32g,in stock,new,5.49 BRL,https://loja.redecentralfarma.com.br/,https://d22vuod48cepji.cloudfront.net/ib.item.image.large/l-3dd4162495d3492aa5e98a299b9f8cf1.png,Chokito
115769,Compressa Gaze Não Aderente Bem Care 10 Unidades,Compressa Gaze Não Aderente Bem Care 10 Unidades,in stock,new,3.99 BRL,https://loja.redecentralfarma.com.br/,https://d22vuod48cepji.cloudfront.net/ib.item.image.large/l-62fcf28ce485468789b60177a8a92420.webp,Bem Care
2258,Gel Dental Infantil com Flúor Uvaventura Colgate Tandy Caixa 50g,Gel Dental Infantil com Flúor Uvaventura Colgate Tandy Caixa 50g,in stock,new,11.49 BRL,https://loja.redecentralfarma.com.br/,https://d22vuod48cepji.cloudfront.net/ib.item.image.large/l-d27caf6a53724debb439a1ab3f9ad1d0.png,Colgate
2446,Shampoo Seda Brilho Ceramidas Frasco 325ml,Shampoo Seda Brilho Ceramidas Frasco 325ml,in stock,new,15.49 BRL,https://loja.redecentralfarma.com.br/,https://d22vuod48cepji.cloudfront.net/ib.item.image.large/l-579f36f2e41d405f974344e942dc6acc.png,Seda
2963,Shampoo Chá Verde e Cítricos Seda Frasco 325ml,Shampoo Chá Verde e Cítricos Seda Frasco 325ml,in stock,new,15.49 BRL,https://loja.redecentralfarma.com.br/,https://d22vuod48cepji.cloudfront.net/ib.item.image.large/l-888457c3f00844bc992be5c0fd18d4e3.png,Seda
42980,Aparelho Descartável para Depilar Gillette Prestobarba3 2 Unidades,Aparelho Descartável para Depilar Gillette Prestobarba3 2 Unidades,in stock,new,23.99 BRL,https://loja.redecentralfarma.com.br/,https://d22vuod48cepji.cloudfront.net/ib.item.image.large/l-af28e36131c54be2ba651a859585b7db.png,Gillette
62539,Absorvente Interno Intimus Super Caixa Leve 16 Pague 15 Unidades,Absorvente Interno Intimus Super Caixa Leve 16 Pague 15 Unidades,in stock,new,23.49 BRL,https://loja.redecentralfarma.com.br/,https://d22vuod48cepji.cloudfront.net/ib.item.image.large/l-3fa8dd0ae77f49bda68222f080c9c832.jpeg,Intimus
90848,Desodorante Aerossol Dry Bozzano 150ml,Desodorante Aerossol Dry Bozzano 150ml,in stock,new,12.49 BRL,https://loja.redecentralfarma.com.br/,https://d22vuod48cepji.cloudfront.net/ib.item.image.large/l-43a1a6fd5f3f4117a887ebada863a944.jpeg,Bozzano
102594,Kit Coloração Creme 1.7+ Preto Azulado Especial Niely Cor&Ton,Kit Coloração Creme 1.7+ Preto Azulado Especial Niely Cor&Ton,in stock,new,22.99 BRL,https://loja.redecentralfarma.com.br/,https://d22vuod48cepji.cloudfront.net/ib.item.image.large/l-41ed5534b8004d80b2e176860b359115.jpeg,Niely
104758,Aparelho Descartável para Depilar Gillette Venus 2 Unidades,Aparelho Descartável para Depilar Gillette Venus 2 Unidades,in stock,new,21.49 BRL,https://loja.redecentralfarma.com.br/,https://d22vuod48cepji.cloudfront.net/ib.item.image.large/l-b6ab7ea36fdb4c0999f3ea47532e3b43.png,Gillette
108613,Sab Liq Baby Care Glicerinado 500Ml,Sab Liq Baby Care Glicerinado 500Ml,in stock,new,28.99 BRL,https://loja.redecentralfarma.com.br/,https://d22vuod48cepji.cloudfront.net/ib.item.image.large/l-23f28d84c69c47148a83219b0bc8a858.jpeg,Baby Care
110578,Fralda Baby Care Premium Hiper XG 58 Unidades,Fralda Baby Care Premium Hiper XG 58 Unidades,in stock,new,75.49 BRL,https://loja.redecentralfarma.com.br/,https://d22vuod48cepji.cloudfront.net/ib.item.image.large/l-f3711bd7799f4f8ea4b820897b1fd15c.webp,Baby Care
114184,Soro Fisiológico 0.9% ADV 100ml,Soro Fisiológico 0.9% ADV 100ml,in stock,new,5.49 BRL,https://loja.redecentralfarma.com.br/,https://d22vuod48cepji.cloudfront.net/ib.item.image.large/l-4be05adda90c4af4bb6cf75c55d78531.webp,ADV farma
108602,Esmalte Secante Express Risqué Care Frasco 8ml,Esmalte Secante Express Risqué Care Frasco 8ml,in stock,new,9.79 BRL,https://loja.redecentralfarma.com.br/,https://d22vuod48cepji.cloudfront.net/ib.item.image.large/l-0267ba1fcec84f7fab6618cc05fbb960.jpeg,Risqué
2310,Desodorante Corporal Iogurte com Aveia Monange Hidratação Essencial Frasco 200ml,Desodorante Corporal Iogurte com Aveia Monange Hidratação Essencial Frasco 200ml,in stock,new,12.29 BRL,https://loja.redecentralfarma.com.br/,https://d22vuod48cepji.cloudfront.net/ib.item.image.large/l-2f534b780d0a45e49236db76831d6b51.jpeg,Monange
3500,Escova Dental Média Colgate Classic Clean,Escova Dental Média Colgate Classic Clean,in stock,new,6.49 BRL,https://loja.redecentralfarma.com.br/,https://d22vuod48cepji.cloudfront.net/ib.item.image.large/l-667169dc715b46acb37707b2e0eb2935.png,Colgate
81524,Fio Dental HILLO Extra Fino 100m,Fio Dental HILLO Extra Fino 100m,in stock,new,7.99 BRL,https://loja.redecentralfarma.com.br/,https://d22vuod48cepji.cloudfront.net/ib.item.image.large/l-9e84f775787b4417ac82bd6bb1a4f0a7.jpeg,Hillo
101439,Mamadeira Kit Star 239,Mamadeira Kit Star 239,in stock,new,11.49 BRL,https://loja.redecentralfarma.com.br/,https://d22vuod48cepji.cloudfront.net/ib.item.image.large/l-35ea85e2239f4ed2b689b9cfbd58e499.jpeg,Kit Star
112498,Gel Dental Close Up Liquida Carvao Ativado 100G,Gel Dental Close Up Liquida Carvao Ativado 100G,in stock,new,7.49 BRL,https://loja.redecentralfarma.com.br/,https://d22vuod48cepji.cloudfront.net/ib.item.image.large/l-c6f2e8215bec4a5da58b29fad9a64ad6.jpg,Close Up
2613,Desodorante Creme Antiperspirante Sensitive Herbíssimo 55g,Desodorante Creme Antiperspirante Sensitive Herbíssimo 55g,in stock,new,8.29 BRL,https://loja.redecentralfarma.com.br/,https://d22vuod48cepji.cloudfront.net/ib.item.image.large/l-78f24374e27141348fcc7e1f8e9f235d.jpeg,Herbíssimo
4153,Coloração Niely Cor&Ton Castanho Médio 4.0,Coloração Niely Cor&Ton Castanho Médio 4.0,in stock,new,17.99 BRL,https://loja.redecentralfarma.com.br/,https://d22vuod48cepji.cloudfront.net/ib.item.image.large/l-41a0d00f42f54060abf7b5a2b935655a.jpeg,Cor & Ton
72286,Antitranspirante Aerossol Invisível Monange 150ml,Antitranspirante Aerossol Invisível Monange 150ml,in stock,new,11.99 BRL,https://loja.redecentralfarma.com.br/,https://d22vuod48cepji.cloudfront.net/ib.item.image.large/l-c1a4c9f423534ca48522b35ec1574eb4.jpeg,Monange
83051,"Esmalte Óleo Secante Impala Tratamento 7,5ml","Esmalte Óleo Secante Impala Tratamento 7,5ml",in stock,new,5.99 BRL,https://loja.redecentralfarma.com.br/,https://d22vuod48cepji.cloudfront.net/ib.item.image.large/l-6f4a959fbc0543b5821e0c21d8525bae.jpeg,Impala
91763,Máscara de Hidratação SALON LINE Matizadora #todecacho Vermelhão do Poder - 500g,Máscara de Hidratação SALON LINE Matizadora #todecacho Vermelhão do Poder - 500g,in stock,new,40.79 BRL,https://loja.redecentralfarma.com.br/,https://d22vuod48cepji.cloudfront.net/ib.item.image.large/l-c3693d8c6c734357b6a2ff3069ba8017.jpeg,Salon Line
102596,Kit Coloração Creme 3.0 Castanho Escuro Niely Cor&Ton,Kit Coloração Creme 3.0 Castanho Escuro Niely Cor&Ton,in stock,new,22.99 BRL,https://loja.redecentralfarma.com.br/,https://d22vuod48cepji.cloudfront.net/ib.item.image.large/l-dbc0a53956f54a3db4493a1b657fbcb8.jpeg,Niely
103918,Palito Unha Merheje 6Un,Palito Unha Merheje 6Un,in stock,new,3.99 BRL,https://loja.redecentralfarma.com.br/,https://d22vuod48cepji.cloudfront.net/ib.item.image.large/l-e420b4db983f4a03a0942faa7af7b30e.jpeg,Merheje
110579,Fralda Baby Care Premium Hiper XXG 54 Unidades,Fralda Baby Care Premium Hiper XXG 54 Unidades,in stock,new,75.49 BRL,https://loja.redecentralfarma.com.br/,https://d22vuod48cepji.cloudfront.net/ib.item.image.large/l-abe174588a9c43a8acc5632a92d44130.webp,Baby Care
114123,Kit Dove Hidratação + Hialuron-VIT Shampoo 350ml + Condicionador 175ml,Kit Dove Hidratação + Hialuron-VIT Shampoo 350ml + Condicionador 175ml,in stock,new,32.49 BRL,https://loja.redecentralfarma.com.br/,https://d22vuod48cepji.cloudfront.net/ib.item.image.large/l-ba5439aae39c4cefb7647e6cb4fc2904.png,Dove
116602,Paçoca Caseira Petim 80g,Paçoca Caseira Petim 80g,in stock,new,3.29 BRL,https://loja.redecentralfarma.com.br/,https://d22vuod48cepji.cloudfront.net/ib.item.image.large/l-6a8c6f2118d848159d157b96c74274c1.webp,Petim
2407,Kit Coloração Creme 40 Castanho Médio Wella Koleston,Kit Coloração Creme 40 Castanho Médio Wella Koleston,in stock,new,29.99 BRL,https://loja.redecentralfarma.com.br/,https://d22vuod48cepji.cloudfront.net/ib.item.image.large/l-e1f4bc82cbef439bbc2725209f1d26ab.jpeg,Wella
2450,Desodorante Creme Antiperspirante Neutro Herbíssimo 55g,Desodorante Creme Antiperspirante Neutro Herbíssimo 55g,in stock,new,8.29 BRL,https://loja.redecentralfarma.com.br/,https://d22vuod48cepji.cloudfront.net/ib.item.image.large/l-df6aaa35e14f46899f74988dcf566aa5.jpeg,Herbíssimo
2468,Creme Hidratante Nivea Lata 56g,Creme Hidratante Nivea Lata 56g,in stock,new,25.99 BRL,https://loja.redecentralfarma.com.br/,https://d22vuod48cepji.cloudfront.net/ib.item.image.large/l-0a72af71df7d4a3493c792ead205e5a9.png,Nivea
2500,Shampoo Seda Cachos Definidos Frasco 325ml,Shampoo Seda Cachos Definidos Frasco 325ml,in stock,new,15.49 BRL,https://loja.redecentralfarma.com.br/,https://d22vuod48cepji.cloudfront.net/ib.item.image.large/l-8f4cdb050ffd4b8bb3ac8f72c5126123.png,Seda
4144,Coloração Niely Cor&Ton Louro Escuro 6.0,Coloração Niely Cor&Ton Louro Escuro 6.0,in stock,new,17.99 BRL,https://loja.redecentralfarma.com.br/,https://d22vuod48cepji.cloudfront.net/ib.item.image.large/l-2a460d8c2b9e4afc99c5573725cf471e.jpeg,Cor & Ton
4923,Creme Tratamento Skala 1KG Abacate,Creme Tratamento Skala 1KG Abacate,in stock,new,13.99 BRL,https://loja.redecentralfarma.com.br/,https://d22vuod48cepji.cloudfront.net/ib.item.image.large/l-cc528ccd919440ed88dd6ea63e1ef008.jpeg,Skala
49112,Antitranspirante Roll-On Active Emotion Rexona 50ml,Antitranspirante Roll-On Active Emotion Rexona 50ml,in stock,new,11.99 BRL,https://loja.redecentralfarma.com.br/,https://d22vuod48cepji.cloudfront.net/ib.item.image.large/l-30d3840135fb4853ae962c21769e2ad6.jpeg,Rexona
81592,Antitranspirante Aerossol Rexona Clinical Classic 150ml Spray,Antitranspirante Aerossol Rexona Clinical Classic 150ml Spray,in stock,new,21.99 BRL,https://loja.redecentralfarma.com.br/,https://d22vuod48cepji.cloudfront.net/ib.item.image.large/l-66ac66d6bf1d4a2a82bb12dafdbfef43.png,Rexona Clinical
96401,Protetor Solar Facial  Dermunn FPS60 60g,Protetor Solar Facial  Dermunn FPS60 60g,in stock,new,36.99 BRL,https://loja.redecentralfarma.com.br/,https://d22vuod48cepji.cloudfront.net/ib.item.image.large/l-e7ebb33bd27247c3bdafd9ee9fd1a5c9.png,Dermunn
97129,Óleo Cicatrizante Dermaex Tubo 100ml,Óleo Cicatrizante Dermaex Tubo 100ml,in stock,new,9.49 BRL,https://loja.redecentralfarma.com.br/,https://d22vuod48cepji.cloudfront.net/ib.item.image.large/l-a6a7793462834214892c0925c38cb361.jpeg,Dermaex
105371,Sabonete Líquido Extrato de Oliva Monange Frasco 240ml,Sabonete Líquido Extrato de Oliva Monange Frasco 240ml,in stock,new,10.49 BRL,https://loja.redecentralfarma.com.br/,https://d22vuod48cepji.cloudfront.net/ib.item.image.large/l-994c2c51152241559fadaa1b5684a372.jpeg,Monange
106060,Kit Elseve Shampoo 375ml + Condicionador 170ml Glycolic Gloss L'oréal Paris,Kit Elseve Shampoo 375ml + Condicionador 170ml Glycolic Gloss L'oréal Paris,in stock,new,42.99 BRL,https://loja.redecentralfarma.com.br/,https://d22vuod48cepji.cloudfront.net/ib.item.image.large/l-ce5149cee2b54240bbd1d0ed976d44bb.png,Elseve
109963,Absorvente com Abas Suave Always G Pacote 16 Unidades Grátis 2 Unidades,Absorvente com Abas Suave Always G Pacote 16 Unidades Grátis 2 Unidades,in stock,new,18.99 BRL,https://loja.redecentralfarma.com.br/,https://d22vuod48cepji.cloudfront.net/ib.item.image.large/l-b02a10fb2d554a43bc30f611058fd789.png,Always
111819,Lip Gloss Capivarava,Lip Gloss Capivarava,in stock,new,21.29 BRL,https://loja.redecentralfarma.com.br/,https://d22vuod48cepji.cloudfront.net/ib.item.image.large/l-4dfb58d89c0042aa89bc401d9031cd65.webp,Gloss
112500,Enxaguante Bucal Close Up Go Ice Zero Alcool Spray 35ml,Enxaguante Bucal Close Up Go Ice Zero Alcool Spray 35ml,in stock,new,11.99 BRL,https://loja.redecentralfarma.com.br/,https://d22vuod48cepji.cloudfront.net/ib.item.image.large/l-398b44ad8820490fbd1c7f1b308a2e42.jpeg,Close Up
114182,Bala Fruit-Tella Caramelo Swirl 41g,Bala Fruit-Tella Caramelo Swirl 41g,in stock,new,4.49 BRL,https://loja.redecentralfarma.com.br/,https://d22vuod48cepji.cloudfront.net/ib.item.image.large/l-f6d9e80fe62f4618aa255f239a9061a7.jpeg,Fruit-Tella
114192,Dip Loko Surprise Animal 11g,Dip Loko Surprise Animal 11g,in stock,new,8.99 BRL,https://loja.redecentralfarma.com.br/,https://d22vuod48cepji.cloudfront.net/ib.item.image.large/l-48bef929b95a4d359908200a35931de5.jpeg,Dip Loko
4927,Creme de Tratamento e Pentear Skala Expert Babosa Pote 1000g,Creme de Tratamento e Pentear Skala Expert Babosa Pote 1000g,in stock,new,13.99 BRL,https://loja.redecentralfarma.com.br/,https://d22vuod48cepji.cloudfront.net/ib.item.image.large/l-99b59b5feb104383bcd1462a7c806b45.jpeg,Skala
102000,Esc Dental Amis Tech Family Protect Media Lv3 Pg2,Esc Dental Amis Tech Family Protect Media Lv3 Pg2,in stock,new,15.49 BRL,https://loja.redecentralfarma.com.br/,https://d22vuod48cepji.cloudfront.net/ib.item.image.large/l-2013826a74214613932657be10edb4e4.png,Amis
109031,Refrigerante sem Açúcar Coca-Cola Zero Garrafa 2l,Refrigerante sem Açúcar Coca-Cola Zero Garrafa 2l,in stock,new,15.49 BRL,https://loja.redecentralfarma.com.br/,https://d22vuod48cepji.cloudfront.net/ib.item.image.large/l-d1475e9f90684a5c8083985d73f1a3d1.png,Coca-Cola
2281,Esparadrapo Cremer 1.2X4.5,Esparadrapo Cremer 1.2X4.5,in stock,new,8.99 BRL,https://loja.redecentralfarma.com.br/,https://d22vuod48cepji.cloudfront.net/ib.item.image.large/l-0eef2acf17294350add4a50d1a2c2656.png,Cremer
2333,Preservativo Camisinha Jontex Lubrificado - 3 Unidades,Preservativo Camisinha Jontex Lubrificado - 3 Unidades,in stock,new,10.49 BRL,https://loja.redecentralfarma.com.br/,https://d22vuod48cepji.cloudfront.net/ib.item.image.large/l-b2409b158d0f4580bf41ca1279a8c292.jpeg,Jontex
2389,Preservativo Masculino Lubrificado Olla Pacote 3 Unidades,Preservativo Masculino Lubrificado Olla Pacote 3 Unidades,in stock,new,9.49 BRL,https://loja.redecentralfarma.com.br/,https://d22vuod48cepji.cloudfront.net/ib.item.image.large/l-d503b345c49f489a9e4adafc6bb6c1cb.jpeg,Olla
2530,Loção Corporal Deo-Hidratante Inspiradora Paixão Frasco 200ml,Loção Corporal Deo-Hidratante Inspiradora Paixão Frasco 200ml,in stock,new,11.99 BRL,https://loja.redecentralfarma.com.br/,https://d22vuod48cepji.cloudfront.net/ib.item.image.large/l-e54fe8b447b84918af079925e5e9d55e.jpeg,Paixão
2857,Carga de Aparelho para Barbear Gillette Mach3 2 Unidades,Carga de Aparelho para Barbear Gillette Mach3 2 Unidades,in stock,new,30.49 BRL,https://loja.redecentralfarma.com.br/,https://d22vuod48cepji.cloudfront.net/ib.item.image.large/l-c48fdc9ae2c343efaf017d9bc4e1fed9.jpeg,Gillette
7567,Desodorante Roll-On Antiperspirante Classic Giovanna Baby 50ml,Desodorante Roll-On Antiperspirante Classic Giovanna Baby 50ml,in stock,new,9.49 BRL,https://loja.redecentralfarma.com.br/,https://d22vuod48cepji.cloudfront.net/ib.item.image.large/l-123e59828d1d4afe8b70533a8b9e92a6.jpeg,Giovanna Baby
43528,Creme de Tratamento e Pentear Skala Expert #MaisLisos Pote 1000g,Creme de Tratamento e Pentear Skala Expert #MaisLisos Pote 1000g,in stock,new,13.99 BRL,https://loja.redecentralfarma.com.br/,https://d22vuod48cepji.cloudfront.net/ib.item.image.large/l-12b1678e192e435aaca80743102a0e27.jpeg,Skala
55674,Descolorante Camomila Pó Yamá Envelope 20g,Descolorante Camomila Pó Yamá Envelope 20g,in stock,new,9.49 BRL,https://loja.redecentralfarma.com.br/,https://d22vuod48cepji.cloudfront.net/ib.item.image.large/l-cfd7e8c33ffa4b9cb0b660e74fcedb2f.jpeg,Yamá
57852,Óleo Tratamento L'oréal Paris Elseve Óleo Extraordinário Frasco 100ml,Óleo Tratamento L'oréal Paris Elseve Óleo Extraordinário Frasco 100ml,in stock,new,51.29 BRL,https://loja.redecentralfarma.com.br/,https://d22vuod48cepji.cloudfront.net/ib.item.image.large/l-5bdbca8be52f4acdac114dc7dad5ab10.jpeg,L'oréal Paris
66587,Antitranspirante Aerossol Alecrim e Cedro Axe Black 150ml Spray,Antitranspirante Aerossol Alecrim e Cedro Axe Black 150ml Spray,in stock,new,13.99 BRL,https://loja.redecentralfarma.com.br/,https://d22vuod48cepji.cloudfront.net/ib.item.image.large/l-989821f5610f4dc39189deb47862db9e.png,Axe
69959,Esmalte Longa Duração Cremoso Nu Leite De Coco Colorama 8Ml,Esmalte Longa Duração Cremoso Nu Leite De Coco Colorama 8Ml,in stock,new,7.99 BRL,https://loja.redecentralfarma.com.br/,https://d22vuod48cepji.cloudfront.net/ib.item.image.large/l-59ac9fb5b945445ba501b4a3a63911bb.jpeg,Colorama
71906,Chocolate ao Leite Baton 16g display 30 unid,Chocolate ao Leite Baton 16g display 30 unid,in stock,new,3.99 BRL,https://loja.redecentralfarma.com.br/,https://d22vuod48cepji.cloudfront.net/ib.item.image.large/l-45526081451042f392ce87baf31f84fb.png,Garoto
74448,Aparelho Descartável para Barbear Gillette Prestobarba3 4 Unidades Pague Menos,Aparelho Descartável para Barbear Gillette Prestobarba3 4 Unidades Pague Menos,in stock,new,31.99 BRL,https://loja.redecentralfarma.com.br/,https://d22vuod48cepji.cloudfront.net/ib.item.image.large/l-f3a00737483340629ba2c7b6201f4a70.jpg,Gillette
79288,Mamadeira Mamita Master 240ml,Mamadeira Mamita Master 240ml,in stock,new,19.49 BRL,https://loja.redecentralfarma.com.br/,https://d22vuod48cepji.cloudfront.net/ib.item.image.large/l-089422e4ab1f479b888d437889b28184.png,Mamita
83923,Halls Extra Forte 28g,Halls Extra Forte 28g,in stock,new,3.49 BRL,https://loja.redecentralfarma.com.br/,https://d22vuod48cepji.cloudfront.net/ib.item.image.large/l-6b4452967f14402bb78a3fa75336f32b.webp,Halls
97106,Antitranspirante Aerossol Nivea Men Invisible for Black & White 200ml Spray Embalagem Econômica,Antitranspirante Aerossol Nivea Men Invisible for Black & White 200ml Spray Embalagem Econômica,in stock,new,19.99 BRL,https://loja.redecentralfarma.com.br/,https://d22vuod48cepji.cloudfront.net/ib.item.image.large/l-1bbe756fdac146e1abd462d97bdbb5f3.png,Nivea Men
101984,Balanca Digital Amis Tech 180Kg,Balanca Digital Amis Tech 180Kg,in stock,new,58.49 BRL,https://loja.redecentralfarma.com.br/,https://d22vuod48cepji.cloudfront.net/ib.item.image.large/l-5453021782724714baa1959e93a9bfad.jpeg,Amis
111692,Óleo Deo Corporal Tentadora Paixão Frasco 200ml,Óleo Deo Corporal Tentadora Paixão Frasco 200ml,in stock,new,26.49 BRL,https://loja.redecentralfarma.com.br/,https://d22vuod48cepji.cloudfront.net/ib.item.image.large/l-dea6165080f243a79ee828fda042eac2.jpeg,Paixão
2681,Esmalte Longa Duração Cremoso Nu Pétala Branca Colorama 8Ml,Esmalte Longa Duração Cremoso Nu Pétala Branca Colorama 8Ml,in stock,new,7.99 BRL,https://loja.redecentralfarma.com.br/,https://d22vuod48cepji.cloudfront.net/ib.item.image.large/l-a98b2a906fb84d71a7ad1900c00f339a.jpeg,Colorama
59416,Oleo Banana Farmax 28Ml,Oleo Banana Farmax 28Ml,in stock,new,6.29 BRL,https://loja.redecentralfarma.com.br/,https://d22vuod48cepji.cloudfront.net/ib.item.image.large/l-13cedafb32124d15bc68f7dff5df3f9b.jpeg,farmax
80302,Sh Salon Line Kit 300ml + Cond 300ml Hidra Nutricao Intens,Sh Salon Line Kit 300ml + Cond 300ml Hidra Nutricao Intens,in stock,new,20.49 BRL,https://loja.redecentralfarma.com.br/,https://d22vuod48cepji.cloudfront.net/ib.item.image.large/l-3ac0b117db67448f891f29230d4e65a5.jpeg,Salon Line
88889,Creme Alisante Hairlife  Super Cachos,Creme Alisante Hairlife  Super Cachos,in stock,new,21.29 BRL,https://loja.redecentralfarma.com.br/,https://d22vuod48cepji.cloudfront.net/ib.item.image.large/l-6c6030f8da1c413388ee06b205e1ae40.png,Hair Life
103211,Lenco Umed Qualy Baby Basic 300Un,Lenco Umed Qualy Baby Basic 300Un,in stock,new,31.99 BRL,https://loja.redecentralfarma.com.br/,https://d22vuod48cepji.cloudfront.net/ib.item.image.large/l-c084187ed58f4674bddddd7b09cd9578.png,Qualy Baby
104270,Lixa P/ Pé Katy E.V.A  Reta,Lixa P/ Pé Katy E.V.A  Reta,in stock,new,9.49 BRL,https://loja.redecentralfarma.com.br/,https://d22vuod48cepji.cloudfront.net/ib.item.image.large/l-d895c363154d49eab96219686036e794.jpeg,Katy
114181,"Chocolate Tortuguita Recheio Baunilha 15,5g","Chocolate Tortuguita Recheio Baunilha 15,5g",in stock,new,2.99 BRL,https://loja.redecentralfarma.com.br/,https://d22vuod48cepji.cloudfront.net/ib.item.image.large/l-0ba3a504e2d84c61a66dc9e099c35a7a.jpeg,Tortuguita
2911,Hastes Flexíveis Johnson & Johnson Cotonetes Caixa 150 Unidades Embalagem Econômica,Hastes Flexíveis Johnson & Johnson Cotonetes Caixa 150 Unidades Embalagem Econômica,in stock,new,14.99 BRL,https://loja.redecentralfarma.com.br/,https://d22vuod48cepji.cloudfront.net/ib.item.image.large/l-f290690024d44bc190b7f13317c6ad4d.jpeg,Johnson & Johnson
3573,Shampoo Tília Darling Frasco 350ml,Shampoo Tília Darling Frasco 350ml,in stock,new,12.99 BRL,https://loja.redecentralfarma.com.br/,https://d22vuod48cepji.cloudfront.net/ib.item.image.large/l-b4447d4e1b9b4d1587ea7b509c0d97dc.png,Darling
14581,Algodão Bolas APOLO 100g,Algodão Bolas APOLO 100g,in stock,new,9.49 BRL,https://loja.redecentralfarma.com.br/,https://d22vuod48cepji.cloudfront.net/ib.item.image.large/l-572740c8891b483596619c6b75a1ba7d.jpg,Apolo
35148,Algodão Apolo Sanfonado Multiuso 50g,Algodão Apolo Sanfonado Multiuso 50g,in stock,new,5.59 BRL,https://loja.redecentralfarma.com.br/,https://d22vuod48cepji.cloudfront.net/ib.item.image.large/l-d317734ee0544e4da580e7c2a3b97f47.jpg,Apolo
70935,Gelatina Salon Line #To de Cacho Não Sai da Minha Cabeça Pote 550g,Gelatina Salon Line #To de Cacho Não Sai da Minha Cabeça Pote 550g,in stock,new,30.29 BRL,https://loja.redecentralfarma.com.br/,https://d22vuod48cepji.cloudfront.net/ib.item.image.large/l-b3f1cb465f5d4879b417071f6b7f72d3.jpeg,Salon Line
71751,Bombom Sortido Nestlé Especialidades Caixa 251g 15 Unidades,Bombom Sortido Nestlé Especialidades Caixa 251g 15 Unidades,in stock,new,18.99 BRL,https://loja.redecentralfarma.com.br/,https://d22vuod48cepji.cloudfront.net/ib.item.image.large/l-7b8efd759ff14c478abb2a1756c17d85.png,Nestlé
82540,Protetor Diário sem Abas Antibacteriano Intimus Pacote 15 Unidades,Protetor Diário sem Abas Antibacteriano Intimus Pacote 15 Unidades,in stock,new,7.49 BRL,https://loja.redecentralfarma.com.br/,https://d22vuod48cepji.cloudfront.net/ib.item.image.large/l-ea1e5356bcc64c91a749f8be1541d9a7.jpeg,Intimus
93951,Creme Dental com Flúor Morango Trá Lá Lá Kids Caixa 50g,Creme Dental com Flúor Morango Trá Lá Lá Kids Caixa 50g,in stock,new,6.99 BRL,https://loja.redecentralfarma.com.br/,https://d22vuod48cepji.cloudfront.net/ib.item.image.large/l-57ab5d6ef045495ca38f5af90eb7e724.jpeg,Trá Lá Lá
100431,Absorvente com Abas Ultra Respirável Suave Sym Premium Pacote 8 Unidades,Absorvente com Abas Ultra Respirável Suave Sym Premium Pacote 8 Unidades,in stock,new,5.99 BRL,https://loja.redecentralfarma.com.br/,https://d22vuod48cepji.cloudfront.net/ib.item.image.large/l-dd1239a4167c4d30add0493afb838873.jpeg,Sym
107398,Creme de Tratamento Skala Melancia 1000g,Creme de Tratamento Skala Melancia 1000g,in stock,new,13.99 BRL,https://loja.redecentralfarma.com.br/,https://d22vuod48cepji.cloudfront.net/ib.item.image.large/l-78c81c01617643738b395bb1e5874bc2.jpg,Skala
107709,Kit Shampoo + Condicionador Seda Cocriações Liso Perfeito 325ml Cada,Kit Shampoo + Condicionador Seda Cocriações Liso Perfeito 325ml Cada,in stock,new,21.99 BRL,https://loja.redecentralfarma.com.br/,https://d22vuod48cepji.cloudfront.net/ib.item.image.large/l-488e91351cdc4a86aa7a329ae254e1ff.jpeg,Seda
110186,Barra Cereal Protein Crisp 45G Ovomaltine,Barra Cereal Protein Crisp 45G Ovomaltine,in stock,new,11.99 BRL,https://loja.redecentralfarma.com.br/,https://d22vuod48cepji.cloudfront.net/ib.item.image.large/l-5e260e11e3e0484d9f146ef74ae4a924.jpg,Ovomaltine
112684,Kit Shampoo 400ml + Condicionador 200ml Dove Nutritive Solutions Óleo Nutrição,Kit Shampoo 400ml + Condicionador 200ml Dove Nutritive Solutions Óleo Nutrição,in stock,new,32.49 BRL,https://loja.redecentralfarma.com.br/,https://d22vuod48cepji.cloudfront.net/ib.item.image.large/l-5f69f08ca5fe4e858040f8d5a191a41a.jpeg,Dove
115754,Sabonete Barra Glicerinado Orquídea Negra Lux Botanicals Envoltório 85g,Sabonete Barra Glicerinado Orquídea Negra Lux Botanicals Envoltório 85g,in stock,new,3.49 BRL,https://loja.redecentralfarma.com.br/,https://d22vuod48cepji.cloudfront.net/ib.item.image.large/l-7d393960513f42f9b7b545a331639b16.jpeg,Lux
2415,Antitranspirante Roll-On sem Perfume Rexona 50ml,Antitranspirante Roll-On sem Perfume Rexona 50ml,in stock,new,11.99 BRL,https://loja.redecentralfarma.com.br/,https://d22vuod48cepji.cloudfront.net/ib.item.image.large/l-d534e4a484c34601b0c158cd6ad68a45.png,Rexona
2460,Desodorante Corporal Flor de Lavanda Monange Hidratação Essencial Frasco 200ml,Desodorante Corporal Flor de Lavanda Monange Hidratação Essencial Frasco 200ml,in stock,new,12.29 BRL,https://loja.redecentralfarma.com.br/,https://d22vuod48cepji.cloudfront.net/ib.item.image.large/l-a9436c1c574642cebe43087c02b851bb.jpeg,Monange
2890,Propolis Spray Ziin Ziin Roma 30Ml,Propolis Spray Ziin Ziin Roma 30Ml,in stock,new,16.49 BRL,https://loja.redecentralfarma.com.br/,https://d22vuod48cepji.cloudfront.net/ib.item.image.large/l-484f4df1c708429abb333ef96d7bdc06.png,Ziin Ziin
3673,Absorvente com Abas Noite e Dia Suave Sempre Livre Adapt Plus Pacote 8 Unidades,Absorvente com Abas Noite e Dia Suave Sempre Livre Adapt Plus Pacote 8 Unidades,in stock,new,14.99 BRL,https://loja.redecentralfarma.com.br/,https://d22vuod48cepji.cloudfront.net/ib.item.image.large/l-2abc89e8f7e2474b885389f59ffe803d.jpeg,Sempre Livre
4361,"Fita Micropore Bege Nexcare 12mm x 4,5m","Fita Micropore Bege Nexcare 12mm x 4,5m",in stock,new,12.29 BRL,https://loja.redecentralfarma.com.br/,https://d22vuod48cepji.cloudfront.net/ib.item.image.large/l-ae460b301f884e0480b3cf2ae6a9a3d9.jpeg,Nexcare
43517,Esponja Banho C Belo Pedaco,Esponja Banho C Belo Pedaco,in stock,new,7.99 BRL,https://loja.redecentralfarma.com.br/,https://d22vuod48cepji.cloudfront.net/ib.item.image.large/l-51ee4a0da45242c3827088c015bd4df7.jpeg,Campo Belo
55447,Antitranspirante Roll-On Xtracool Rexona Men 50ml,Antitranspirante Roll-On Xtracool Rexona Men 50ml,in stock,new,11.99 BRL,https://loja.redecentralfarma.com.br/,https://d22vuod48cepji.cloudfront.net/ib.item.image.large/l-d61d40a8036848efbf6619af9549690c.png,Rexona
67896,Creme para Pés e Mãos com Sebo de Carneiro ERVA VIVA 240g,Creme para Pés e Mãos com Sebo de Carneiro ERVA VIVA 240g,in stock,new,11.49 BRL,https://loja.redecentralfarma.com.br/,https://d22vuod48cepji.cloudfront.net/ib.item.image.large/l-565b62b262de43998d6e1675e7bb5f78.jpeg,Erva Viva
70959,Tint Alfaparf Alta Moda 3.0 Castanho Escuro,Tint Alfaparf Alta Moda 3.0 Castanho Escuro,in stock,new,16.99 BRL,https://loja.redecentralfarma.com.br/,https://d22vuod48cepji.cloudfront.net/ib.item.image.large/l-2cf278b99df246cea89cbbf2043dd658.jpeg,Alta Moda
80880,Vaselina Sólida Pomada 90G,Vaselina Sólida Pomada 90G,in stock,new,26.99 BRL,https://loja.redecentralfarma.com.br/,https://d22vuod48cepji.cloudfront.net/ib.item.image.large/l-7d1ef74391f44ea99345619669ab1205.png,
81431,Óleo Deo Corporal Avelã Paixão Frasco 100ml,Óleo Deo Corporal Avelã Paixão Frasco 100ml,in stock,new,14.99 BRL,https://loja.redecentralfarma.com.br/,https://d22vuod48cepji.cloudfront.net/ib.item.image.large/l-ef4f0319e04f4fc7a782f1285ae425ad.jpeg,Paixão
87237,Guarana Devito 600Ml,Guarana Devito 600Ml,in stock,new,4.99 BRL,https://loja.redecentralfarma.com.br/,https://d22vuod48cepji.cloudfront.net/ib.item.image.large/l-27c174e1ddd5419195d76178943f1ebf.jpeg,Devito
91367,Antitranspirante Aerossol Marine Axe 152ml Spray,Antitranspirante Aerossol Marine Axe 152ml Spray,in stock,new,13.99 BRL,https://loja.redecentralfarma.com.br/,https://d22vuod48cepji.cloudfront.net/ib.item.image.large/l-abe79f8fbee842c79c5c487277348f98.png,Axe
92790,Esc Dental Bitufo Interdental Extra Fina 6Un,Esc Dental Bitufo Interdental Extra Fina 6Un,in stock,new,26.99 BRL,https://loja.redecentralfarma.com.br/,https://d22vuod48cepji.cloudfront.net/ib.item.image.large/l-9f8112b1543b40fd9cb0538a3e701aac.png,Bitufo
95693,Desodorante Roll-On Tradicional Herbíssimo 50ml,Desodorante Roll-On Tradicional Herbíssimo 50ml,in stock,new,9.49 BRL,https://loja.redecentralfarma.com.br/,https://d22vuod48cepji.cloudfront.net/ib.item.image.large/l-6d20786a99e540e68e46a2f87426ab8a.jpeg,Herbíssimo
96505,Removedor Esm Base Acetona  Acemar 500Ml,Removedor Esm Base Acetona  Acemar 500Ml,in stock,new,18.99 BRL,https://loja.redecentralfarma.com.br/,https://d22vuod48cepji.cloudfront.net/ib.item.image.large/l-5bed81d924bc4075aa72e596acf67fe5.jpeg,Acemar
100984,Sabonete Líquido da Cabeça aos Pés Baruel Baby Sono Tranquilo Frasco 400ml,Sabonete Líquido da Cabeça aos Pés Baruel Baby Sono Tranquilo Frasco 400ml,in stock,new,29.99 BRL,https://loja.redecentralfarma.com.br/,https://d22vuod48cepji.cloudfront.net/ib.item.image.large/l-0bfd218e071e491fa30432bc5cab3c60.jpeg,Baruel
102595,Kit Coloração Creme 2.0 Preto Niely Cor&Ton,Kit Coloração Creme 2.0 Preto Niely Cor&Ton,in stock,new,22.99 BRL,https://loja.redecentralfarma.com.br/,https://d22vuod48cepji.cloudfront.net/ib.item.image.large/l-e9b438f24cfb4e7e80444f600ecc7e51.jpeg,Niely
104352,Máscara Cirúrgica Descartável Branca Descarpack Caixa 50 Unidades,Máscara Cirúrgica Descartável Branca Descarpack Caixa 50 Unidades,in stock,new,12.99 BRL,https://loja.redecentralfarma.com.br/,https://d22vuod48cepji.cloudfront.net/ib.item.image.large/l-8068525dd100406d8a7fa63347d358de.jpeg,Descarpack
104390,Protetor Diário sem Abas com Perfume Carefree Proteção Pacote 40 Unidades Leve Mais Pague Menos,Protetor Diário sem Abas com Perfume Carefree Proteção Pacote 40 Unidades Leve Mais Pague Menos,in stock,new,20.49 BRL,https://loja.redecentralfarma.com.br/,https://d22vuod48cepji.cloudfront.net/ib.item.image.large/l-47df510c4ca442edb9114806fca753a8.png,Carefree
106149,Kit Bem Care Sab Intimo Jasmim Lv2 Pg1 200+200Ml,Kit Bem Care Sab Intimo Jasmim Lv2 Pg1 200+200Ml,in stock,new,24.49 BRL,https://loja.redecentralfarma.com.br/,https://d22vuod48cepji.cloudfront.net/ib.item.image.large/l-e6f10a3d5d294857bdfed2ff2ee1b91c.jpeg,Bem Care
113403,Creme Dental Original Mint Colgate Total  Prevenção Ativa 90g,Creme Dental Original Mint Colgate Total  Prevenção Ativa 90g,in stock,new,14.49 BRL,https://loja.redecentralfarma.com.br/,https://d22vuod48cepji.cloudfront.net/ib.item.image.large/l-0c4f570ccac54292addbde06937af638.png,Colgate
113412,Creme Máscara de Tratamento Efeito Teia Resgate de Massa Elseve Collagen Lifter 300g,Creme Máscara de Tratamento Efeito Teia Resgate de Massa Elseve Collagen Lifter 300g,in stock,new,33.99 BRL,https://loja.redecentralfarma.com.br/,https://d22vuod48cepji.cloudfront.net/ib.item.image.large/l-5629760efcde483da2c7a3faece6e608.jpg,Elseve
115111,Kit Shampoo + Condicionador Seda by Niina Secrets Colágeno e Vitamina C 325ml,Kit Shampoo + Condicionador Seda by Niina Secrets Colágeno e Vitamina C 325ml,in stock,new,21.99 BRL,https://loja.redecentralfarma.com.br/,https://d22vuod48cepji.cloudfront.net/ib.item.image.large/l-3672ad7c5b934d7885a9c73de1907eda.jpeg,Seda
115551,Sabonete Líquido Facial Antiacne Dermunn 300ml,Sabonete Líquido Facial Antiacne Dermunn 300ml,in stock,new,26.99 BRL,https://loja.redecentralfarma.com.br/,https://d22vuod48cepji.cloudfront.net/ib.item.image.large/l-bdc2175276bb4358b1be5f32b36601c4.webp,Dermunn
75435,"Fixador de Dentadura Creme sem Sabor Ultra Corega Ultra Caixa 8,5g","Fixador de Dentadura Creme sem Sabor Ultra Corega Ultra Caixa 8,5g",in stock,new,16.49 BRL,https://loja.redecentralfarma.com.br/,https://d22vuod48cepji.cloudfront.net/ib.item.image.large/l-37888625ddb145189a6668a42fbd086a.jpeg,Ultra Corega
96175,Gel Dental Red Hot Closeup Liquifresh Frasco 100g,Gel Dental Red Hot Closeup Liquifresh Frasco 100g,in stock,new,7.49 BRL,https://loja.redecentralfarma.com.br/,https://d22vuod48cepji.cloudfront.net/ib.item.image.large/l-272025c992c64b828c6922c65b28412e.png,Closeup
104391,Absorvente com Abas Suave Sempre Livre Adapt Pacote 32 Unidades Leve Mais Pague Menos,Absorvente com Abas Suave Sempre Livre Adapt Pacote 32 Unidades Leve Mais Pague Menos,in stock,new,21.49 BRL,https://loja.redecentralfarma.com.br/,https://d22vuod48cepji.cloudfront.net/ib.item.image.large/l-f8f4890b34984b4b916534ec1442f417.png,Sempre Livre
5929,Esmalte Base Fortalecedora Risqué Care Frasco 8ml,Esmalte Base Fortalecedora Risqué Care Frasco 8ml,in stock,new,5.99 BRL,https://loja.redecentralfarma.com.br/,https://d22vuod48cepji.cloudfront.net/ib.item.image.large/l-ef6d3e4b1d424937bd107d3364200630.jpeg,Risqué
52168,Descolorante Pó Proteínas do Leite +9 Suave Lightner Envelope 50g,Descolorante Pó Proteínas do Leite +9 Suave Lightner Envelope 50g,in stock,new,16.29 BRL,https://loja.redecentralfarma.com.br/,https://d22vuod48cepji.cloudfront.net/ib.item.image.large/l-c4da2ff389214b4a996e3afbb2767f62.jpeg,Lightner
66592,Loção Corporal Deo-Hidratante Irresistível Paixão Frasco 400ml Embalagem Econômica,Loção Corporal Deo-Hidratante Irresistível Paixão Frasco 400ml Embalagem Econômica,in stock,new,16.49 BRL,https://loja.redecentralfarma.com.br/,https://d22vuod48cepji.cloudfront.net/ib.item.image.large/l-3cfeb51459c9482e97e2dc739130ebfc.jpeg,Paixão
72140,Água Tônica Antarctica Lata 350ml,Água Tônica Antarctica Lata 350ml,in stock,new,5.49 BRL,https://loja.redecentralfarma.com.br/,https://d22vuod48cepji.cloudfront.net/ib.item.image.large/l-b746a0b8b3b4434a8b8cf3e5c3b15445.jpg,Antarctica
91351,Preserv Blowtex Lv9 Pg6 Menta,Preserv Blowtex Lv9 Pg6 Menta,in stock,new,15.99 BRL,https://loja.redecentralfarma.com.br/,https://d22vuod48cepji.cloudfront.net/ib.item.image.large/l-7a468d6d01894f72be3d6679c44a195b.jpeg,Blowtex
94082,Loção Corporal Deo-Hidratante Framboesa Negra Paixão Frasco 200ml,Loção Corporal Deo-Hidratante Framboesa Negra Paixão Frasco 200ml,in stock,new,11.99 BRL,https://loja.redecentralfarma.com.br/,https://d22vuod48cepji.cloudfront.net/ib.item.image.large/l-378ea50856c642e4aa922fe5a0cebfe7.jpeg,Paixão
101048,Elastico Colorido Judy El-113A 10Un,Elastico Colorido Judy El-113A 10Un,in stock,new,2.49 BRL,https://loja.redecentralfarma.com.br/,https://d22vuod48cepji.cloudfront.net/ib.item.image.large/l-464053bfd6ba45cb82f69dff57b30c1b.png,Judy
105414,Esm Impala Cor Da Moda Vivencia,Esm Impala Cor Da Moda Vivencia,in stock,new,5.99 BRL,https://loja.redecentralfarma.com.br/,https://d22vuod48cepji.cloudfront.net/ib.item.image.large/l-a9332dfcf1374563bb16efc9d4189fa1.jpeg,impala
107982,Wella Blondor Descolorante 20 Gr,Wella Blondor Descolorante 20 Gr,in stock,new,14.29 BRL,https://loja.redecentralfarma.com.br/,https://d22vuod48cepji.cloudfront.net/ib.item.image.large/l-156e2fac7cc742bbac0edf0c8707825f.jpeg,Wella
112451,Deo-Hidratante Nivea Beleza Radiante Frasco 400ml,Deo-Hidratante Nivea Beleza Radiante Frasco 400ml,in stock,new,27.99 BRL,https://loja.redecentralfarma.com.br/,https://d22vuod48cepji.cloudfront.net/ib.item.image.large/l-a9419c3545f24a8da5ea8c5f9f6eb754.png,Nivea
112682,Antitranspirante Roll On Dove Fresh Care Lavanda & Baunilha 50ml,Antitranspirante Roll On Dove Fresh Care Lavanda & Baunilha 50ml,in stock,new,12.79 BRL,https://loja.redecentralfarma.com.br/,https://d22vuod48cepji.cloudfront.net/ib.item.image.large/l-fdc14464ab5144e2a11deb9a309cf44c.jpg,Dove
114117,Fralda Capricho Baby Jumbinho XXG 12 Unidades,Fralda Capricho Baby Jumbinho XXG 12 Unidades,in stock,new,20.49 BRL,https://loja.redecentralfarma.com.br/,https://d22vuod48cepji.cloudfront.net/ib.item.image.large/l-0c54a28769c74f55bba6e44b300d392a.jpeg,Capricho
115770,Fita Microporosa Bege 1.2Cm x 4.5M Bem Care,Fita Microporosa Bege 1.2Cm x 4.5M Bem Care,in stock,new,8.99 BRL,https://loja.redecentralfarma.com.br/,https://d22vuod48cepji.cloudfront.net/ib.item.image.large/l-c04d694de7df4876a2e0ef49576a9cba.webp,Bem Care
115931,Kit Shampoo + Condicionador Mega Crescimento 300ml+190ml Seda,Kit Shampoo + Condicionador Mega Crescimento 300ml+190ml Seda,in stock,new,21.99 BRL,https://loja.redecentralfarma.com.br/,https://d22vuod48cepji.cloudfront.net/ib.item.image.large/l-f2247feb06bd42bba6585fcf26016733.jpeg,Seda
3440,Absorvente com Abas Suave Sempre Livre Adapt Plus Pacote 8 Unidades,Absorvente com Abas Suave Sempre Livre Adapt Plus Pacote 8 Unidades,in stock,new,9.49 BRL,https://loja.redecentralfarma.com.br/,https://d22vuod48cepji.cloudfront.net/ib.item.image.large/l-bb83fb8d0b554aa08dda5b87de5f8737.png,Sempre Livre
2523,Antitranspirante Roll-On Active Dry Rexona Men 50ml,Antitranspirante Roll-On Active Dry Rexona Men 50ml,in stock,new,11.99 BRL,https://loja.redecentralfarma.com.br/,https://d22vuod48cepji.cloudfront.net/ib.item.image.large/l-37efdc95d503409bb3d45d85862f7da6.png,Rexona
3409,Absorvente com Abas Extra Suave Intimus Tripla Proteção Pacote 8 Unidades,Absorvente com Abas Extra Suave Intimus Tripla Proteção Pacote 8 Unidades,in stock,new,6.79 BRL,https://loja.redecentralfarma.com.br/,https://d22vuod48cepji.cloudfront.net/ib.item.image.large/l-74d6bbc130ea4e1db6edfcb33172d0c9.jpeg,Intimus
5272,Kit Tintura Creme 6.7 Chocolate Maxton,Kit Tintura Creme 6.7 Chocolate Maxton,in stock,new,15.79 BRL,https://loja.redecentralfarma.com.br/,https://d22vuod48cepji.cloudfront.net/ib.item.image.large/l-0e1e34fcfc5a41ff995c6be087f544da.jpeg,Maxton
43061,Po Descolorante Yama Queratina 20G,Po Descolorante Yama Queratina 20G,in stock,new,9.49 BRL,https://loja.redecentralfarma.com.br/,https://d22vuod48cepji.cloudfront.net/ib.item.image.large/l-8e31d680241545df8bc6b7a52176ff87.jpeg,Yamá
77618,Absorvente com Abas Seca Always P Pacote 32 Unidades Grátis 4 Unidades,Absorvente com Abas Seca Always P Pacote 32 Unidades Grátis 4 Unidades,in stock,new,18.99 BRL,https://loja.redecentralfarma.com.br/,https://d22vuod48cepji.cloudfront.net/ib.item.image.large/l-6fa9837079684c3399d8a193fc4626a1.png,Always
81499,Coloração Niely Cor&Ton Preto Azulado Especial 1.7,Coloração Niely Cor&Ton Preto Azulado Especial 1.7,in stock,new,17.99 BRL,https://loja.redecentralfarma.com.br/,https://d22vuod48cepji.cloudfront.net/ib.item.image.large/l-b52e021c8abc4b39a2924c472c1ec885.jpeg,Cor & Ton
93127,Atadura Crepe Bem Care 12Cm (F),Atadura Crepe Bem Care 12Cm (F),in stock,new,6.49 BRL,https://loja.redecentralfarma.com.br/,https://d22vuod48cepji.cloudfront.net/ib.item.image.large/l-075de767518c41deb42e0ed5de19cbcb.png,Bem Care
95988,Creme Facial Uniformizador Nivea 7 em 1 Beleza Radiante 100g,Creme Facial Uniformizador Nivea 7 em 1 Beleza Radiante 100g,in stock,new,34.49 BRL,https://loja.redecentralfarma.com.br/,https://d22vuod48cepji.cloudfront.net/ib.item.image.large/l-e899f1449f734a49a20e152aa47b31e2.png,Nivea
102629,Gel Lubrificante Íntimo K-Med Caixa 25g,Gel Lubrificante Íntimo K-Med Caixa 25g,in stock,new,10.49 BRL,https://loja.redecentralfarma.com.br/,https://d22vuod48cepji.cloudfront.net/ib.item.image.large/l-35abb6f0ced64ca8afc24367e54c3e3a.jpeg,K-Med
106537,Aparelho Descartável para Barbear Bic Sensitive Leve 7 Pague 5 Unidades,Aparelho Descartável para Barbear Bic Sensitive Leve 7 Pague 5 Unidades,in stock,new,9.29 BRL,https://loja.redecentralfarma.com.br/,https://d22vuod48cepji.cloudfront.net/ib.item.image.large/l-5ef6fd09e6f441c9ae4a2d2467f6dc12.jpeg,Bic
106957,Gelatina Capilar Salon Line Kids Melancia - 550g,Gelatina Capilar Salon Line Kids Melancia - 550g,in stock,new,30.99 BRL,https://loja.redecentralfarma.com.br/,https://d22vuod48cepji.cloudfront.net/ib.item.image.large/l-ac3a534fc46d487dbc424fe7adb77707.png,Salon Line
107229,Sachê Progressiva No Chuveiro Alise Hair 50ml,Sachê Progressiva No Chuveiro Alise Hair 50ml,in stock,new,11.49 BRL,https://loja.redecentralfarma.com.br/,https://d22vuod48cepji.cloudfront.net/ib.item.image.large/l-88b5de1eee834aa69735b1510ab47230.webp,Alise Hair
107339,Absorvente Intimus Not Suave C/Abas Extra Protecao 45Un,Absorvente Intimus Not Suave C/Abas Extra Protecao 45Un,in stock,new,38.79 BRL,https://loja.redecentralfarma.com.br/,https://d22vuod48cepji.cloudfront.net/ib.item.image.large/l-1653956b8ae641f6a6477508ef4d2bae.jpeg,Intimus
110744,Óleo Corporal Muriel Rosa Mosqueta 100ml,Óleo Corporal Muriel Rosa Mosqueta 100ml,in stock,new,14.99 BRL,https://loja.redecentralfarma.com.br/,https://d22vuod48cepji.cloudfront.net/ib.item.image.large/l-69678649d6fb45a88cb7ec23e5efe257.jpeg,Muriel
111813,Loção Hidratante Hidramais 500Ml Perfume Bebê,Loção Hidratante Hidramais 500Ml Perfume Bebê,in stock,new,17.49 BRL,https://loja.redecentralfarma.com.br/,https://d22vuod48cepji.cloudfront.net/ib.item.image.large/l-9a9dad584d6c4769b2c890e1a97c5c92.jpg,Hidramais
113127,Limonata Devito 500Ml,Limonata Devito 500Ml,in stock,new,5.49 BRL,https://loja.redecentralfarma.com.br/,https://d22vuod48cepji.cloudfront.net/ib.item.image.large/l-04e5ebc4483d4a2c9c2884a39bee215c.png,Devito
116503,Ampola de Tratamento Capilar Natuhair Antiqueda de 10ml (F),Ampola de Tratamento Capilar Natuhair Antiqueda de 10ml (F),in stock,new,3.99 BRL,https://loja.redecentralfarma.com.br/,https://d22vuod48cepji.cloudfront.net/ib.item.image.large/l-80a631866e9f4b329b24f663face5116.webp,Skafe
2246,Gel Dental Red Hot Closeup Proteção 360° Fresh Caixa 90g,Gel Dental Red Hot Closeup Proteção 360° Fresh Caixa 90g,in stock,new,6.49 BRL,https://loja.redecentralfarma.com.br/,https://d22vuod48cepji.cloudfront.net/ib.item.image.large/l-7711b281eaf942e2a64f66847ba740d0.png,Closeup
2382,Kit Coloração Creme 20 Preto Wella Koleston,Kit Coloração Creme 20 Preto Wella Koleston,in stock,new,29.99 BRL,https://loja.redecentralfarma.com.br/,https://d22vuod48cepji.cloudfront.net/ib.item.image.large/l-577a3208189541afa5168cae1a262284.jpeg,Wella
4164,Coloração Niely Cor&Ton Louro Ultra Claro 10.0,Coloração Niely Cor&Ton Louro Ultra Claro 10.0,in stock,new,17.99 BRL,https://loja.redecentralfarma.com.br/,https://d22vuod48cepji.cloudfront.net/ib.item.image.large/l-3053f7b8914d44a38bc02d923c87fd62.jpeg,Cor & Ton
4312,Esmalte COLORAMA Transparente Prenda Natural - 8ml,Esmalte COLORAMA Transparente Prenda Natural - 8ml,in stock,new,7.99 BRL,https://loja.redecentralfarma.com.br/,https://d22vuod48cepji.cloudfront.net/ib.item.image.large/l-293c744b74ce4785a8a6393571985f88.png,Colorama
8224,Kit Coloração 30 Castanho Escuro Wella Soft Color,Kit Coloração 30 Castanho Escuro Wella Soft Color,in stock,new,32.79 BRL,https://loja.redecentralfarma.com.br/,https://d22vuod48cepji.cloudfront.net/ib.item.image.large/l-1f438f58904f4a26acc3221f01e1d922.jpeg,Wella
43026,Kit Coloração Creme 28 Preto Azulado Wella Koleston,Kit Coloração Creme 28 Preto Azulado Wella Koleston,in stock,new,29.99 BRL,https://loja.redecentralfarma.com.br/,https://d22vuod48cepji.cloudfront.net/ib.item.image.large/l-7ae30af933b54a4b8faa7164402e7b21.jpeg,Wella
54898,Creme Dental Brilliant Mint Colgate Luminous White Caixa 70g,Creme Dental Brilliant Mint Colgate Luminous White Caixa 70g,in stock,new,11.49 BRL,https://loja.redecentralfarma.com.br/,https://d22vuod48cepji.cloudfront.net/ib.item.image.large/l-661a6b1c6e9c4b4bb3661bce115b8295.jpeg,Colgate
62376,Fralda Descartável Infantil Pom Pom Protek Grandinhos Pacote 14 Unidades,Fralda Descartável Infantil Pom Pom Protek Grandinhos Pacote 14 Unidades,in stock,new,33.29 BRL,https://loja.redecentralfarma.com.br/,https://d22vuod48cepji.cloudfront.net/ib.item.image.large/l-0567827a02eb49e8abaf4f8ecb268636.jpeg,Pom Pom
71209,Creme de Tratamento Skala Expert Bomba de Vitaminas Pote 1000g,Creme de Tratamento Skala Expert Bomba de Vitaminas Pote 1000g,in stock,new,13.99 BRL,https://loja.redecentralfarma.com.br/,https://d22vuod48cepji.cloudfront.net/ib.item.image.large/l-b8b84b7ca5da4ffdbca4a096a11ab5b0.jpeg,Skala
71730,Coloração Niely Cor&Ton Vermelho Cereja 6646,Coloração Niely Cor&Ton Vermelho Cereja 6646,in stock,new,17.99 BRL,https://loja.redecentralfarma.com.br/,https://d22vuod48cepji.cloudfront.net/ib.item.image.large/l-48a84f9255654dfab3c739e8d1bde896.jpeg,Cor & Ton
78023,Shampoo Anticaspa Clear Men Sports Frasco 400ml,Shampoo Anticaspa Clear Men Sports Frasco 400ml,in stock,new,34.99 BRL,https://loja.redecentralfarma.com.br/,https://d22vuod48cepji.cloudfront.net/ib.item.image.large/l-467b2bf0765244698f9b51de690d9597.png,Clear
79294,"Esmalte Base Endurecedora Casco de Cavalo Impala 7,5ml","Esmalte Base Endurecedora Casco de Cavalo Impala 7,5ml",in stock,new,7.79 BRL,https://loja.redecentralfarma.com.br/,https://d22vuod48cepji.cloudfront.net/ib.item.image.large/l-567e086b70984641a9b8b475c53431f3.jpeg,Impala
85753,Kit Tintura Creme 5.26 Marsala Escuro Maxton,Kit Tintura Creme 5.26 Marsala Escuro Maxton,in stock,new,15.79 BRL,https://loja.redecentralfarma.com.br/,https://d22vuod48cepji.cloudfront.net/ib.item.image.large/l-6ba6ffc67997408586d9cdcf88a5e6fa.jpeg,Maxton
88165,Tonalizante Kert Keraton Hard Colors 100G Insane Pink,Tonalizante Kert Keraton Hard Colors 100G Insane Pink,in stock,new,47.79 BRL,https://loja.redecentralfarma.com.br/,https://d22vuod48cepji.cloudfront.net/ib.item.image.large/l-81f54462b01044fe8bf33f18e4a618d5.png,Keraton
91020,Loção Corporal Deo-Hidratante Tentadora Paixão Frasco 200ml,Loção Corporal Deo-Hidratante Tentadora Paixão Frasco 200ml,in stock,new,11.99 BRL,https://loja.redecentralfarma.com.br/,https://d22vuod48cepji.cloudfront.net/ib.item.image.large/l-0422bc2716ea4f858c5e370a9bb66153.jpeg,Paixão
93126,Atadura Crepe Bem Care 10Cm (F),Atadura Crepe Bem Care 10Cm (F),in stock,new,5.99 BRL,https://loja.redecentralfarma.com.br/,https://d22vuod48cepji.cloudfront.net/ib.item.image.large/l-6eb77ca23e0948158c96719075962af7.jpeg,Bem Care
94094,Esmalte Impala Perolado Polar,Esmalte Impala Perolado Polar,in stock,new,5.99 BRL,https://loja.redecentralfarma.com.br/,https://d22vuod48cepji.cloudfront.net/ib.item.image.large/l-591f9e89e1c7401a94963ad6dd9a06fc.jpg,Impala
96891,Papel Higiênico Folha Dupla Neutro Personal Vip 20m Pacote Leve 12 Pague 11 Unidades,Papel Higiênico Folha Dupla Neutro Personal Vip 20m Pacote Leve 12 Pague 11 Unidades,in stock,new,18.49 BRL,https://loja.redecentralfarma.com.br/,https://d22vuod48cepji.cloudfront.net/ib.item.image.large/l-aa49719347cc42c0bb93580a13f7d040.jpeg,Personal
97820,Absorvente com Abas Total Protect Suave Sym Pacote 30 Unidades Leve Mais Pague Menos,Absorvente com Abas Total Protect Suave Sym Pacote 30 Unidades Leve Mais Pague Menos,in stock,new,16.49 BRL,https://loja.redecentralfarma.com.br/,https://d22vuod48cepji.cloudfront.net/ib.item.image.large/l-dfec1869c8e94319b9dea8e76afdc424.jpeg,Sym
99598,Kit MURIEL Shampoo e Condicionador Baby Rosa 100ml,Kit MURIEL Shampoo e Condicionador Baby Rosa 100ml,in stock,new,17.49 BRL,https://loja.redecentralfarma.com.br/,https://d22vuod48cepji.cloudfront.net/ib.item.image.large/l-c6bf846491754e0f99de5152aee6e600.jpeg,Muriel
102597,Kit Coloração Creme 4.0 Castanho Médio Niely Cor&Ton,Kit Coloração Creme 4.0 Castanho Médio Niely Cor&Ton,in stock,new,22.99 BRL,https://loja.redecentralfarma.com.br/,https://d22vuod48cepji.cloudfront.net/ib.item.image.large/l-41709a36695440c2bd5c348b14b314fe.jpeg,Niely
103047,Fralda Babysec Ultrasec Galinha Pintadinha Mega Tamanho G 32 Unidades,Fralda Babysec Ultrasec Galinha Pintadinha Mega Tamanho G 32 Unidades,in stock,new,46.99 BRL,https://loja.redecentralfarma.com.br/,https://d22vuod48cepji.cloudfront.net/ib.item.image.large/l-6f8855913f414da0bac4e6bf97bc1116.png,BabySec
103909,Alicate de Cutícula Merheje Com pinça Lilás,Alicate de Cutícula Merheje Com pinça Lilás,in stock,new,14.99 BRL,https://loja.redecentralfarma.com.br/,https://d22vuod48cepji.cloudfront.net/ib.item.image.large/l-567bca691caa48ada9a53afa4d6e4edd.png,Merheje
106533,Aparelho para Barbear Bic Comfort 3 Advance Black 1 Unidade,Aparelho para Barbear Bic Comfort 3 Advance Black 1 Unidade,in stock,new,8.49 BRL,https://loja.redecentralfarma.com.br/,https://d22vuod48cepji.cloudfront.net/ib.item.image.large/l-b6dd223c564a4a24bbae21bd51764fd1.jpeg,Bic
107216,Energético Zero Açúcar Monster Lata 473ml,Energético Zero Açúcar Monster Lata 473ml,in stock,new,11.99 BRL,https://loja.redecentralfarma.com.br/,https://d22vuod48cepji.cloudfront.net/ib.item.image.large/l-35267ee9f8964ddb9ccf66fac1cf359c.png,Monster
107402,Solução Bucal Antisséptica Perio Bem Care Sem Álcool de 250ml,Solução Bucal Antisséptica Perio Bem Care Sem Álcool de 250ml,in stock,new,19.99 BRL,https://loja.redecentralfarma.com.br/,https://d22vuod48cepji.cloudfront.net/ib.item.image.large/l-3b4b8247050b4a3bb50e04ffc0818fb4.webp,Bem Care
110085,Aparelho Descartável para Depilar  Gillette Venus Simply3 2 Unidades,Aparelho Descartável para Depilar  Gillette Venus Simply3 2 Unidades,in stock,new,21.49 BRL,https://loja.redecentralfarma.com.br/,https://d22vuod48cepji.cloudfront.net/ib.item.image.large/l-8da902f29949403387ad3dd529669bc3.png,Gillette
110230,Sabonete Líquido de Glicerina Tradicional Granado Bebê Sachê 250ml Refil,Sabonete Líquido de Glicerina Tradicional Granado Bebê Sachê 250ml Refil,in stock,new,22.99 BRL,https://loja.redecentralfarma.com.br/,https://d22vuod48cepji.cloudfront.net/ib.item.image.large/l-23cd4d75cbb24052bd55ceef6709c486.jpeg,Granado
111107,Gelatina Salon Line #todecacho Super Definição 1kg,Gelatina Salon Line #todecacho Super Definição 1kg,in stock,new,42.99 BRL,https://loja.redecentralfarma.com.br/,https://d22vuod48cepji.cloudfront.net/ib.item.image.large/l-1b853553fba5494d995e4e642eaef9ec.webp,Salon Line
111298,Energético Diet Monster Absolutely Zero Lata 473ml,Energético Diet Monster Absolutely Zero Lata 473ml,in stock,new,11.99 BRL,https://loja.redecentralfarma.com.br/,https://d22vuod48cepji.cloudfront.net/ib.item.image.large/l-182c50858feb4792bca2285ed0876a12.png,Monster
111820,Bala de Gelatina Bananas Fini Pacote 100g,Bala de Gelatina Bananas Fini Pacote 100g,in stock,new,8.99 BRL,https://loja.redecentralfarma.com.br/,https://d22vuod48cepji.cloudfront.net/ib.item.image.large/l-6c89673e33be402e9ff76dc60b4f29e6.jpeg,Fini
112376,Creme de  Tratamento Skala Cereja 1Kg,Creme de  Tratamento Skala Cereja 1Kg,in stock,new,13.99 BRL,https://loja.redecentralfarma.com.br/,https://d22vuod48cepji.cloudfront.net/ib.item.image.large/l-a99abb9c3e594e8e95e0966c6312ba66.jpeg,Skala
113441,Shampoo Pantene Bambu Nutre & Cresce Frasco 200ml,Shampoo Pantene Bambu Nutre & Cresce Frasco 200ml,in stock,new,18.99 BRL,https://loja.redecentralfarma.com.br/,https://d22vuod48cepji.cloudfront.net/ib.item.image.large/l-3540b6f6d3124e14a6a92830b53218d1.png,Pantene
114143,Camisinha Prudence Leve 8 Pague 6 Unidades,Camisinha Prudence Leve 8 Pague 6 Unidades,in stock,new,14.99 BRL,https://loja.redecentralfarma.com.br/,https://d22vuod48cepji.cloudfront.net/ib.item.image.large/l-8332ccabebfc48b79f4e99d3fbb92001.jpeg,Prudence
115762,Sabonete Barra Antibacteriano Suave Protex Envoltório 85g,Sabonete Barra Antibacteriano Suave Protex Envoltório 85g,in stock,new,4.49 BRL,https://loja.redecentralfarma.com.br/,https://d22vuod48cepji.cloudfront.net/ib.item.image.large/l-a618e67fe54b4df7b979fcbac818c19e.png,Protex
115914,Água De Coco Esterilizada Kero Coco 200ml,Água De Coco Esterilizada Kero Coco 200ml,in stock,new,4.99 BRL,https://loja.redecentralfarma.com.br/,https://d22vuod48cepji.cloudfront.net/ib.item.image.large/l-99b62572d3674e718f0f05ffd2094059.jpeg,Kero Coco
116181,"Esmalte Cacau Show Só Mais Um Pedaço Impala 7,5ml","Esmalte Cacau Show Só Mais Um Pedaço Impala 7,5ml",in stock,new,8.99 BRL,https://loja.redecentralfarma.com.br/,https://d22vuod48cepji.cloudfront.net/ib.item.image.large/l-52426ddf55824540b5fbd0f4c2d70884.webp,Impala
116504,Ampola NatuHair Crescimento Fortalecido 10ml,Ampola NatuHair Crescimento Fortalecido 10ml,in stock,new,3.99 BRL,https://loja.redecentralfarma.com.br/,https://d22vuod48cepji.cloudfront.net/ib.item.image.large/l-d0aaa3506ce3499482e8a764e599cf84.png,Natuhair
2306,Loção de Limpeza Tradicional Leite de Rosas 100ml,Loção de Limpeza Tradicional Leite de Rosas 100ml,in stock,new,5.49 BRL,https://loja.redecentralfarma.com.br/,https://d22vuod48cepji.cloudfront.net/ib.item.image.large/l-783c105934004cc6bf59afd76c19df26.jpeg,Leite de Rosas
2705,Antitranspirante Roll-On Cotton Dry Rexona 50ml,Antitranspirante Roll-On Cotton Dry Rexona 50ml,in stock,new,11.99 BRL,https://loja.redecentralfarma.com.br/,https://d22vuod48cepji.cloudfront.net/ib.item.image.large/l-adeb0ed21d604e9c86ce810c372b9f48.png,Rexona
2891,Antitranspirante Roll-On Bamboo & Aloe Vera Rexona 50ml,Antitranspirante Roll-On Bamboo & Aloe Vera Rexona 50ml,in stock,new,11.99 BRL,https://loja.redecentralfarma.com.br/,https://d22vuod48cepji.cloudfront.net/ib.item.image.large/l-771177092e88415582ddca4f6d67a3bb.png,Rexona
2956,Oleo De Ricino Rioquimica 60Ml,Oleo De Ricino Rioquimica 60Ml,in stock,new,18.29 BRL,https://loja.redecentralfarma.com.br/,https://d22vuod48cepji.cloudfront.net/ib.item.image.large/l-6ebc06dcb9374a679136d0f922b58341.png,Rioquímica
53635,Antitranspirante Roll-On Invisible Black & White Clear Nivea 50ml,Antitranspirante Roll-On Invisible Black & White Clear Nivea 50ml,in stock,new,10.49 BRL,https://loja.redecentralfarma.com.br/,https://d22vuod48cepji.cloudfront.net/ib.item.image.large/l-083cf692d3f14791999a75d0f0a06d91.png,Nivea
57268,Creme de Tratamento Ultraprofundo Novex Óleo de Coco Pote 1kg,Creme de Tratamento Ultraprofundo Novex Óleo de Coco Pote 1kg,in stock,new,29.99 BRL,https://loja.redecentralfarma.com.br/,https://d22vuod48cepji.cloudfront.net/ib.item.image.large/l-a47753a3be044d0d85c989c2b724c3c0.jpeg,Novex
63634,Sabonete Líquido Suave de Glicerina Granado Bebê Frasco 250ml,Sabonete Líquido Suave de Glicerina Granado Bebê Frasco 250ml,in stock,new,29.99 BRL,https://loja.redecentralfarma.com.br/,https://d22vuod48cepji.cloudfront.net/ib.item.image.large/l-7d0e973182dc49c98a7a775b2ec45eb3.jpeg,Granado
72146,Suco DEL VALLE Lata Uva 290ml,Suco DEL VALLE Lata Uva 290ml,in stock,new,6.49 BRL,https://loja.redecentralfarma.com.br/,https://d22vuod48cepji.cloudfront.net/ib.item.image.large/l-e92ee30dab464a0a8cbb2b077f00cbf3.jpg,Del Valle
83642,Antitranspirante Aerossol Jato Seco Vulcan Above Men Elements 150ml,Antitranspirante Aerossol Jato Seco Vulcan Above Men Elements 150ml,in stock,new,9.49 BRL,https://loja.redecentralfarma.com.br/,https://d22vuod48cepji.cloudfront.net/ib.item.image.large/l-f44f7274725843d8beb32cda6bee03bc.jpeg,Above
92785,Antitranspirante Aerossol Rexona Men V8 250ml Spray Leve Mais Pague Menos,Antitranspirante Aerossol Rexona Men V8 250ml Spray Leve Mais Pague Menos,in stock,new,25.49 BRL,https://loja.redecentralfarma.com.br/,https://d22vuod48cepji.cloudfront.net/ib.item.image.large/l-f39305a73bc841bba15e0eceaead2f4a.png,Rexona
93469,Absorvente com Abas Seca Intimus Noturno Pacote 8 Unidades,Absorvente com Abas Seca Intimus Noturno Pacote 8 Unidades,in stock,new,10.99 BRL,https://loja.redecentralfarma.com.br/,https://d22vuod48cepji.cloudfront.net/ib.item.image.large/l-3fbc886bf43f4efe93a621929ed65b4e.jpeg,Intimus
95666,Algodao Bem Care Discos 100Un,Algodao Bem Care Discos 100Un,in stock,new,13.29 BRL,https://loja.redecentralfarma.com.br/,https://d22vuod48cepji.cloudfront.net/ib.item.image.large/l-6a81c35b849945f58ca418d5dfb8f695.png,Bem Care
100376,Antitranspirante Aerossol Rexona Men Antibacterial + Invisible 150ml Spray,Antitranspirante Aerossol Rexona Men Antibacterial + Invisible 150ml Spray,in stock,new,17.99 BRL,https://loja.redecentralfarma.com.br/,https://d22vuod48cepji.cloudfront.net/ib.item.image.large/l-8671b97ccbba4fa7893cb467edd657de.png,Rexona
102230,Brinco Vivence Luxo Ouro/Prata,Brinco Vivence Luxo Ouro/Prata,in stock,new,50.49 BRL,https://loja.redecentralfarma.com.br/,https://d22vuod48cepji.cloudfront.net/ib.item.image.large/l-ad055b8a0a72490492236702baf3f394.png,Vivence
102365,Serum Dermachem Clareador 30Ml,Serum Dermachem Clareador 30Ml,in stock,new,14.79 BRL,https://loja.redecentralfarma.com.br/,https://d22vuod48cepji.cloudfront.net/ib.item.image.large/l-7ccd33f30ed143e5b91c2ebd029f2720.jpeg,Dermachem
104012,Energético Juice Monster Pipeline Punch Lata 473ml,Energético Juice Monster Pipeline Punch Lata 473ml,in stock,new,11.99 BRL,https://loja.redecentralfarma.com.br/,https://d22vuod48cepji.cloudfront.net/ib.item.image.large/l-63e1dbd8f5f045f4947df5b86c437a94.jpeg,Monster
104349,Desodorante Aerossol Volcano Herbíssimo 150ml,Desodorante Aerossol Volcano Herbíssimo 150ml,in stock,new,11.29 BRL,https://loja.redecentralfarma.com.br/,https://d22vuod48cepji.cloudfront.net/ib.item.image.large/l-65cbbf1e1caa472db98ab4dbf4369a99.jpeg,Herbíssimo
104744,Vaselina liquida 100ml Vasemax,Vaselina liquida 100ml Vasemax,in stock,new,10.29 BRL,https://loja.redecentralfarma.com.br/,https://d22vuod48cepji.cloudfront.net/ib.item.image.large/l-ffd28983742f4443b6f20270d551f19b.png,Farmax
105646,Espacador G-Tech Clear Adulto/Infantil,Espacador G-Tech Clear Adulto/Infantil,in stock,new,37.99 BRL,https://loja.redecentralfarma.com.br/,https://d22vuod48cepji.cloudfront.net/ib.item.image.large/l-ba1c4c7ffbab4f5486b8195967901c70.jpeg,G-Tech
106119,Fralda Descartável Babysec Premium Mega (Xxg) 24 Unidades,Fralda Descartável Babysec Premium Mega (Xxg) 24 Unidades,in stock,new,54.99 BRL,https://loja.redecentralfarma.com.br/,https://d22vuod48cepji.cloudfront.net/ib.item.image.large/l-7ac7303dabd148509dfc8591eee0c450.png,BabySec
106534,Curativo Cremer Infantil Minions 10 Unidades,Curativo Cremer Infantil Minions 10 Unidades,in stock,new,7.49 BRL,https://loja.redecentralfarma.com.br/,https://d22vuod48cepji.cloudfront.net/ib.item.image.large/l-b4c917db08a34ea096b3f1741912bdc6.webp,Cremer
108141,Shampoo Seda Luminous UV Frasco 300ml,Shampoo Seda Luminous UV Frasco 300ml,in stock,new,15.49 BRL,https://loja.redecentralfarma.com.br/,https://d22vuod48cepji.cloudfront.net/ib.item.image.large/l-525ba68f7a654f3892dcb1f6a4026ecd.png,Seda
111841,Sabonete Líquido Íntimo Natural Nivea Frasco 250ml,Sabonete Líquido Íntimo Natural Nivea Frasco 250ml,in stock,new,27.49 BRL,https://loja.redecentralfarma.com.br/,https://d22vuod48cepji.cloudfront.net/ib.item.image.large/l-a1afb04397cd46538dcee0ed7f7927a1.png,Nivea
113429,Shampoo Encorpador L'Oréal Paris Elseve Collagen Lifter 400ml,Shampoo Encorpador L'Oréal Paris Elseve Collagen Lifter 400ml,in stock,new,35.29 BRL,https://loja.redecentralfarma.com.br/,https://d22vuod48cepji.cloudfront.net/ib.item.image.large/l-e4ee99f0a8894acfa0d4057535112f8a.jpg,Elseve
115524,Manteiga de Cacau Em Batom Ziin Ziin (F),Manteiga de Cacau Em Batom Ziin Ziin (F),in stock,new,3.49 BRL,https://loja.redecentralfarma.com.br/,https://d22vuod48cepji.cloudfront.net/ib.item.image.large/l-61727076f52a477d80384f4b4ec26cc2.webp,Ziin Ziin
115596,Creme De Tratamento Hidratação + Hidro-Hialurônico Dove 320g,Creme De Tratamento Hidratação + Hidro-Hialurônico Dove 320g,in stock,new,19.99 BRL,https://loja.redecentralfarma.com.br/,https://d22vuod48cepji.cloudfront.net/ib.item.image.large/l-2dce4cc4a2e5471b90dac2870b0af0c2.webp,Dove
115763,Sabonete Barra Antibacteriano Protex Nutri Protect Vitamina E Envoltório 85g,Sabonete Barra Antibacteriano Protex Nutri Protect Vitamina E Envoltório 85g,in stock,new,4.49 BRL,https://loja.redecentralfarma.com.br/,https://d22vuod48cepji.cloudfront.net/ib.item.image.large/l-75fba5d084af49edb56498b93836fc0f.png,Protex
2379,Desodorante Pó para os Pés Baruel Tenys Pé Canforado Frasco 100g,Desodorante Pó para os Pés Baruel Tenys Pé Canforado Frasco 100g,in stock,new,15.29 BRL,https://loja.redecentralfarma.com.br/,https://d22vuod48cepji.cloudfront.net/ib.item.image.large/l-dc9565e25668444b9b020595e70f8dba.jpeg,Baruel
3481,Antitranspirante Roll-On Active Dry Impact Nivea Men 50ml,Antitranspirante Roll-On Active Dry Impact Nivea Men 50ml,in stock,new,10.49 BRL,https://loja.redecentralfarma.com.br/,https://d22vuod48cepji.cloudfront.net/ib.item.image.large/l-7fc0159f9fdd48a4881054bce544b680.png,Nivea Men
6806,Preservativo Masculino Lubrificado Prazer Prolongado Blowtex Pacote 3 Unidades,Preservativo Masculino Lubrificado Prazer Prolongado Blowtex Pacote 3 Unidades,in stock,new,11.49 BRL,https://loja.redecentralfarma.com.br/,https://d22vuod48cepji.cloudfront.net/ib.item.image.large/l-61ee03e2538c4af6bd190f7ed286f56b.jpeg,Blowtex
69490,Condicionador L'oréal Paris Elseve Reparação Total 5 Frasco 400ml,Condicionador L'oréal Paris Elseve Reparação Total 5 Frasco 400ml,in stock,new,41.99 BRL,https://loja.redecentralfarma.com.br/,https://d22vuod48cepji.cloudfront.net/ib.item.image.large/l-c5d9f282576e4b71bb7a428c924d1ffa.jpeg,L'oréal Paris
69499,Sabonete Barra Hidratante Nivea Creme Care Caixa 90g,Sabonete Barra Hidratante Nivea Creme Care Caixa 90g,in stock,new,5.49 BRL,https://loja.redecentralfarma.com.br/,https://d22vuod48cepji.cloudfront.net/ib.item.image.large/l-4d888cf2c63e4303aaac3be203f6b233.png,Nivea
81553,Antitranspirante Aerossol Candy Above Women 150ml,Antitranspirante Aerossol Candy Above Women 150ml,in stock,new,9.49 BRL,https://loja.redecentralfarma.com.br/,https://d22vuod48cepji.cloudfront.net/ib.item.image.large/l-1dacbb4361b744b5a0006374dd138bf3.jpeg,Above
94735,Wafer Recheio e Cobertura Chocolate Lacta Bis Xtra Pacote 45g,Wafer Recheio e Cobertura Chocolate Lacta Bis Xtra Pacote 45g,in stock,new,6.99 BRL,https://loja.redecentralfarma.com.br/,https://d22vuod48cepji.cloudfront.net/ib.item.image.large/l-ac08892611b64972acde474f260e66b1.jpeg,Lacta
107423,Bananinha Ouro Zero Açucar 23G,Bananinha Ouro Zero Açucar 23G,in stock,new,3.49 BRL,https://loja.redecentralfarma.com.br/,https://d22vuod48cepji.cloudfront.net/ib.item.image.large/l-b00e48fef7544b6cbab1ac1d086da79a.jpeg,Bananinha Ouro
114189,Bebida Láctea Chocolate ao Leite Alpino 280ml,Bebida Láctea Chocolate ao Leite Alpino 280ml,in stock,new,11.99 BRL,https://loja.redecentralfarma.com.br/,https://d22vuod48cepji.cloudfront.net/ib.item.image.large/l-6740777a5f1a41f8aba471e22798112f.png,Nestlé
114645,Creme para Pentear Definição Imediata Cachos Cola  Salon Line1kg,Creme para Pentear Definição Imediata Cachos Cola  Salon Line1kg,in stock,new,39.99 BRL,https://loja.redecentralfarma.com.br/,https://d22vuod48cepji.cloudfront.net/ib.item.image.large/l-4e6c5bc5e8b24d4ca80667dc3c842de4.webp,Salon Line
115779,Fralda Calça Infantil Premium Dia E Noite Baby Care Tamanho G 60 Unidades,Fralda Calça Infantil Premium Dia E Noite Baby Care Tamanho G 60 Unidades,in stock,new,86.99 BRL,https://loja.redecentralfarma.com.br/,https://d22vuod48cepji.cloudfront.net/ib.item.image.large/l-371ea45a0c49483090ec6a6506f64e9f.webp,Baby Care
2422,Condicionador Seda Brilho Ceramidas Frasco 325ml,Condicionador Seda Brilho Ceramidas Frasco 325ml,in stock,new,17.79 BRL,https://loja.redecentralfarma.com.br/,https://d22vuod48cepji.cloudfront.net/ib.item.image.large/l-fb38242e29d140928d99848c280716d4.png,Seda
2552,Desodorante Spray Classic Très Marchand 100ml,Desodorante Spray Classic Très Marchand 100ml,in stock,new,9.99 BRL,https://loja.redecentralfarma.com.br/,https://d22vuod48cepji.cloudfront.net/ib.item.image.large/l-ac290db0c86d42bda505cacad306dbc8.jpeg,Très Marchand
2652,Preservativo Masculino Lubrificado Flavorizado Morango Olla Pacote 3 Unidades,Preservativo Masculino Lubrificado Flavorizado Morango Olla Pacote 3 Unidades,in stock,new,9.99 BRL,https://loja.redecentralfarma.com.br/,https://d22vuod48cepji.cloudfront.net/ib.item.image.large/l-61e11f72cefa47ba9eaf4641779a1301.jpeg,Olla
3493,Escova Dental Macia Colgate Classic Clean Cabeça Normal,Escova Dental Macia Colgate Classic Clean Cabeça Normal,in stock,new,6.49 BRL,https://loja.redecentralfarma.com.br/,https://d22vuod48cepji.cloudfront.net/ib.item.image.large/l-8b75a18c69f4400db2e3ea2646256a5a.png,Colgate
3770,Enxaguante Antisséptico Bucal Listerine Cool Mint Hortelã 500ml,Enxaguante Antisséptico Bucal Listerine Cool Mint Hortelã 500ml,in stock,new,24.99 BRL,https://loja.redecentralfarma.com.br/,https://d22vuod48cepji.cloudfront.net/ib.item.image.large/l-d89b6c73b79f45f185bd030e66740121.jpeg,Listerine
4146,Coloração Niely Cor&Ton Marrom Dourado 7.7,Coloração Niely Cor&Ton Marrom Dourado 7.7,in stock,new,17.99 BRL,https://loja.redecentralfarma.com.br/,https://d22vuod48cepji.cloudfront.net/ib.item.image.large/l-742f7619d7814faeac019603901beba9.jpeg,Cor & Ton
45193,Enxaguante Bucal Anticárie Zero Álcool Fresh Mint Colgate Plax Frasco 60ml,Enxaguante Bucal Anticárie Zero Álcool Fresh Mint Colgate Plax Frasco 60ml,in stock,new,6.99 BRL,https://loja.redecentralfarma.com.br/,https://d22vuod48cepji.cloudfront.net/ib.item.image.large/l-6f20728d534745029384dace6a563e1f.jpeg,Colgate
62824,Antitranspirante Vip Old Spice 150ml Spray,Antitranspirante Vip Old Spice 150ml Spray,in stock,new,19.99 BRL,https://loja.redecentralfarma.com.br/,https://d22vuod48cepji.cloudfront.net/ib.item.image.large/l-e83f92e263854e14a47fb5e70c76ef53.png,Old Spice
69095,Adesivo De Unhas Strass,Adesivo De Unhas Strass,in stock,new,6.99 BRL,https://loja.redecentralfarma.com.br/,https://d22vuod48cepji.cloudfront.net/ib.item.image.large/l-0e5dceb9e45043129eb0dca7ddf5996e.png,
75953,Pincel para Tintura Ricca,Pincel para Tintura Ricca,in stock,new,12.49 BRL,https://loja.redecentralfarma.com.br/,https://d22vuod48cepji.cloudfront.net/ib.item.image.large/l-0f6a11a26d0f42409ae25b2fd351a9f8.jpeg,Ricca
80047,Escova Dental Média Oral-B 1-2-3 Clean 3 Unidades,Escova Dental Média Oral-B 1-2-3 Clean 3 Unidades,in stock,new,12.99 BRL,https://loja.redecentralfarma.com.br/,https://d22vuod48cepji.cloudfront.net/ib.item.image.large/l-1dbe4571b4234d9d9c5294220d0eec5b.png,Oral-B
81555,Antitranspirante Aerossol Sport Energy Above Women 150ml,Antitranspirante Aerossol Sport Energy Above Women 150ml,in stock,new,9.49 BRL,https://loja.redecentralfarma.com.br/,https://d22vuod48cepji.cloudfront.net/ib.item.image.large/l-faa2939034ed4914b2221e0532eeadb3.jpeg,Above
83922,Halls Cereja 28g,Halls Cereja 28g,in stock,new,3.49 BRL,https://loja.redecentralfarma.com.br/,https://d22vuod48cepji.cloudfront.net/ib.item.image.large/l-e18134295bda4ebb959b895e0b7f643e.webp,Halls
89528,Shampoo Anticaspa Head & Shoulders Men Frasco 200ml,Shampoo Anticaspa Head & Shoulders Men Frasco 200ml,in stock,new,18.99 BRL,https://loja.redecentralfarma.com.br/,https://d22vuod48cepji.cloudfront.net/ib.item.image.large/l-52a48f56dc2b4c6d878c85980e5f02f5.png,Head & Shoulders
95017,"Esmalte Impala Perolado Neném 7,5 MI","Esmalte Impala Perolado Neném 7,5 MI",in stock,new,5.99 BRL,https://loja.redecentralfarma.com.br/,https://d22vuod48cepji.cloudfront.net/ib.item.image.large/l-987a5cc11a6e44d19e6d920e56d560c2.png,Impala
95232,Desodorante Corporal Flor de Lavanda Monange Hidratação Essencial Frasco 400ml Embalagem Econômica,Desodorante Corporal Flor de Lavanda Monange Hidratação Essencial Frasco 400ml Embalagem Econômica,in stock,new,15.99 BRL,https://loja.redecentralfarma.com.br/,https://d22vuod48cepji.cloudfront.net/ib.item.image.large/l-efcc1632dd2b49fa8d4d97720cf8b632.jpeg,Monange
97604,Creme Dental Carvão Ativado Dazzling Mint Colgate Luminous White Caixa 140g,Creme Dental Carvão Ativado Dazzling Mint Colgate Luminous White Caixa 140g,in stock,new,17.49 BRL,https://loja.redecentralfarma.com.br/,https://d22vuod48cepji.cloudfront.net/ib.item.image.large/l-adf395732a1a432797af01801f128d76.png,Colgate
99123,Reparador de Pontas Fixed Ceramidas 30ml,Reparador de Pontas Fixed Ceramidas 30ml,in stock,new,9.49 BRL,https://loja.redecentralfarma.com.br/,https://d22vuod48cepji.cloudfront.net/ib.item.image.large/l-ffb87f82b22a47188d8dd4d201188e28.png,Fixed
100456,Fita Micropore 25mm x 10m Hipoalergênica Branca 3M,Fita Micropore 25mm x 10m Hipoalergênica Branca 3M,in stock,new,15.49 BRL,https://loja.redecentralfarma.com.br/,https://d22vuod48cepji.cloudfront.net/ib.item.image.large/l-694ac8df689e461aa161bbea688b8253.jpeg,3M
101993,"Esmalte Impala Perolado Lua 7,5 ml","Esmalte Impala Perolado Lua 7,5 ml",in stock,new,5.99 BRL,https://loja.redecentralfarma.com.br/,https://d22vuod48cepji.cloudfront.net/ib.item.image.large/l-a8f7298c18e84eb6b4d2711349d14247.png,Impala
104342,Chiclete Trident Melancia Sem Açúcar 8g,Chiclete Trident Melancia Sem Açúcar 8g,in stock,new,4.49 BRL,https://loja.redecentralfarma.com.br/,https://d22vuod48cepji.cloudfront.net/ib.item.image.large/l-1fdd18b352404211ba483274739a07aa.webp,Trident
104389,Protetor Diário sem Abas Carefree TodoDia Pacote 40 Unidades Embalagem Econômica,Protetor Diário sem Abas Carefree TodoDia Pacote 40 Unidades Embalagem Econômica,in stock,new,20.49 BRL,https://loja.redecentralfarma.com.br/,https://d22vuod48cepji.cloudfront.net/ib.item.image.large/l-693ab58d46a1402aa7203de401d25e4f.png,Carefree
105384,Termômetro Digital G.Tech Clinico Digital Unidade,Termômetro Digital G.Tech Clinico Digital Unidade,in stock,new,21.99 BRL,https://loja.redecentralfarma.com.br/,https://d22vuod48cepji.cloudfront.net/ib.item.image.large/l-9fa3f8c9eabd409f853a301b18ecc699.png,G-Tech
106427,Leave-In Finalizador Pantene Óleo Milagroso Frasco 95ml Pump,Leave-In Finalizador Pantene Óleo Milagroso Frasco 95ml Pump,in stock,new,43.49 BRL,https://loja.redecentralfarma.com.br/,https://d22vuod48cepji.cloudfront.net/ib.item.image.large/l-9f71c6d078e44052937f787f8dfc69f0.png,Pantene
106555,Esmalte Cremoso Se Solta no Blues Risqué Frasco 8ml,Esmalte Cremoso Se Solta no Blues Risqué Frasco 8ml,in stock,new,5.99 BRL,https://loja.redecentralfarma.com.br/,https://d22vuod48cepji.cloudfront.net/ib.item.image.large/l-4c89b77134f54a9ea41f1237347edcc1.jpeg,Risqué
106687,Óleo de Coco Extra Virgem Copra Vidro 200ml,Óleo de Coco Extra Virgem Copra Vidro 200ml,in stock,new,28.99 BRL,https://loja.redecentralfarma.com.br/,https://d22vuod48cepji.cloudfront.net/ib.item.image.large/l-41a6d6a74327443fa380fb004fbbbccb.jpeg,Copra
107750,Fralda Bummis Magics Premium Hiper EG 58 Unidades,Fralda Bummis Magics Premium Hiper EG 58 Unidades,in stock,new,83.99 BRL,https://loja.redecentralfarma.com.br/,https://d22vuod48cepji.cloudfront.net/ib.item.image.large/l-7b4c0bc48cae47779738c345cd96d4d6.jpeg,Bummis
108460,Óleo Cachos dos Sonhos Multy Poderosos Melancia Salon Line 50ml,Óleo Cachos dos Sonhos Multy Poderosos Melancia Salon Line 50ml,in stock,new,22.29 BRL,https://loja.redecentralfarma.com.br/,https://d22vuod48cepji.cloudfront.net/ib.item.image.large/l-7b0b66bd9ca646799cc39a169c9e769a.jpeg,Salon Line
113447,Antitranspirante Aerossol Rexona Invisible 250ml,Antitranspirante Aerossol Rexona Invisible 250ml,in stock,new,25.49 BRL,https://loja.redecentralfarma.com.br/,https://d22vuod48cepji.cloudfront.net/ib.item.image.large/l-c8a301515e0447618f3c8c2b202f20b1.png,Rexona
113467,Refrigerante Sprite Lemon Fresh sem Açúcar 510ml,Refrigerante Sprite Lemon Fresh sem Açúcar 510ml,in stock,new,5.99 BRL,https://loja.redecentralfarma.com.br/,https://d22vuod48cepji.cloudfront.net/ib.item.image.large/l-26c3fd0980784a54addbb5bd2e986c44.png,Sprite
114114,Fralda Capricho Baby Jumbinho M 20 Unidades,Fralda Capricho Baby Jumbinho M 20 Unidades,in stock,new,20.49 BRL,https://loja.redecentralfarma.com.br/,https://d22vuod48cepji.cloudfront.net/ib.item.image.large/l-cee3e833be8640cdaf06808f07e93bd8.webp,Capricho
114120,"Esparadrapo Impermeável Branco Cremer 2,5cm x 4,5m","Esparadrapo Impermeável Branco Cremer 2,5cm x 4,5m",in stock,new,14.99 BRL,https://loja.redecentralfarma.com.br/,https://d22vuod48cepji.cloudfront.net/ib.item.image.large/l-cf2cafb501d946e0bd0b8112f40399c5.webp,Cremer
5447,Esmalte Risqué Rosa Natural Duna 8ml,Esmalte Risqué Rosa Natural Duna 8ml,in stock,new,5.99 BRL,https://loja.redecentralfarma.com.br/,https://d22vuod48cepji.cloudfront.net/ib.item.image.large/l-635267b2d1bf4a42a50d3cf86c478202.jpeg,Risqué
109475,Esmalte Seda Base Risqué Care Frasco 8ml,Esmalte Seda Base Risqué Care Frasco 8ml,in stock,new,5.99 BRL,https://loja.redecentralfarma.com.br/,https://d22vuod48cepji.cloudfront.net/ib.item.image.large/l-833aa1a2c2274096aba8e6e29f8a4f0f.jpeg,Risqué
3636,Isotônico Gatorade Laranja Garrafa 500ml,Isotônico Gatorade Laranja Garrafa 500ml,in stock,new,8.99 BRL,https://loja.redecentralfarma.com.br/,https://d22vuod48cepji.cloudfront.net/ib.item.image.large/l-dc73871219ee4b5dafe051b163568822.jpeg,Gatorade
4198,Isotônico Limão Gatorade Garrafa 500ml,Isotônico Limão Gatorade Garrafa 500ml,in stock,new,8.99 BRL,https://loja.redecentralfarma.com.br/,https://d22vuod48cepji.cloudfront.net/ib.item.image.large/l-cd660240c75440058f619dbb3235bcf8.jpeg,Gatorade
7404,Antitranspirante Roll-On Nivea Pearl & Beauty 50ml,Antitranspirante Roll-On Nivea Pearl & Beauty 50ml,in stock,new,10.49 BRL,https://loja.redecentralfarma.com.br/,https://d22vuod48cepji.cloudfront.net/ib.item.image.large/l-3b247ee9022c4989894c556ec84c456d.png,Nivea
57642,Desodorante Pó para os Pés Baruel Tenys Pé Woman Frasco 100g,Desodorante Pó para os Pés Baruel Tenys Pé Woman Frasco 100g,in stock,new,15.29 BRL,https://loja.redecentralfarma.com.br/,https://d22vuod48cepji.cloudfront.net/ib.item.image.large/l-02b063d3f47d4b5b9e67cab4cefafc03.jpeg,Baruel
71532,Absorvente com Abas Suave Sempre Livre Conforto Noturno Pacote 32 Unidades Leve Mais Pague Menos,Absorvente com Abas Suave Sempre Livre Conforto Noturno Pacote 32 Unidades Leve Mais Pague Menos,in stock,new,39.99 BRL,https://loja.redecentralfarma.com.br/,https://d22vuod48cepji.cloudfront.net/ib.item.image.large/l-3f0d22b4fc7f4956a78782534f20884a.png,Sempre Livre
71708,Folhas para Depilação Suave Facial Depi Roll Resistance Caixa 16 Unidades,Folhas para Depilação Suave Facial Depi Roll Resistance Caixa 16 Unidades,in stock,new,15.49 BRL,https://loja.redecentralfarma.com.br/,https://d22vuod48cepji.cloudfront.net/ib.item.image.large/l-7881eb3069db4a618d3b3bcbbfacb300.jpeg,Depi Roll
79123,Tint Alfaparf Alta Moda 1.11 Preto Azulado,Tint Alfaparf Alta Moda 1.11 Preto Azulado,in stock,new,16.99 BRL,https://loja.redecentralfarma.com.br/,https://d22vuod48cepji.cloudfront.net/ib.item.image.large/l-d0f7e6083e124c76ad1f2dc03c5211b9.jpeg,Alta Moda
81966,Gota Milagrosa Locao P/ Pes 30Ml,Gota Milagrosa Locao P/ Pes 30Ml,in stock,new,9.79 BRL,https://loja.redecentralfarma.com.br/,https://d22vuod48cepji.cloudfront.net/ib.item.image.large/l-307fcc6de091425b981810df21670e2b.png,Gota Milagrosa
82676,Fita Para Fraldas Branca Cremer 19Mmx20M,Fita Para Fraldas Branca Cremer 19Mmx20M,in stock,new,8.49 BRL,https://loja.redecentralfarma.com.br/,https://d22vuod48cepji.cloudfront.net/ib.item.image.large/l-6a87d6d81f3b4bc8b36abca936c591a3.jpeg,Cremer
92786,Antitranspirante Aerossol Rexona Antibacterial + Invisible 250ml Spray Leve Mais Pague Menos,Antitranspirante Aerossol Rexona Antibacterial + Invisible 250ml Spray Leve Mais Pague Menos,in stock,new,25.49 BRL,https://loja.redecentralfarma.com.br/,https://d22vuod48cepji.cloudfront.net/ib.item.image.large/l-a74444e8bd864718b6525d90289a88f6.png,Rexona
95010,Óleo Deo Corporal Inspiradora Paixão Frasco 100ml,Óleo Deo Corporal Inspiradora Paixão Frasco 100ml,in stock,new,14.99 BRL,https://loja.redecentralfarma.com.br/,https://d22vuod48cepji.cloudfront.net/ib.item.image.large/l-238a0533a33442c9bc90be740d6a1531.jpeg,Paixão
96975,Sabonete Barra Antibacterial Rexona Limpeza Profunda Envoltório 84g,Sabonete Barra Antibacterial Rexona Limpeza Profunda Envoltório 84g,in stock,new,3.29 BRL,https://loja.redecentralfarma.com.br/,https://d22vuod48cepji.cloudfront.net/ib.item.image.large/l-20f14d6cbda34b299a4a8d5e7540046f.png,Rexona
98189,Desodorante Creme Antiperspirante Fresh Herbíssimo 55g,Desodorante Creme Antiperspirante Fresh Herbíssimo 55g,in stock,new,8.29 BRL,https://loja.redecentralfarma.com.br/,https://d22vuod48cepji.cloudfront.net/ib.item.image.large/l-5333b9ff6150440f84f231036255c16e.jpeg,Herbíssimo
103059,Antitranspirante Aerossol Invisible Black Above Men Extreme 150ml,Antitranspirante Aerossol Invisible Black Above Men Extreme 150ml,in stock,new,9.49 BRL,https://loja.redecentralfarma.com.br/,https://d22vuod48cepji.cloudfront.net/ib.item.image.large/l-3989ba378a2a4f1794a74b739da618ca.jpeg,Above
104348,Desodorante Aerossol Snow Moon Herbíssimo 150ml,Desodorante Aerossol Snow Moon Herbíssimo 150ml,in stock,new,11.29 BRL,https://loja.redecentralfarma.com.br/,https://d22vuod48cepji.cloudfront.net/ib.item.image.large/l-97f24ae0d40c49f1902d54a0c1a4e015.jpeg,Herbíssimo
106072,Reparador de Pontas Fixed Alecrim 30ml,Reparador de Pontas Fixed Alecrim 30ml,in stock,new,9.49 BRL,https://loja.redecentralfarma.com.br/,https://d22vuod48cepji.cloudfront.net/ib.item.image.large/l-3060ec7b8f904c40978d1f1d3287b0e1.jpeg,Fixed
106888,Sabonete Íntimo Apinil Barbatimão e Flor de Algodão -  210ml,Sabonete Íntimo Apinil Barbatimão e Flor de Algodão -  210ml,in stock,new,10.99 BRL,https://loja.redecentralfarma.com.br/,https://d22vuod48cepji.cloudfront.net/ib.item.image.large/l-db6fb122cea64ffa97fc4412dacde385.jpg,Apinil
108283,Kit Shampoo 350ml + Condicionador 175ml Tresemmé Reconstrução e Força,Kit Shampoo 350ml + Condicionador 175ml Tresemmé Reconstrução e Força,in stock,new,29.99 BRL,https://loja.redecentralfarma.com.br/,https://d22vuod48cepji.cloudfront.net/ib.item.image.large/l-80cccbe4a44e4022bb8d11b58e469500.png,Tresemmé
110619,Refil Sabonete Líquido Erva Doce Bem Care 200ml,Refil Sabonete Líquido Erva Doce Bem Care 200ml,in stock,new,4.99 BRL,https://loja.redecentralfarma.com.br/,https://d22vuod48cepji.cloudfront.net/ib.item.image.large/l-dc5fc720ac9d43c5a16bc63d53696e07.webp,Bem Care
110620,Refil Sabonete Líquido Orquídeas Bem Care 200ml,Refil Sabonete Líquido Orquídeas Bem Care 200ml,in stock,new,4.99 BRL,https://loja.redecentralfarma.com.br/,https://d22vuod48cepji.cloudfront.net/ib.item.image.large/l-4de9c64bbeca4539ad9eead52a02d218.webp,Bem Care
112609,Salon Line Óleo Capilar Bob Esponja 42Ml,Salon Line Óleo Capilar Bob Esponja 42Ml,in stock,new,20.49 BRL,https://loja.redecentralfarma.com.br/,https://d22vuod48cepji.cloudfront.net/ib.item.image.large/l-ca3a3377bf344fab824d55ccd1832e07.jpg,Salon Line
115598,Creme De Tratamento Nutrição + Tri-Óleos Dove 320g,Creme De Tratamento Nutrição + Tri-Óleos Dove 320g,in stock,new,19.99 BRL,https://loja.redecentralfarma.com.br/,https://d22vuod48cepji.cloudfront.net/ib.item.image.large/l-172abaf973434584a2d114d5fdaeb191.webp,Dove
115748,Sabonete Barra Buquê de Jasmim Lux Botanicals Envoltório 85g,Sabonete Barra Buquê de Jasmim Lux Botanicals Envoltório 85g,in stock,new,3.49 BRL,https://loja.redecentralfarma.com.br/,https://d22vuod48cepji.cloudfront.net/ib.item.image.large/l-28f2fefe3c4d4779a01bd43ca515f4d3.jpeg,Lux
115759,Sabonete Barra Limpeza Profunda Antibacteriano Protex Envoltório 85g,Sabonete Barra Limpeza Profunda Antibacteriano Protex Envoltório 85g,in stock,new,4.49 BRL,https://loja.redecentralfarma.com.br/,https://d22vuod48cepji.cloudfront.net/ib.item.image.large/l-25f6bba130aa46058016e95dcdfdebbb.png,Protex
2205,Absorvente Interno O.B. Sempre Livre Pro Comfort Médio Caixa 10 Unidades Leve Mais Pague Menos,Absorvente Interno O.B. Sempre Livre Pro Comfort Médio Caixa 10 Unidades Leve Mais Pague Menos,in stock,new,15.29 BRL,https://loja.redecentralfarma.com.br/,https://d22vuod48cepji.cloudfront.net/ib.item.image.large/l-f7ad69aad99244feb83cb709360ed47a.png,O.B. Sempre Livre
2207,Absorvente Interno O.B. Original Super Caixa  Leve 10 Pague 8 Unidades,Absorvente Interno O.B. Original Super Caixa  Leve 10 Pague 8 Unidades,in stock,new,15.29 BRL,https://loja.redecentralfarma.com.br/,https://d22vuod48cepji.cloudfront.net/ib.item.image.large/l-a30805d7df314a7196dd8445003debd9.png,O.B.
2250,Creme Dental Menta Refrescante Colgate Máxima Proteção Anticáries Caixa 90g,Creme Dental Menta Refrescante Colgate Máxima Proteção Anticáries Caixa 90g,in stock,new,5.99 BRL,https://loja.redecentralfarma.com.br/,https://d22vuod48cepji.cloudfront.net/ib.item.image.large/l-a71e230dac7b4c888899dbf4114acd1c.png,Colgate
2419,Antitranspirante Aerossol Rexona Powder Dry 150ml Spray,Antitranspirante Aerossol Rexona Powder Dry 150ml Spray,in stock,new,17.99 BRL,https://loja.redecentralfarma.com.br/,https://d22vuod48cepji.cloudfront.net/ib.item.image.large/l-684e31d0506a45cd804b6848b0542044.png,Rexona
2463,Desodorante Corporal Frutas Vermelhas Monange Hidratação Essencial Frasco 200ml,Desodorante Corporal Frutas Vermelhas Monange Hidratação Essencial Frasco 200ml,in stock,new,12.29 BRL,https://loja.redecentralfarma.com.br/,https://d22vuod48cepji.cloudfront.net/ib.item.image.large/l-4793ff3951ea464b9544feae2c09a587.jpeg,Monange
2469,Shampoo Seda Pretos Luminosos Frasco 325ml,Shampoo Seda Pretos Luminosos Frasco 325ml,in stock,new,15.99 BRL,https://loja.redecentralfarma.com.br/,https://d22vuod48cepji.cloudfront.net/ib.item.image.large/l-260cf4dd14224499a5e17600247d75bb.png,Seda
2511,Condicionador Seda Cachos Definidos Frasco 325ml,Condicionador Seda Cachos Definidos Frasco 325ml,in stock,new,17.79 BRL,https://loja.redecentralfarma.com.br/,https://d22vuod48cepji.cloudfront.net/ib.item.image.large/l-2e3cb73688c24ea58b3ea003a8f4880c.png,Seda
2539,Kit Coloração Creme 60 Louro Escuro Wella Koleston,Kit Coloração Creme 60 Louro Escuro Wella Koleston,in stock,new,29.99 BRL,https://loja.redecentralfarma.com.br/,https://d22vuod48cepji.cloudfront.net/ib.item.image.large/l-7c2e35579b784fe2981e4f31d5bd05c7.jpeg,Wella
2897,Esmalte Longa Duração Cremoso Nu Chic Pele Colorama 8Ml,Esmalte Longa Duração Cremoso Nu Chic Pele Colorama 8Ml,in stock,new,7.99 BRL,https://loja.redecentralfarma.com.br/,https://d22vuod48cepji.cloudfront.net/ib.item.image.large/l-89fb6e2219434bdaa66f9272ff71a423.jpeg,Colorama
3538,Cera Depilatória Roll-On Tradicional Corporal   Depi Roll Profissional 100g,Cera Depilatória Roll-On Tradicional Corporal   Depi Roll Profissional 100g,in stock,new,9.39 BRL,https://loja.redecentralfarma.com.br/,https://d22vuod48cepji.cloudfront.net/ib.item.image.large/l-5f3d836cf72d4e169d0c3d1e42a8e186.jpeg,Depi Roll
4357,Oleo Natural Rosa Mosqueta 10Ml,Oleo Natural Rosa Mosqueta 10Ml,in stock,new,24.99 BRL,https://loja.redecentralfarma.com.br/,https://d22vuod48cepji.cloudfront.net/ib.item.image.large/l-17d63fe2361b4322a9482612122b4bd6.jpeg,Epilé
4850,Sabonete Barra Hidratante Leite Nivea Flow Pack 85g,Sabonete Barra Hidratante Leite Nivea Flow Pack 85g,in stock,new,3.99 BRL,https://loja.redecentralfarma.com.br/,https://d22vuod48cepji.cloudfront.net/ib.item.image.large/l-1c188b104d5c4e7893252e442cc1ca1b.png,Nivea
6083,Absorvente sem Abas Seca Intimus Tripla Proteção Pacote 8 Unidades,Absorvente sem Abas Seca Intimus Tripla Proteção Pacote 8 Unidades,in stock,new,6.79 BRL,https://loja.redecentralfarma.com.br/,https://d22vuod48cepji.cloudfront.net/ib.item.image.large/l-95f40f05c7aa4575a1aa9b0826aab4dd.jpeg,Intimus
6374,Escova Dental Bebê Extra Suave Colgate,Escova Dental Bebê Extra Suave Colgate,in stock,new,12.99 BRL,https://loja.redecentralfarma.com.br/,https://d22vuod48cepji.cloudfront.net/ib.item.image.large/l-7d60b70524704d46ba5662e896745f65.jpeg,Colgate
14151,Ap Barbear Ultragrip3 2Un Mov Fem,Ap Barbear Ultragrip3 2Un Mov Fem,in stock,new,17.99 BRL,https://loja.redecentralfarma.com.br/,https://d22vuod48cepji.cloudfront.net/ib.item.image.large/l-ea563a78c7e84054b13136b8133ed4c1.jpeg,Gillette
50058,Bucha Vegetal Banho Campo Belo Luva Und,Bucha Vegetal Banho Campo Belo Luva Und,in stock,new,7.99 BRL,https://loja.redecentralfarma.com.br/,https://d22vuod48cepji.cloudfront.net/ib.item.image.large/l-0cc76f3aaf52432ea8cf10aa1799ef6c.jpeg,Campo Belo
58240,Esmalte Longa Duração Bl Cobertura Intensificadora De Cor Colorama 8Ml,Esmalte Longa Duração Bl Cobertura Intensificadora De Cor Colorama 8Ml,in stock,new,9.99 BRL,https://loja.redecentralfarma.com.br/,https://d22vuod48cepji.cloudfront.net/ib.item.image.large/l-052b972e7a7b447abcaba036f0cf2e2e.jpeg,Colorama
62538,Absorvente Interno Intimus Médio Caixa Leve 16 Pague 15 Unidades,Absorvente Interno Intimus Médio Caixa Leve 16 Pague 15 Unidades,in stock,new,23.49 BRL,https://loja.redecentralfarma.com.br/,https://d22vuod48cepji.cloudfront.net/ib.item.image.large/l-524d20f6844340d6ba9651a35088f4d7.jpeg,Intimus
65636,Creme Dental Menta Suave Oral-B 1-2-3 Caixa 70g,Creme Dental Menta Suave Oral-B 1-2-3 Caixa 70g,in stock,new,3.99 BRL,https://loja.redecentralfarma.com.br/,https://d22vuod48cepji.cloudfront.net/ib.item.image.large/l-266ecd020764425f81663acde41e9418.png,Oral-B
68805,Antitranspirante Aerossol Sensível sem Perfume Monange 150ml,Antitranspirante Aerossol Sensível sem Perfume Monange 150ml,in stock,new,11.99 BRL,https://loja.redecentralfarma.com.br/,https://d22vuod48cepji.cloudfront.net/ib.item.image.large/l-49d613fa9d834c53b75e94f31283156c.jpeg,Monange
72135,Refrigerante Limão Sprite Lata 350ml,Refrigerante Limão Sprite Lata 350ml,in stock,new,4.99 BRL,https://loja.redecentralfarma.com.br/,https://d22vuod48cepji.cloudfront.net/ib.item.image.large/l-01d87abb034e4dac92bb0ecfb21be79a.png,Sprite
72371,"Wafer Cobertura Chocolate Lacta Bis Pacote 100,8g","Wafer Cobertura Chocolate Lacta Bis Pacote 100,8g",in stock,new,11.29 BRL,https://loja.redecentralfarma.com.br/,https://d22vuod48cepji.cloudfront.net/ib.item.image.large/l-600f0e25d756423399ad90bb3a3dddfe.png,Lacta
76422,Fita Dental Hillo 100Mt,Fita Dental Hillo 100Mt,in stock,new,8.49 BRL,https://loja.redecentralfarma.com.br/,https://d22vuod48cepji.cloudfront.net/ib.item.image.large/l-236da622342d46c3be7d0d0212d8027b.jpeg,hillo
76530,Ampola SKAFE Concentrado Capilar Antiqueda 10ml,Ampola SKAFE Concentrado Capilar Antiqueda 10ml,in stock,new,3.99 BRL,https://loja.redecentralfarma.com.br/,https://d22vuod48cepji.cloudfront.net/ib.item.image.large/l-05b80941117d474a9ba4176382d71b2e.jpeg,Skafe
78514,Kit Elseve Shampoo 375ml + Condicionador 170ml Elseve Reparação Total 5 L'Oréal Paris,Kit Elseve Shampoo 375ml + Condicionador 170ml Elseve Reparação Total 5 L'Oréal Paris,in stock,new,42.99 BRL,https://loja.redecentralfarma.com.br/,https://d22vuod48cepji.cloudfront.net/ib.item.image.large/l-1190d55532ef4335ab2c5169bca8379e.jpeg,Elseve
82937,Esmalte Longa Duração Cremoso Nu Franca Colorama 8Ml,Esmalte Longa Duração Cremoso Nu Franca Colorama 8Ml,in stock,new,7.99 BRL,https://loja.redecentralfarma.com.br/,https://d22vuod48cepji.cloudfront.net/ib.item.image.large/l-801a78276afc47408efb618576d92540.jpeg,Colorama
83287,Esmalte Impala Cremoso Coffee,Esmalte Impala Cremoso Coffee,in stock,new,5.99 BRL,https://loja.redecentralfarma.com.br/,https://d22vuod48cepji.cloudfront.net/ib.item.image.large/l-600822e8fb394f70bc77d6db60926c55.png,Impala
87820,Creme Relaxante EMBELLEZE AmaciHair Ouse e Brilhe 220g,Creme Relaxante EMBELLEZE AmaciHair Ouse e Brilhe 220g,in stock,new,36.99 BRL,https://loja.redecentralfarma.com.br/,https://d22vuod48cepji.cloudfront.net/ib.item.image.large/l-3218f497180f45c1849e1588669fd8c8.jpeg,Embelleze
88478,Fluido Matizador Violeta Farmax 30Ml,Fluido Matizador Violeta Farmax 30Ml,in stock,new,10.49 BRL,https://loja.redecentralfarma.com.br/,https://d22vuod48cepji.cloudfront.net/ib.item.image.large/l-52e71e5a98d04302b82aa7b54e7021e8.png,farmax
90938,Desodorante Aerossol Antitranspirante Adidas Masculino Pro Invisible 150ml,Desodorante Aerossol Antitranspirante Adidas Masculino Pro Invisible 150ml,in stock,new,14.29 BRL,https://loja.redecentralfarma.com.br/,https://d22vuod48cepji.cloudfront.net/ib.item.image.large/l-59af2754f93c44a88ece3b5f3747cb6d.jpeg,Adidas
92396,Creme de Tratamento Skala Genetiqs Pote 1000g,Creme de Tratamento Skala Genetiqs Pote 1000g,in stock,new,13.99 BRL,https://loja.redecentralfarma.com.br/,https://d22vuod48cepji.cloudfront.net/ib.item.image.large/l-c979fc487ae844fe992c5df9a045983c.jpeg,Skala
92754,Aparelho para Barbear Prestobarba Gillette Ultra Grip Sensitive 2 Unidades,Aparelho para Barbear Prestobarba Gillette Ultra Grip Sensitive 2 Unidades,in stock,new,9.99 BRL,https://loja.redecentralfarma.com.br/,https://d22vuod48cepji.cloudfront.net/ib.item.image.large/l-a1937b709f4c4c16bbb2a006cf204d16.jpeg,Gillette
92782,Antitranspirante Aerossol Dove Men+Care Invisible Dry 250ml Spray Leve Mais Pague Menos,Antitranspirante Aerossol Dove Men+Care Invisible Dry 250ml Spray Leve Mais Pague Menos,in stock,new,28.99 BRL,https://loja.redecentralfarma.com.br/,https://d22vuod48cepji.cloudfront.net/ib.item.image.large/l-ab74352b871b4680af7234f0777206b8.png,Dove
93125,Atadura Crepe Bem Care  6Cm (F),Atadura Crepe Bem Care  6Cm (F),in stock,new,5.39 BRL,https://loja.redecentralfarma.com.br/,https://d22vuod48cepji.cloudfront.net/ib.item.image.large/l-2e0061181a784367b9d19a48f6b27b39.jpeg,Bem Care
93128,Atadura Crepe Bem Care 15Cm (F),Atadura Crepe Bem Care 15Cm (F),in stock,new,7.99 BRL,https://loja.redecentralfarma.com.br/,https://d22vuod48cepji.cloudfront.net/ib.item.image.large/l-b260d40f10ff4386863e18b851db63cb.jpeg,Bem Care
93593,"Esmalte Impala 7,5Ml Flash Silicone Secante","Esmalte Impala 7,5Ml Flash Silicone Secante",in stock,new,10.99 BRL,https://loja.redecentralfarma.com.br/,https://d22vuod48cepji.cloudfront.net/ib.item.image.large/l-a825062192a6451eae62bef4206ae754.jpeg,Impala
95615,Cotonete Bem Care 150Un,Cotonete Bem Care 150Un,in stock,new,10.99 BRL,https://loja.redecentralfarma.com.br/,https://d22vuod48cepji.cloudfront.net/ib.item.image.large/l-5d71aa16ebbc4285a15127fdaf552f66.png,Bem Care
96133,Esmalte Efeito Gel Colorama Frasco 8ml,Esmalte Efeito Gel Colorama Frasco 8ml,in stock,new,15.49 BRL,https://loja.redecentralfarma.com.br/,https://d22vuod48cepji.cloudfront.net/ib.item.image.large/l-d3c936ca232146caa44ff68b16b80437.jpeg,Colorama
97649,Isotônico Frutas Cítricas Gatorade Garrafa 500ml,Isotônico Frutas Cítricas Gatorade Garrafa 500ml,in stock,new,9.99 BRL,https://loja.redecentralfarma.com.br/,https://d22vuod48cepji.cloudfront.net/ib.item.image.large/l-f76e51b6e45740688dbf33edd02abcac.png,Gatorade
98674,Unhas Postiças Tips Quadrada Natural Macrilan UP104,Unhas Postiças Tips Quadrada Natural Macrilan UP104,in stock,new,18.99 BRL,https://loja.redecentralfarma.com.br/,https://d22vuod48cepji.cloudfront.net/ib.item.image.large/l-485880595b684247889f67433c5dd3b6.webp,Macrilan
98971,Bateria Lithium CR2032 Panasonic 3V,Bateria Lithium CR2032 Panasonic 3V,in stock,new,8.99 BRL,https://loja.redecentralfarma.com.br/,https://d22vuod48cepji.cloudfront.net/ib.item.image.large/l-2557612311d340cbb76b83fbd9190e24.jpeg,Panasonic
99124,Fixed Reparador Pontas 30Ml Fil Sol,Fixed Reparador Pontas 30Ml Fil Sol,in stock,new,9.49 BRL,https://loja.redecentralfarma.com.br/,https://d22vuod48cepji.cloudfront.net/ib.item.image.large/l-48fc11f8b14945309dec4a9b6a1d67be.jpeg,Fixed
101445,Esc Dental Powerdent P/ Viagem 1Un (F),Esc Dental Powerdent P/ Viagem 1Un (F),in stock,new,6.49 BRL,https://loja.redecentralfarma.com.br/,https://d22vuod48cepji.cloudfront.net/ib.item.image.large/l-2c4563d378bb4aad84df181f2329282f.jpeg,Powerdent
101973,Absorvente com Abas Suave Always Noites Tranquilas XG Pacote 8 Unidades,Absorvente com Abas Suave Always Noites Tranquilas XG Pacote 8 Unidades,in stock,new,14.29 BRL,https://loja.redecentralfarma.com.br/,https://d22vuod48cepji.cloudfront.net/ib.item.image.large/l-69f17123a02a4b1fa4a40a89abba6a38.png,Always
103064,Desodorante Roll On Nivea 50ML Feminino,Desodorante Roll On Nivea 50ML Feminino,in stock,new,16.99 BRL,https://loja.redecentralfarma.com.br/,https://d22vuod48cepji.cloudfront.net/ib.item.image.large/l-e82a3881e0294804b7cff2f1e560f886.png,Nivea
103190,Gel Dental Carvão Ativado Menta Closeup Caixa 85g,Gel Dental Carvão Ativado Menta Closeup Caixa 85g,in stock,new,7.79 BRL,https://loja.redecentralfarma.com.br/,https://d22vuod48cepji.cloudfront.net/ib.item.image.large/l-a5c69202d9b04e4c9483e89a6d5fd053.png,Closeup
104269,Esc Cabelo Katy Basic Racket,Esc Cabelo Katy Basic Racket,in stock,new,20.29 BRL,https://loja.redecentralfarma.com.br/,https://d22vuod48cepji.cloudfront.net/ib.item.image.large/l-4ca1fcb0d27b46c29ad2f39b24be2209.png,Katy
104402,Sabonete Bebê Líquido Johnson's Hora do Sono Sachê 180ml Refil Embalagem Econômica,Sabonete Bebê Líquido Johnson's Hora do Sono Sachê 180ml Refil Embalagem Econômica,in stock,new,17.79 BRL,https://loja.redecentralfarma.com.br/,https://d22vuod48cepji.cloudfront.net/ib.item.image.large/l-b176d23985544e3b8e3d9d11909d1d53.png,Johnson's
105407,Creme para Pentear Seda Boom Definição Pote 1kg,Creme para Pentear Seda Boom Definição Pote 1kg,in stock,new,30.79 BRL,https://loja.redecentralfarma.com.br/,https://d22vuod48cepji.cloudfront.net/ib.item.image.large/l-b9ff2c5dc65744d7b94682f52b54946d.jpeg,Seda
105417,"Esmalte Impala 7,5Ml Coleção Cor Da Moda Intenso","Esmalte Impala 7,5Ml Coleção Cor Da Moda Intenso",in stock,new,5.99 BRL,https://loja.redecentralfarma.com.br/,https://d22vuod48cepji.cloudfront.net/ib.item.image.large/l-1a1451403b1f422fb87dadcfad882cb2.jpeg,impala
105714,Kit Elseve Shampoo 375ml + Condicionador 170ml Óleo Extraordinário L'Oréal Paris,Kit Elseve Shampoo 375ml + Condicionador 170ml Óleo Extraordinário L'Oréal Paris,in stock,new,42.99 BRL,https://loja.redecentralfarma.com.br/,https://d22vuod48cepji.cloudfront.net/ib.item.image.large/l-747b53e3da8642b28597092f4d4d19fe.jpeg,Elseve
107493,Desodorante Adidas Masculino Aerossol Antitranspirante Power Booster 150ml,Desodorante Adidas Masculino Aerossol Antitranspirante Power Booster 150ml,in stock,new,14.29 BRL,https://loja.redecentralfarma.com.br/,https://d22vuod48cepji.cloudfront.net/ib.item.image.large/l-5704792a2db440afb2ffec85fa388cc2.jpeg,Aerossol
107706,Kit Shampoo + Condicionador Seda Cocriações Cachos Definidos 325ml Cada,Kit Shampoo + Condicionador Seda Cocriações Cachos Definidos 325ml Cada,in stock,new,21.99 BRL,https://loja.redecentralfarma.com.br/,https://d22vuod48cepji.cloudfront.net/ib.item.image.large/l-8a973c8237f4494c8ebfe81feee97cac.jpeg,Seda
108747,Fralda Bummis Mega G 42Un,Fralda Bummis Mega G 42Un,in stock,new,59.99 BRL,https://loja.redecentralfarma.com.br/,https://d22vuod48cepji.cloudfront.net/ib.item.image.large/l-d01612bf18eb46ca8c24546424e8ca64.png,Bummis
108749,Fralda Descartável Capricho Bummis 36X1 Mega Dia E Noite Xxg,Fralda Descartável Capricho Bummis 36X1 Mega Dia E Noite Xxg,in stock,new,59.99 BRL,https://loja.redecentralfarma.com.br/,https://d22vuod48cepji.cloudfront.net/ib.item.image.large/l-2cf083e62d2e4c559020232dfec451c2.jpg,Capricho
108999,Shampoo L'oréal Paris Elseve Liso dos Sonhos Frasco 400ml,Shampoo L'oréal Paris Elseve Liso dos Sonhos Frasco 400ml,in stock,new,35.29 BRL,https://loja.redecentralfarma.com.br/,https://d22vuod48cepji.cloudfront.net/ib.item.image.large/l-d47974e89c084c8f9cde4e80ff1752d7.jpg,Elseve
109650,Loção Corporal Deo-Hidratante Avelã Paixão Frasco 200ml,Loção Corporal Deo-Hidratante Avelã Paixão Frasco 200ml,in stock,new,11.99 BRL,https://loja.redecentralfarma.com.br/,https://d22vuod48cepji.cloudfront.net/ib.item.image.large/l-fdb98dddf6b843b6ab63e93a3edffbff.jpeg,Paixão
110096,Escova Dental Kids Protection Puradent Rosa Ventosa,Escova Dental Kids Protection Puradent Rosa Ventosa,in stock,new,7.49 BRL,https://loja.redecentralfarma.com.br/,https://d22vuod48cepji.cloudfront.net/ib.item.image.large/l-7928d998cd7e4f31b5014f40fcc295ac.png,Puradent
110461,Óleo Capilar Nutritvo OX Nutre 120ml,Óleo Capilar Nutritvo OX Nutre 120ml,in stock,new,46.99 BRL,https://loja.redecentralfarma.com.br/,https://d22vuod48cepji.cloudfront.net/ib.item.image.large/l-42a7cff24f8c4144a0dd66ab213c2dda.png,Ox
110575,Salon Line Gelatina Tô De Cacho Super Fixação 300G,Salon Line Gelatina Tô De Cacho Super Fixação 300G,in stock,new,27.29 BRL,https://loja.redecentralfarma.com.br/,https://d22vuod48cepji.cloudfront.net/ib.item.image.large/l-7a7475c3bed0400d85be27d6aa0dd41e.jpeg,Salon Line
110870,Antitranspirante Lenha Old Spice 200ml Spray Embalagem Econômica,Antitranspirante Lenha Old Spice 200ml Spray Embalagem Econômica,in stock,new,24.49 BRL,https://loja.redecentralfarma.com.br/,https://d22vuod48cepji.cloudfront.net/ib.item.image.large/l-108dfc1990b14d398ef53b2ab9a95cb8.png,Old Spice
111731,Creme para Pentear Gelatina + Definição Extraordinária Salon Line 1kg,Creme para Pentear Gelatina + Definição Extraordinária Salon Line 1kg,in stock,new,39.99 BRL,https://loja.redecentralfarma.com.br/,https://d22vuod48cepji.cloudfront.net/ib.item.image.large/l-06af3e72a7b84c348166a23d8fdc3bb9.png,Salon Line
111851,Escova Dental Extramacia Sensitive Oral-B Pro-Saúde Indicator Black 2 Unidades,Escova Dental Extramacia Sensitive Oral-B Pro-Saúde Indicator Black 2 Unidades,in stock,new,21.99 BRL,https://loja.redecentralfarma.com.br/,https://d22vuod48cepji.cloudfront.net/ib.item.image.large/l-69a3a73c1d4047c8af4f6f95538cd812.png,Oral-B
111877,Cola Super Bonder Loctite - 20g,Cola Super Bonder Loctite - 20g,in stock,new,19.99 BRL,https://loja.redecentralfarma.com.br/,https://d22vuod48cepji.cloudfront.net/ib.item.image.large/l-07a943424ff241eda1bf7810b92ca95f.jpeg,Loctite
112378,Creme de Tratamento Skala Manga e castanha do Pará 1kg,Creme de Tratamento Skala Manga e castanha do Pará 1kg,in stock,new,13.99 BRL,https://loja.redecentralfarma.com.br/,https://d22vuod48cepji.cloudfront.net/ib.item.image.large/l-f74a8d0193dc48c1b58f495bbfbefc9c.png,Skala
112447,Goma Mascar Trident 8g Xsenses Intense,Goma Mascar Trident 8g Xsenses Intense,in stock,new,4.29 BRL,https://loja.redecentralfarma.com.br/,https://d22vuod48cepji.cloudfront.net/ib.item.image.large/l-25c45ad3ab1f41f7ae55c25738f57f48.jpeg,Trident
113337,Esmalte Risqué Cremoso Ninfa 8ml,Esmalte Risqué Cremoso Ninfa 8ml,in stock,new,5.99 BRL,https://loja.redecentralfarma.com.br/,https://d22vuod48cepji.cloudfront.net/ib.item.image.large/l-0f04972136084d08904d6a80711a5b9c.webp,Risqué
113377,Shampoo Encorpador Elseve Collagen Lifter 200ml,Shampoo Encorpador Elseve Collagen Lifter 200ml,in stock,new,19.99 BRL,https://loja.redecentralfarma.com.br/,https://d22vuod48cepji.cloudfront.net/ib.item.image.large/l-afc23e01e87f4819a8e2706efe155bbe.jpg,Elseve
114195,Chocolate Laka Lacta 28g,Chocolate Laka Lacta 28g,in stock,new,3.79 BRL,https://loja.redecentralfarma.com.br/,https://d22vuod48cepji.cloudfront.net/ib.item.image.large/l-5510dc3186c049f6a69371220ec16046.jpeg,Lacta
114631,Fralda Pampers Super Sequinha G c/34,Fralda Pampers Super Sequinha G c/34,in stock,new,49.99 BRL,https://loja.redecentralfarma.com.br/,https://d22vuod48cepji.cloudfront.net/ib.item.image.large/l-bc852ee3cbc449568013df2347b4d02f.png,Pampers
115435,Hidratante Corporal Infantil Baby Care 250ml,Hidratante Corporal Infantil Baby Care 250ml,in stock,new,21.49 BRL,https://loja.redecentralfarma.com.br/,https://d22vuod48cepji.cloudfront.net/ib.item.image.large/l-86dbcba02db14fbfa3892374626ab49a.webp,Baby Care
115521,Escova de Cabelo Katy Style Glitter Pink,Escova de Cabelo Katy Style Glitter Pink,in stock,new,23.29 BRL,https://loja.redecentralfarma.com.br/,https://d22vuod48cepji.cloudfront.net/ib.item.image.large/l-a249fce555734f3cbff97f7b06b9dafa.webp,Katy
115917,Esmalte Cremoso Doce Pérola Risqué 8ml,Esmalte Cremoso Doce Pérola Risqué 8ml,in stock,new,5.99 BRL,https://loja.redecentralfarma.com.br/,https://d22vuod48cepji.cloudfront.net/ib.item.image.large/l-dc701bbbb968467e88d7d6593d5627c0.jpeg,Risqué
116178,"Esmalte Cacau Show Derrete Na Boca Impala 7,5ml","Esmalte Cacau Show Derrete Na Boca Impala 7,5ml",in stock,new,8.99 BRL,https://loja.redecentralfarma.com.br/,https://d22vuod48cepji.cloudfront.net/ib.item.image.large/l-73fa7769436c447fa44e5710a5105be7.webp,Impala
2282,Esparadrapo Cremer 10X4.5,Esparadrapo Cremer 10X4.5,in stock,new,43.99 BRL,https://loja.redecentralfarma.com.br/,https://d22vuod48cepji.cloudfront.net/ib.item.image.large/l-e54b3869d11c404a993632e34ae7e85b.png,Cremer
2352,Seringa B-D 20Ml,Seringa B-D 20Ml,in stock,new,4.99 BRL,https://loja.redecentralfarma.com.br/,https://d22vuod48cepji.cloudfront.net/ib.item.image.large/l-88ebdf9674de42ebb439bb5f8a28cd23.png,BD
2470,Condicionador Seda Pretos Luminosos Frasco 325ml,Condicionador Seda Pretos Luminosos Frasco 325ml,in stock,new,17.79 BRL,https://loja.redecentralfarma.com.br/,https://d22vuod48cepji.cloudfront.net/ib.item.image.large/l-6cb94769d5624f42a56890f421e9c209.png,Seda
2512,Creme de Barbear Pele Sensível Bozzano Caixa 65g,Creme de Barbear Pele Sensível Bozzano Caixa 65g,in stock,new,12.99 BRL,https://loja.redecentralfarma.com.br/,https://d22vuod48cepji.cloudfront.net/ib.item.image.large/l-ef2affc602014d36b6a8b8597960e4ee.jpeg,Bozzano
3919,Esmalte Longa Duração Nu Cuidados Fortalecedor De Unhas Colorama 8Ml,Esmalte Longa Duração Nu Cuidados Fortalecedor De Unhas Colorama 8Ml,in stock,new,8.49 BRL,https://loja.redecentralfarma.com.br/,https://d22vuod48cepji.cloudfront.net/ib.item.image.large/l-a926f8b8c6c04d518bce44bb3d359e0b.jpeg,Colorama
5942,"Fita Micropore Branca Nexcare 25mm x 4,5m","Fita Micropore Branca Nexcare 25mm x 4,5m",in stock,new,19.49 BRL,https://loja.redecentralfarma.com.br/,https://d22vuod48cepji.cloudfront.net/ib.item.image.large/l-3f13e8560416426eaf0289357b8432d4.jpeg,Nexcare
26803,Fixador Fixodent Original 68G,Fixador Fixodent Original 68G,in stock,new,68.99 BRL,https://loja.redecentralfarma.com.br/,https://d22vuod48cepji.cloudfront.net/ib.item.image.large/l-0f1b1dc5ea24499c979713d51a410d97.png,Fixodent
46939,Bicarbonato De Sodio Farmax 100G,Bicarbonato De Sodio Farmax 100G,in stock,new,8.99 BRL,https://loja.redecentralfarma.com.br/,https://d22vuod48cepji.cloudfront.net/ib.item.image.large/l-39b9caf91fd4461fb8c63830ae6b4849.png,farmax
71905,Porta Escova Ricca,Porta Escova Ricca,in stock,new,10.99 BRL,https://loja.redecentralfarma.com.br/,https://d22vuod48cepji.cloudfront.net/ib.item.image.large/l-b689d9a1572c4a5ebd16fa7ea6854bc6.png,Ricca
81059,Desodorante Corporal Frutas Vermelhas Monange Hidratação Essencial Frasco 400ml Embalagem Econômica,Desodorante Corporal Frutas Vermelhas Monange Hidratação Essencial Frasco 400ml Embalagem Econômica,in stock,new,16.79 BRL,https://loja.redecentralfarma.com.br/,https://d22vuod48cepji.cloudfront.net/ib.item.image.large/l-37347f13f21f40cdbdd465e6db9c6047.jpeg,Monange
85616,Fio Dental Menta Johnson & Johnson Essencial 100m Mais Econômico,Fio Dental Menta Johnson & Johnson Essencial 100m Mais Econômico,in stock,new,18.49 BRL,https://loja.redecentralfarma.com.br/,https://d22vuod48cepji.cloudfront.net/ib.item.image.large/l-c9f209cb13bb45bd97c3eeee95b510b4.png,Johnson & Johnson
90055,Condicionador L'oréal Paris Elseve Hidra Hialurônico Frasco 400ml,Condicionador L'oréal Paris Elseve Hidra Hialurônico Frasco 400ml,in stock,new,41.99 BRL,https://loja.redecentralfarma.com.br/,https://d22vuod48cepji.cloudfront.net/ib.item.image.large/l-d10e859f005f425498da67f39f94fb3b.jpeg,L'oréal Paris
90911,"Esmalte Impala 7,5Ml Cremoso Serena","Esmalte Impala 7,5Ml Cremoso Serena",in stock,new,5.99 BRL,https://loja.redecentralfarma.com.br/,https://d22vuod48cepji.cloudfront.net/ib.item.image.large/l-c943891bdd754e488fb4bfec44a5b06f.jpeg,Cremoso
92775,Antitranspirante Aerossol Rexona Men Invisible 250ml Spray Leve Mais Pague Menos,Antitranspirante Aerossol Rexona Men Invisible 250ml Spray Leve Mais Pague Menos,in stock,new,25.49 BRL,https://loja.redecentralfarma.com.br/,https://d22vuod48cepji.cloudfront.net/ib.item.image.large/l-d3e11a567f214f3da6f22222452879c9.png,Rexona
94083,Óleo Deo Corporal Framboesa Negra Paixão Frasco 100ml,Óleo Deo Corporal Framboesa Negra Paixão Frasco 100ml,in stock,new,14.99 BRL,https://loja.redecentralfarma.com.br/,https://d22vuod48cepji.cloudfront.net/ib.item.image.large/l-cd2a08da68294aea94193fdcdda04fef.jpeg,Paixão
96364,Gel Dental Infantil com Flúor Bubble Gum Paw Patrol Gum Caixa 50g,Gel Dental Infantil com Flúor Bubble Gum Paw Patrol Gum Caixa 50g,in stock,new,10.99 BRL,https://loja.redecentralfarma.com.br/,https://d22vuod48cepji.cloudfront.net/ib.item.image.large/l-68675dfe681a4e5c8a56bcb7a46d6283.jpeg,Gum
96548,Curativo Bem Care Redondo 16Un,Curativo Bem Care Redondo 16Un,in stock,new,9.49 BRL,https://loja.redecentralfarma.com.br/,https://d22vuod48cepji.cloudfront.net/ib.item.image.large/l-812053c52e90428e98b3d61e1dac2f38.png,Bem Care
96809,Desodorante Aerossol Ultra Cool Bozzano Clinical 150ml,Desodorante Aerossol Ultra Cool Bozzano Clinical 150ml,in stock,new,15.99 BRL,https://loja.redecentralfarma.com.br/,https://d22vuod48cepji.cloudfront.net/ib.item.image.large/l-79bd6ddd109c4a38be9d54e818f43981.jpeg,Bozzano
102593,Kit Coloração Creme 1.0 Preto Intenso Niely Cor&Ton,Kit Coloração Creme 1.0 Preto Intenso Niely Cor&Ton,in stock,new,22.99 BRL,https://loja.redecentralfarma.com.br/,https://d22vuod48cepji.cloudfront.net/ib.item.image.large/l-0d5fa7302e8340e2bc83dad256a66a00.jpeg,Niely
105743,Enx Bucal Powerdent Natural Black 300Ml,Enx Bucal Powerdent Natural Black 300Ml,in stock,new,13.49 BRL,https://loja.redecentralfarma.com.br/,https://d22vuod48cepji.cloudfront.net/ib.item.image.large/l-469a629458b541c6a5787f19782bcc7a.jpeg,Powerdent
106208,Antitranspirante Creme Sérum Dove Reparação Diária 50g,Antitranspirante Creme Sérum Dove Reparação Diária 50g,in stock,new,18.29 BRL,https://loja.redecentralfarma.com.br/,https://d22vuod48cepji.cloudfront.net/ib.item.image.large/l-4ff7132d3bd44df091097f35b037960c.png,Dove
106374,Shampoo Bozzano 200Ml 3 Em 1 Anticaspa,Shampoo Bozzano 200Ml 3 Em 1 Anticaspa,in stock,new,16.49 BRL,https://loja.redecentralfarma.com.br/,https://d22vuod48cepji.cloudfront.net/ib.item.image.large/l-8c3f36c013e543979a834625b25a6731.jpeg,Bozzano
107007,Sabonete Líquido Tok Bothânico Orquídea 500ml,Sabonete Líquido Tok Bothânico Orquídea 500ml,in stock,new,11.99 BRL,https://loja.redecentralfarma.com.br/,https://d22vuod48cepji.cloudfront.net/ib.item.image.large/l-51e5c2e6801a45d3b3cae0e358753bff.jpg,Tok Bothânico
109651,Creme de Pentear Salon Line Sos 300Ml Coco,Creme de Pentear Salon Line Sos 300Ml Coco,in stock,new,17.99 BRL,https://loja.redecentralfarma.com.br/,https://d22vuod48cepji.cloudfront.net/ib.item.image.large/l-f62e2c25e54d417a836ff4d1b7cef075.jpeg,Salon Line
109652,Sabonete Líquido Dove Óleo de Banho Glicerinado 240ml,Sabonete Líquido Dove Óleo de Banho Glicerinado 240ml,in stock,new,36.49 BRL,https://loja.redecentralfarma.com.br/,https://d22vuod48cepji.cloudfront.net/ib.item.image.large/l-c562706acf7a4f72ba1bfbfb6a3c6093.png,Dove
110190,Livro Hello Kitty Para Colorir,Livro Hello Kitty Para Colorir,in stock,new,22.99 BRL,https://loja.redecentralfarma.com.br/,https://d22vuod48cepji.cloudfront.net/ib.item.image.large/l-ab893e11d374482e9b1d3aadaf002b90.webp,Hello Kitty
111849,Aparelho Descartável para Barbear Bic Comfort 3 Black Night 2 Unidades,Aparelho Descartável para Barbear Bic Comfort 3 Black Night 2 Unidades,in stock,new,17.49 BRL,https://loja.redecentralfarma.com.br/,https://d22vuod48cepji.cloudfront.net/ib.item.image.large/l-a692e07ca98c4334b9dba3b7cc3e1dbb.jpeg,Bic
112012,Desodorante Nivea Aer 150Ml Derma Control Uniform,Desodorante Nivea Aer 150Ml Derma Control Uniform,in stock,new,17.49 BRL,https://loja.redecentralfarma.com.br/,https://d22vuod48cepji.cloudfront.net/ib.item.image.large/l-07d44a2fd2624807b51c4631b93e22f6.png,Nivea
113405,Escova Dental Ultramacia Condor Multisoft Cabeça P 2 Unidades,Escova Dental Ultramacia Condor Multisoft Cabeça P 2 Unidades,in stock,new,21.49 BRL,https://loja.redecentralfarma.com.br/,https://d22vuod48cepji.cloudfront.net/ib.item.image.large/l-9852dd60498741b0983b6658abeb7d60.png,Condor
114647,Leave-In Primer Meu Liso Ostentação Top Coat Salon Line 240ml,Leave-In Primer Meu Liso Ostentação Top Coat Salon Line 240ml,in stock,new,24.49 BRL,https://loja.redecentralfarma.com.br/,https://d22vuod48cepji.cloudfront.net/ib.item.image.large/l-d4dea75e248a42959f6ebad94557420b.webp,Salon Line
115527,"Pilha Panasonic AA Alcalina LR6XAB/2B192 Cartela Power Alkaline Pequena 2 Unidades 1,5V","Pilha Panasonic AA Alcalina LR6XAB/2B192 Cartela Power Alkaline Pequena 2 Unidades 1,5V",in stock,new,12.99 BRL,https://loja.redecentralfarma.com.br/,https://d22vuod48cepji.cloudfront.net/ib.item.image.large/l-9b6841176faf4b9098c70527097cbf6e.jpeg,Panasonic
115781,Fralda Adulta Pants Bem Care G/Eg 16 Unidades,Fralda Adulta Pants Bem Care G/Eg 16 Unidades,in stock,new,48.29 BRL,https://loja.redecentralfarma.com.br/,https://d22vuod48cepji.cloudfront.net/ib.item.image.large/l-7483a823f9834d268a91ae7d42a85881.webp,Bem Care
115920,Esmalte Hello Kitty Glow Colorama 8ml,Esmalte Hello Kitty Glow Colorama 8ml,in stock,new,10.49 BRL,https://loja.redecentralfarma.com.br/,https://d22vuod48cepji.cloudfront.net/ib.item.image.large/l-93126db64b294a288e785cac12f52d62.webp,Colorama
115933,Shampoo Mega Crescimento Seda 300ml,Shampoo Mega Crescimento Seda 300ml,in stock,new,15.49 BRL,https://loja.redecentralfarma.com.br/,https://d22vuod48cepji.cloudfront.net/ib.item.image.large/l-d45eb8c981c64bc9b16013867049e1d1.webp,Seda
116482,Removedor de Esmaltes com Acetona e Silicone 100ml,Removedor de Esmaltes com Acetona e Silicone 100ml,in stock,new,5.99 BRL,https://loja.redecentralfarma.com.br/,https://d22vuod48cepji.cloudfront.net/ib.item.image.large/l-b3fb07aef15e4e02b95ca9ba8e206530.webp,Smalto
80507,Lenco Demaquilante Lady Demak 20Un,Lenco Demaquilante Lady Demak 20Un,in stock,new,8.99 BRL,https://loja.redecentralfarma.com.br/,https://d22vuod48cepji.cloudfront.net/ib.item.image.large/l-f057c21b28d941bca3377b0236bd64ac.png,Lady
99569,Creme para Pentear Cachos dos Sonhos Salon Line To de Cacho Frasco 300ml,Creme para Pentear Cachos dos Sonhos Salon Line To de Cacho Frasco 300ml,in stock,new,19.99 BRL,https://loja.redecentralfarma.com.br/,https://d22vuod48cepji.cloudfront.net/ib.item.image.large/l-9fc4e0c029dc4c70a0d52cd495a2e839.jpeg,Salon Line
111300,Energético Ultra Fiesta Mango Zero Açúcar Monster Lata 473ml,Energético Ultra Fiesta Mango Zero Açúcar Monster Lata 473ml,in stock,new,11.99 BRL,https://loja.redecentralfarma.com.br/,https://d22vuod48cepji.cloudfront.net/ib.item.image.large/l-916c1d0d479a46dba83a853fc1d47ef9.png,Monster
114618,Absorvente Geriátrico Dry Mastersoft 20 Unidades,Absorvente Geriátrico Dry Mastersoft 20 Unidades,in stock,new,19.99 BRL,https://loja.redecentralfarma.com.br/,https://d22vuod48cepji.cloudfront.net/ib.item.image.large/l-e44c0f64b886473ba6f9c0fa08b66992.png,DryMastersoft
116110,Defrizante Spray Meu Liso SPA Capilar Ácido Hialurônico Salon Line 240ml,Defrizante Spray Meu Liso SPA Capilar Ácido Hialurônico Salon Line 240ml,in stock,new,21.99 BRL,https://loja.redecentralfarma.com.br/,https://d22vuod48cepji.cloudfront.net/ib.item.image.large/l-581f671f64c04b6a869e2c5e91c1994a.jpeg,Salon Line
72885,"Esmalte Impala Cremoso Bailarina Tutu 7,5 Ml","Esmalte Impala Cremoso Bailarina Tutu 7,5 Ml",in stock,new,5.99 BRL,https://loja.redecentralfarma.com.br/,https://d22vuod48cepji.cloudfront.net/ib.item.image.large/l-9c40dd2b1f52479791b3eda119800ea4.png,Impala
91320,Tonico Capilar Gota Dourada 100Ml Biotina,Tonico Capilar Gota Dourada 100Ml Biotina,in stock,new,14.29 BRL,https://loja.redecentralfarma.com.br/,https://d22vuod48cepji.cloudfront.net/ib.item.image.large/l-d358266533874012a9dae3fe913fd4a1.jpeg,Gota Dourada
104279,Lixa De Pé Katy Madeira Reta,Lixa De Pé Katy Madeira Reta,in stock,new,7.49 BRL,https://loja.redecentralfarma.com.br/,https://d22vuod48cepji.cloudfront.net/ib.item.image.large/l-b7d7c929cdcb43b6b1148616eebf7a8a.jpeg,Katy
108828,Esmalte Cravejada no Glitter Risqué Livre para Brilhar Frasco 8ml,Esmalte Cravejada no Glitter Risqué Livre para Brilhar Frasco 8ml,in stock,new,8.99 BRL,https://loja.redecentralfarma.com.br/,https://d22vuod48cepji.cloudfront.net/ib.item.image.large/l-beab4760a4a64d6fb5ac36b932b00353.jpeg,Risqué
109164,Lenço Umedecido Higiene Diária Huggies - 120 Unidades,Lenço Umedecido Higiene Diária Huggies - 120 Unidades,in stock,new,17.99 BRL,https://loja.redecentralfarma.com.br/,https://d22vuod48cepji.cloudfront.net/ib.item.image.large/l-753ecaf850e445349582cd8a9182fb55.png,Huggies
109624,"Esmalte Cor Da Moda Afeto Impala 7,5ml","Esmalte Cor Da Moda Afeto Impala 7,5ml",in stock,new,5.99 BRL,https://loja.redecentralfarma.com.br/,https://d22vuod48cepji.cloudfront.net/ib.item.image.large/l-4b2d4ec48332413284d6b2becedb8983.webp,Impala
2053,Sabonete Barra Vegetal Tradicional Granado Glicerina Caixa 90g,Sabonete Barra Vegetal Tradicional Granado Glicerina Caixa 90g,in stock,new,8.49 BRL,https://loja.redecentralfarma.com.br/,https://d22vuod48cepji.cloudfront.net/ib.item.image.large/l-0a95d381fcce4b8f885be9c499854714.jpeg,Granado
2406,Kit Coloração Creme 30 Castanho Escuro Wella Koleston,Kit Coloração Creme 30 Castanho Escuro Wella Koleston,in stock,new,29.99 BRL,https://loja.redecentralfarma.com.br/,https://d22vuod48cepji.cloudfront.net/ib.item.image.large/l-b01ee965a07c4d4aba0424b06b3fd830.png,Wella
2579,Deo-Hidratante Nivea Milk Frasco 200ml,Deo-Hidratante Nivea Milk Frasco 200ml,in stock,new,18.79 BRL,https://loja.redecentralfarma.com.br/,https://d22vuod48cepji.cloudfront.net/ib.item.image.large/l-92d26b73d5744d31a19540b1e5122b04.png,Nivea
2664,Loção Firmadora Todos os Tipos de Pele Nivea Q10 + Vitamina C Frasco 200ml,Loção Firmadora Todos os Tipos de Pele Nivea Q10 + Vitamina C Frasco 200ml,in stock,new,35.49 BRL,https://loja.redecentralfarma.com.br/,https://d22vuod48cepji.cloudfront.net/ib.item.image.large/l-52a3b25916fd460ea8bafe20142710f1.jpeg,Nivea
3992,Sabonete Gel Íntimo Vagisil Odor Block 300g Leve 300g e Pague 200g,Sabonete Gel Íntimo Vagisil Odor Block 300g Leve 300g e Pague 200g,in stock,new,21.99 BRL,https://loja.redecentralfarma.com.br/,https://d22vuod48cepji.cloudfront.net/ib.item.image.large/l-7398029c62204ff4adbab8ba64bfe8ae.jpeg,Vagisil
4925,Creme de Tratamento Skala Coquetel de Frutas Pote 1000g,Creme de Tratamento Skala Coquetel de Frutas Pote 1000g,in stock,new,13.99 BRL,https://loja.redecentralfarma.com.br/,https://d22vuod48cepji.cloudfront.net/ib.item.image.large/l-ad411bd34310412b83f9fbf7d8894d2e.jpeg,Skala
53713,Esmalte Longa Duração Cremoso Nu Melancia Colorama 8Ml,Esmalte Longa Duração Cremoso Nu Melancia Colorama 8Ml,in stock,new,7.99 BRL,https://loja.redecentralfarma.com.br/,https://d22vuod48cepji.cloudfront.net/ib.item.image.large/l-20fcbc0934414fe3be0aad154a2f0e6e.jpeg,Colorama
68076,Absorvente com Abas Seca Always G Pacote 8 Unidades,Absorvente com Abas Seca Always G Pacote 8 Unidades,in stock,new,11.99 BRL,https://loja.redecentralfarma.com.br/,https://d22vuod48cepji.cloudfront.net/ib.item.image.large/l-e928134da52d430fb088c75508644650.png,Always
69640,Loção Corporal Deo-Hidratante Tentadora Paixão Frasco 400ml Embalagem Econômica,Loção Corporal Deo-Hidratante Tentadora Paixão Frasco 400ml Embalagem Econômica,in stock,new,16.49 BRL,https://loja.redecentralfarma.com.br/,https://d22vuod48cepji.cloudfront.net/ib.item.image.large/l-d34519d93b5c4a4584160efbb2767edf.jpeg,Paixão
72118,Escova Dental Macia 40% Oral-B Pro-Saúde Indicator 2 Unidades,Escova Dental Macia 40% Oral-B Pro-Saúde Indicator 2 Unidades,in stock,new,19.99 BRL,https://loja.redecentralfarma.com.br/,https://d22vuod48cepji.cloudfront.net/ib.item.image.large/l-d5b6a37fbc47414f9c8903f2ed10d824.jpeg,Oral-B
74367,Antitranspirante Aerossol Impacto Rexona Men 150ml,Antitranspirante Aerossol Impacto Rexona Men 150ml,in stock,new,17.99 BRL,https://loja.redecentralfarma.com.br/,https://d22vuod48cepji.cloudfront.net/ib.item.image.large/l-fa952d7a75ca412e8689393557034c58.jpeg,Rexona
79596,Esmalte Risqué Nudes Cremosos Cappuccino 8ml,Esmalte Risqué Nudes Cremosos Cappuccino 8ml,in stock,new,5.99 BRL,https://loja.redecentralfarma.com.br/,https://d22vuod48cepji.cloudfront.net/ib.item.image.large/l-f2003107de964f27b5053fc213323f36.jpeg,Risqué
82611,Kit Elseve Shampoo 375ml + Condicionador 170ml Longo dos Sonhos L'oréal Paris,Kit Elseve Shampoo 375ml + Condicionador 170ml Longo dos Sonhos L'oréal Paris,in stock,new,42.99 BRL,https://loja.redecentralfarma.com.br/,https://d22vuod48cepji.cloudfront.net/ib.item.image.large/l-4d4f6e9d046f4c7fb63d93e764f2dcda.jpg,L'oréal Paris
88458,Creme Hidratante SKALA Potão do Amor + Creme Para Pentear -1kg,Creme Hidratante SKALA Potão do Amor + Creme Para Pentear -1kg,in stock,new,13.99 BRL,https://loja.redecentralfarma.com.br/,https://d22vuod48cepji.cloudfront.net/ib.item.image.large/l-2b16c3a3d2524c76bf4aa59d14333b12.png,Skala - Masterline
89212,Kit Desodorante Roll-On Giovanna Baby Classic 50ml 2 Unidades,Kit Desodorante Roll-On Giovanna Baby Classic 50ml 2 Unidades,in stock,new,14.99 BRL,https://loja.redecentralfarma.com.br/,https://d22vuod48cepji.cloudfront.net/ib.item.image.large/l-716a04855f0d4bda908fa17a48f49b76.jpg,Giovanna Baby
90999,Antitranspirante Aerossol Invisible Bozzano 150ml,Antitranspirante Aerossol Invisible Bozzano 150ml,in stock,new,12.49 BRL,https://loja.redecentralfarma.com.br/,https://d22vuod48cepji.cloudfront.net/ib.item.image.large/l-14eedbf0943a41a0b66722e00f2330a1.jpeg,Bozzano
93987,Esmalte Impala Cremoso Teu Cheiro,Esmalte Impala Cremoso Teu Cheiro,in stock,new,5.99 BRL,https://loja.redecentralfarma.com.br/,https://d22vuod48cepji.cloudfront.net/ib.item.image.large/l-3bb57cd5ec8a4c6dba073a1be1c25c90.png,Impala
94740,Halls Melancia 28g,Halls Melancia 28g,in stock,new,3.49 BRL,https://loja.redecentralfarma.com.br/,https://d22vuod48cepji.cloudfront.net/ib.item.image.large/l-f69f7692f683430f95d97fb91908f184.webp,Halls
96688,Creme para Pentear Seda Boom Definição Intensa Frasco 350ml,Creme para Pentear Seda Boom Definição Intensa Frasco 350ml,in stock,new,15.99 BRL,https://loja.redecentralfarma.com.br/,https://d22vuod48cepji.cloudfront.net/ib.item.image.large/l-f7c695bc04ae47c6b402b4617ab0db53.jpeg,Seda
97772,Absorvente com Abas Total Protect Seca Sym Pacote 30 Unidades Leve Mais Pague Menos,Absorvente com Abas Total Protect Seca Sym Pacote 30 Unidades Leve Mais Pague Menos,in stock,new,16.49 BRL,https://loja.redecentralfarma.com.br/,https://d22vuod48cepji.cloudfront.net/ib.item.image.large/l-a70bc580da954fd9a35889beded93bdd.jpeg,Sym
99134,Aparelho Descartável para Barbear Gillette Prestobarba3 Sensitive 2 Unidades,Aparelho Descartável para Barbear Gillette Prestobarba3 Sensitive 2 Unidades,in stock,new,21.49 BRL,https://loja.redecentralfarma.com.br/,https://d22vuod48cepji.cloudfront.net/ib.item.image.large/l-acf4ef224e2e4964a6143b7c9908dc5d.png,Gillette
99704,"Esmalte Impala 7,5ML Cremoso Novos Ares","Esmalte Impala 7,5ML Cremoso Novos Ares",in stock,new,5.99 BRL,https://loja.redecentralfarma.com.br/,https://d22vuod48cepji.cloudfront.net/ib.item.image.large/l-10e7d59efb284348ac7d9a7cff01af0d.png,Cremoso
101406,Hidratante Labial Fini Beijos Rosa Carmed Caixa 10g,Hidratante Labial Fini Beijos Rosa Carmed Caixa 10g,in stock,new,17.99 BRL,https://loja.redecentralfarma.com.br/,https://d22vuod48cepji.cloudfront.net/ib.item.image.large/l-957cfa2b537746969279659bce8a7f2d.jpeg,Carmed
102795,Antitranspirante Creme Clean Rexona Clinical 58g,Antitranspirante Creme Clean Rexona Clinical 58g,in stock,new,32.99 BRL,https://loja.redecentralfarma.com.br/,https://d22vuod48cepji.cloudfront.net/ib.item.image.large/l-e51f269691b44f9d9a69c8531e417b31.jpeg,Rexona Clinical
106940,Creme Dental Cool Mint Oral-B Extra Branco Caixa 70g,Creme Dental Cool Mint Oral-B Extra Branco Caixa 70g,in stock,new,5.99 BRL,https://loja.redecentralfarma.com.br/,https://d22vuod48cepji.cloudfront.net/ib.item.image.large/l-3a5caa9205e3479f86767cbe6cba6856.png,Oral-B
109155,Absorvente Interno Intimus Médio Caixa Leve 24 Pague 22 Unidades,Absorvente Interno Intimus Médio Caixa Leve 24 Pague 22 Unidades,in stock,new,33.99 BRL,https://loja.redecentralfarma.com.br/,https://d22vuod48cepji.cloudfront.net/ib.item.image.large/l-1d359ccf3bcf4a229371da6a6eb40f89.jpeg,Intimus
109628,Esmalte Impala Transparente Devaneio,Esmalte Impala Transparente Devaneio,in stock,new,5.99 BRL,https://loja.redecentralfarma.com.br/,https://d22vuod48cepji.cloudfront.net/ib.item.image.large/l-b25528c93e7442fb8b7b552dae2bcc27.png,Impala
110191,Chocolate ao Leite Aerado Suflair Pacote 50g,Chocolate ao Leite Aerado Suflair Pacote 50g,in stock,new,8.99 BRL,https://loja.redecentralfarma.com.br/,https://d22vuod48cepji.cloudfront.net/ib.item.image.large/l-e5a72b75a73e4af7b379537b1de61f88.png,Suflair
110245,Sabonete Líquido Orquídea Negra Lux Botanicals Frasco 250ml,Sabonete Líquido Orquídea Negra Lux Botanicals Frasco 250ml,in stock,new,11.49 BRL,https://loja.redecentralfarma.com.br/,https://d22vuod48cepji.cloudfront.net/ib.item.image.large/l-3b2ce4bb93c74466b072de73e96176c6.png,Lux
112107,Óleo Muriel Romã 100Ml,Óleo Muriel Romã 100Ml,in stock,new,14.99 BRL,https://loja.redecentralfarma.com.br/,https://d22vuod48cepji.cloudfront.net/ib.item.image.large/l-08b1301be86349a58c68f7bad86b0354.jpg,Muriel
114166,Pente Fino Darma,Pente Fino Darma,in stock,new,3.49 BRL,https://loja.redecentralfarma.com.br/,https://d22vuod48cepji.cloudfront.net/ib.item.image.large/l-1051830dcade4efbb1956e7e17374bf5.jpg,Darma
114194,Chocolate Lacta 5 Star 40g,Chocolate Lacta 5 Star 40g,in stock,new,5.99 BRL,https://loja.redecentralfarma.com.br/,https://d22vuod48cepji.cloudfront.net/ib.item.image.large/l-ee48e8d1c29f4daea413d3b6dfe6e88d.webp,Lacta
115449,Shampoo Infantil Neutro Baby Care 500ml,Shampoo Infantil Neutro Baby Care 500ml,in stock,new,26.99 BRL,https://loja.redecentralfarma.com.br/,https://d22vuod48cepji.cloudfront.net/ib.item.image.large/l-bab5fb1f5ca44d19928d91ea97a895a6.webp,BabyCare
99,Enxaguante Bucal Antisséptico Listerine Cool Mint 250ml Hortelã,Enxaguante Bucal Antisséptico Listerine Cool Mint 250ml Hortelã,in stock,new,17.99 BRL,https://loja.redecentralfarma.com.br/,https://d22vuod48cepji.cloudfront.net/ib.item.image.large/l-568d078bfba741debfa71ba65b9e2f15.jpeg,Listerine
2344,Sabonete Barra Vegetal Odor de Rosas Phebo Envoltório 90g,Sabonete Barra Vegetal Odor de Rosas Phebo Envoltório 90g,in stock,new,5.99 BRL,https://loja.redecentralfarma.com.br/,https://d22vuod48cepji.cloudfront.net/ib.item.image.large/l-ec34c532ad6046da802822ed95e17d6e.jpeg,Phebo
3544,Chupeta Avulsa Silicone Ref 305 1Un,Chupeta Avulsa Silicone Ref 305 1Un,in stock,new,5.49 BRL,https://loja.redecentralfarma.com.br/,https://d22vuod48cepji.cloudfront.net/ib.item.image.large/l-4ac3143b44644478a3275ce306ca7b64.png,Kit Star
3610,Gel Fixador Média Ny. Looks Frasco 240g,Gel Fixador Média Ny. Looks Frasco 240g,in stock,new,12.79 BRL,https://loja.redecentralfarma.com.br/,https://d22vuod48cepji.cloudfront.net/ib.item.image.large/l-08965ac727bf4ced942898102451c776.jpeg,Ny. Looks
4375,Descolorante Active sem Perfume Pó Yamá Envelope 50g,Descolorante Active sem Perfume Pó Yamá Envelope 50g,in stock,new,17.29 BRL,https://loja.redecentralfarma.com.br/,https://d22vuod48cepji.cloudfront.net/ib.item.image.large/l-a077cfdfd58f46a2a9d5407cf25f202b.jpeg,Yamá
5737,Bolsa Termogel Sanity 300Ml,Bolsa Termogel Sanity 300Ml,in stock,new,16.49 BRL,https://loja.redecentralfarma.com.br/,https://d22vuod48cepji.cloudfront.net/ib.item.image.large/l-65f3215d014c4789b22fd45220641509.png,Termogel
45313,Creme para Pentear L'oréal Paris Elseve Óleo Extraordinário Frasco 250ml,Creme para Pentear L'oréal Paris Elseve Óleo Extraordinário Frasco 250ml,in stock,new,23.49 BRL,https://loja.redecentralfarma.com.br/,https://d22vuod48cepji.cloudfront.net/ib.item.image.large/l-a5f7126c877846d1a8752c83268332ca.jpeg,L'oréal Paris
47008,Fixador de Dentadura Pó Menta Corega Frasco 22g,Fixador de Dentadura Pó Menta Corega Frasco 22g,in stock,new,23.99 BRL,https://loja.redecentralfarma.com.br/,https://d22vuod48cepji.cloudfront.net/ib.item.image.large/l-d1c8d4e4dbd840629023b029022c507a.jpeg,Corega
56344,Fixador de Dentadura Creme sem Sabor Ultra Corega Caixa 19g,Fixador de Dentadura Creme sem Sabor Ultra Corega Caixa 19g,in stock,new,37.79 BRL,https://loja.redecentralfarma.com.br/,https://d22vuod48cepji.cloudfront.net/ib.item.image.large/l-07f5c392d016402eb6983bf519121270.jpeg,Ultra Corega
78729,"Silicone Niely Gold Liso Pleno, 42Ml","Silicone Niely Gold Liso Pleno, 42Ml",in stock,new,31.49 BRL,https://loja.redecentralfarma.com.br/,https://d22vuod48cepji.cloudfront.net/ib.item.image.large/l-8ba297806cec41ef9a11a2d209ab9f3d.jpeg,Niely Gold
78818,"Esmalte Base Bomba Impala 7,5ml","Esmalte Base Bomba Impala 7,5ml",in stock,new,7.79 BRL,https://loja.redecentralfarma.com.br/,https://d22vuod48cepji.cloudfront.net/ib.item.image.large/l-6d40a9a9583d4aef8433c867750ebabc.jpeg,Impala
82381,"Hidratante Labial Amora Shine Nivea Blister 4,8g","Hidratante Labial Amora Shine Nivea Blister 4,8g",in stock,new,23.29 BRL,https://loja.redecentralfarma.com.br/,https://d22vuod48cepji.cloudfront.net/ib.item.image.large/l-1aea469451094fe8a58eede5e01b0d07.jpeg,Nivea
83323,Sabonete Líquido Hidratação Glicerinada da Cabeça aos Pés Dove Baby Frasco 200ml Pump,Sabonete Líquido Hidratação Glicerinada da Cabeça aos Pés Dove Baby Frasco 200ml Pump,in stock,new,20.49 BRL,https://loja.redecentralfarma.com.br/,https://d22vuod48cepji.cloudfront.net/ib.item.image.large/l-ac066884a9ed4b02b89fe0f887d92539.png,Dove
89529,Aparelho Barbear Prestobarba Cabeca Movel Rosa,Aparelho Barbear Prestobarba Cabeca Movel Rosa,in stock,new,11.49 BRL,https://loja.redecentralfarma.com.br/,https://d22vuod48cepji.cloudfront.net/ib.item.image.large/l-04bfe58a08784428a844e79cae7e9906.png,Gillette
92783,Antitranspirante Aerossol Rexona Cotton Dry 250ml Spray Leve Mais Pague Menos,Antitranspirante Aerossol Rexona Cotton Dry 250ml Spray Leve Mais Pague Menos,in stock,new,25.49 BRL,https://loja.redecentralfarma.com.br/,https://d22vuod48cepji.cloudfront.net/ib.item.image.large/l-0c47d5da09924027a6d19b8a3be924d9.png,Rexona
93467,Desodorante Antitranspirante Aerossol Masculino Bozzano Fresh 150ml,Desodorante Antitranspirante Aerossol Masculino Bozzano Fresh 150ml,in stock,new,12.49 BRL,https://loja.redecentralfarma.com.br/,https://d22vuod48cepji.cloudfront.net/ib.item.image.large/l-ef6086aaa0d6483e9b3cc208fa4653d3.jpeg,Bozzano
94726,Hidrat Facial Dermunn Acido Glicolico 50G,Hidrat Facial Dermunn Acido Glicolico 50G,in stock,new,31.79 BRL,https://loja.redecentralfarma.com.br/,https://d22vuod48cepji.cloudfront.net/ib.item.image.large/l-fa028776bba84d9db826104faf1abee7.png,Dermunn
95613,Curativo Bem Care Transparente 40Un,Curativo Bem Care Transparente 40Un,in stock,new,15.49 BRL,https://loja.redecentralfarma.com.br/,https://d22vuod48cepji.cloudfront.net/ib.item.image.large/l-a4341e0c1f744d7b90248386bd615973.png,Bem Care
96812,Antitranspirante Aerossol Revigorante Monange Clinical 150ml,Antitranspirante Aerossol Revigorante Monange Clinical 150ml,in stock,new,13.99 BRL,https://loja.redecentralfarma.com.br/,https://d22vuod48cepji.cloudfront.net/ib.item.image.large/l-daf16c389fcd487e9652df45afb0b41d.jpeg,Monange
102236,Esc Dental Amis Tech Color Media Lv2 Pg1,Esc Dental Amis Tech Color Media Lv2 Pg1,in stock,new,11.49 BRL,https://loja.redecentralfarma.com.br/,https://d22vuod48cepji.cloudfront.net/ib.item.image.large/l-2cb2a84c6eae423cac7d11c7bb895f4f.jpeg,Amis
106955,Hidratante Facial Creme Controle Sinais Dermunn 100g,Hidratante Facial Creme Controle Sinais Dermunn 100g,in stock,new,27.49 BRL,https://loja.redecentralfarma.com.br/,https://d22vuod48cepji.cloudfront.net/ib.item.image.large/l-e97beb70c0f143e495810afd43f31fb6.jpeg,Dermunn
107810,Sabonete Dove Verão Pele Radiante 90g,Sabonete Dove Verão Pele Radiante 90g,in stock,new,5.99 BRL,https://loja.redecentralfarma.com.br/,https://d22vuod48cepji.cloudfront.net/ib.item.image.large/l-4367ae00cb4b429099fe47293b0e1e43.jpg,dove
109426,Antitranspirante Vip Old Spice 200ml Spray Embalagem Econômica,Antitranspirante Vip Old Spice 200ml Spray Embalagem Econômica,in stock,new,24.49 BRL,https://loja.redecentralfarma.com.br/,https://d22vuod48cepji.cloudfront.net/ib.item.image.large/l-62ab95cf6e2543a28e9b456fa25a7114.png,Old Spice
109450,Creme Trat Skala 1kg Frutástica Uva,Creme Trat Skala 1kg Frutástica Uva,in stock,new,13.99 BRL,https://loja.redecentralfarma.com.br/,https://d22vuod48cepji.cloudfront.net/ib.item.image.large/l-9e7a993488c64949a47e3dbe7dd92471.jpeg,Skala
109636,Sh/Cond Salon Line Long/For,Sh/Cond Salon Line Long/For,in stock,new,20.49 BRL,https://loja.redecentralfarma.com.br/,https://d22vuod48cepji.cloudfront.net/ib.item.image.large/l-7a2f768e35d74a4791b29bdd71a21ad4.jpeg,Salon Line
112619,Body Splash Cabelo E Corpo Salon Line Xêrosa Vibes Pop 200ml,Body Splash Cabelo E Corpo Salon Line Xêrosa Vibes Pop 200ml,in stock,new,31.29 BRL,https://loja.redecentralfarma.com.br/,https://d22vuod48cepji.cloudfront.net/ib.item.image.large/l-b030d0fa32864216a5e4c9402b0b68fd.jpeg,Salon Line
113368,Gel Massageador Arnica Sport Bem Care 120g,Gel Massageador Arnica Sport Bem Care 120g,in stock,new,17.99 BRL,https://loja.redecentralfarma.com.br/,https://d22vuod48cepji.cloudfront.net/ib.item.image.large/l-26e53b6f537243a88a6e313b136f399e.png,Bem Care
115234,Própolis Spray Melune Romã (30ml),Própolis Spray Melune Romã (30ml),in stock,new,10.79 BRL,https://loja.redecentralfarma.com.br/,https://d22vuod48cepji.cloudfront.net/ib.item.image.large/l-c26e301df73f4a17ad67f6fcdbce8d2b.webp,Melune
115930,Creme Pentear Mega Hidratação 300ml Seda,Creme Pentear Mega Hidratação 300ml Seda,in stock,new,12.79 BRL,https://loja.redecentralfarma.com.br/,https://d22vuod48cepji.cloudfront.net/ib.item.image.large/l-76bafd84ec054dc4b18c19f7810760a1.webp,Seda
2249,Creme Dental Menta Refrescante Colgate Máxima Proteção Anticáries Caixa 50g,Creme Dental Menta Refrescante Colgate Máxima Proteção Anticáries Caixa 50g,in stock,new,3.99 BRL,https://loja.redecentralfarma.com.br/,https://d22vuod48cepji.cloudfront.net/ib.item.image.large/l-c603d9ef33d64ed7aa1dcb225b1cc9c1.png,Colgate
2318,Loção Desodorante Hidratação Total Mãos e Unhas Vasenol Frasco 200ml,Loção Desodorante Hidratação Total Mãos e Unhas Vasenol Frasco 200ml,in stock,new,17.29 BRL,https://loja.redecentralfarma.com.br/,https://d22vuod48cepji.cloudfront.net/ib.item.image.large/l-ecdc72aa3261401993ea83b04250c665.png,Vasenol
2465,Preservativo Lubrificado Morango Blowtex Pacote 3 Unidades,Preservativo Lubrificado Morango Blowtex Pacote 3 Unidades,in stock,new,8.49 BRL,https://loja.redecentralfarma.com.br/,https://d22vuod48cepji.cloudfront.net/ib.item.image.large/l-ecce022d980d48bba9a076b5d41ead90.jpeg,Blowtex
2655,Alisante Creme HairLife Liso & Natural Caixa 80g,Alisante Creme HairLife Liso & Natural Caixa 80g,in stock,new,21.29 BRL,https://loja.redecentralfarma.com.br/,https://d22vuod48cepji.cloudfront.net/ib.item.image.large/l-797730fe44f04bc4a91f3ee10b33f84b.jpeg,HairLife
2816,Loção Corporal Deo-Hidratante Irresistível Paixão Frasco 200ml,Loção Corporal Deo-Hidratante Irresistível Paixão Frasco 200ml,in stock,new,11.99 BRL,https://loja.redecentralfarma.com.br/,https://d22vuod48cepji.cloudfront.net/ib.item.image.large/l-e460451c5c0847ad848e0a097187ae17.jpeg,Paixão
3042,Shampoo Seda Liso Perfeito Frasco 325ml,Shampoo Seda Liso Perfeito Frasco 325ml,in stock,new,15.49 BRL,https://loja.redecentralfarma.com.br/,https://d22vuod48cepji.cloudfront.net/ib.item.image.large/l-66a2cb197a4640aba7fdeadf56a07454.png,Seda
3054,Condicionador Seda Liso Perfeito Frasco 325ml,Condicionador Seda Liso Perfeito Frasco 325ml,in stock,new,17.79 BRL,https://loja.redecentralfarma.com.br/,https://d22vuod48cepji.cloudfront.net/ib.item.image.large/l-7474333babfe46e0aef9350c6176318f.png,Seda
3571,Shampoo 2 em 1 Darling Frasco 350ml,Shampoo 2 em 1 Darling Frasco 350ml,in stock,new,12.99 BRL,https://loja.redecentralfarma.com.br/,https://d22vuod48cepji.cloudfront.net/ib.item.image.large/l-2cf82b4f342b4a6786e7116db71be13b.png,Darling
4595,Kit Tintura Creme 2.0 Preto Natural Maxton,Kit Tintura Creme 2.0 Preto Natural Maxton,in stock,new,15.79 BRL,https://loja.redecentralfarma.com.br/,https://d22vuod48cepji.cloudfront.net/ib.item.image.large/l-4aa21f8da11348549aa601adf9f5c87a.jpeg,Maxton
4678,Kit Sfera Alisante Cap. Abacate/Queratina 170Ml,Kit Sfera Alisante Cap. Abacate/Queratina 170Ml,in stock,new,25.99 BRL,https://loja.redecentralfarma.com.br/,https://d22vuod48cepji.cloudfront.net/ib.item.image.large/l-3904410bedc44260b36b709d9138f17b.jpeg,Sfera
5151,Absorvente sem Abas Suave Sempre Livre Adapt Pacote 8 Unidades,Absorvente sem Abas Suave Sempre Livre Adapt Pacote 8 Unidades,in stock,new,7.99 BRL,https://loja.redecentralfarma.com.br/,https://d22vuod48cepji.cloudfront.net/ib.item.image.large/l-6de4905b3fae48d48f13493d51c0c1fc.jpeg,Sempre Livre
5419,Esmalte Longa Duração Cremoso Nu Black Colorama 8Ml,Esmalte Longa Duração Cremoso Nu Black Colorama 8Ml,in stock,new,7.99 BRL,https://loja.redecentralfarma.com.br/,https://d22vuod48cepji.cloudfront.net/ib.item.image.large/l-2cffbc4591f54a7991e0f923d5620552.jpeg,Colorama
5434,Esmalte Risqué Rosas Cremoso Astral 8ml,Esmalte Risqué Rosas Cremoso Astral 8ml,in stock,new,5.99 BRL,https://loja.redecentralfarma.com.br/,https://d22vuod48cepji.cloudfront.net/ib.item.image.large/l-7d6b2d3bd0114649bbc0d400616615ca.jpeg,Risqué
5886,Coloração Casting Creme Gloss 210 Preto Azulado,Coloração Casting Creme Gloss 210 Preto Azulado,in stock,new,44.99 BRL,https://loja.redecentralfarma.com.br/,https://d22vuod48cepji.cloudfront.net/ib.item.image.large/l-42f5c0348337423fa1cc46563e367f7c.jpeg,Casting Creme Gloss
8029,Esmalte Longa Duração Cremoso Nu Gabriele Colorama 8Ml,Esmalte Longa Duração Cremoso Nu Gabriele Colorama 8Ml,in stock,new,7.99 BRL,https://loja.redecentralfarma.com.br/,https://d22vuod48cepji.cloudfront.net/ib.item.image.large/l-3898f4b044c64c7086cbd72bab206b7d.jpeg,Colorama
15535,Lixa para Unhas Marco Boni 6 Unidades,Lixa para Unhas Marco Boni 6 Unidades,in stock,new,5.49 BRL,https://loja.redecentralfarma.com.br/,https://d22vuod48cepji.cloudfront.net/ib.item.image.large/l-6c178997c18045f9b09e859f37040652.jpeg,Marco Boni
43316,Água de Coco Esterilizada Puro Coco Caixa 1l,Água de Coco Esterilizada Puro Coco Caixa 1l,in stock,new,15.99 BRL,https://loja.redecentralfarma.com.br/,https://d22vuod48cepji.cloudfront.net/ib.item.image.large/l-eea96fcf90f4463bb347f2d802daea6e.jpeg,Puro Coco
44760,Creme de Tratamento L'oréal Paris Elseve Óleo Extraordinário Pote 300g,Creme de Tratamento L'oréal Paris Elseve Óleo Extraordinário Pote 300g,in stock,new,33.99 BRL,https://loja.redecentralfarma.com.br/,https://d22vuod48cepji.cloudfront.net/ib.item.image.large/l-30439dd20199418fa06e83f14f1dab6c.jpeg,L'oréal Paris
44787,Shampoo Pantene Hidratação Frasco 400ml,Shampoo Pantene Hidratação Frasco 400ml,in stock,new,32.49 BRL,https://loja.redecentralfarma.com.br/,https://d22vuod48cepji.cloudfront.net/ib.item.image.large/l-3890072eea0b4f4da0fcaa0782000664.png,Pantene
49738,Antitranspirante Roll-On Proteção Total Dove Men+Care 50ml,Antitranspirante Roll-On Proteção Total Dove Men+Care 50ml,in stock,new,12.79 BRL,https://loja.redecentralfarma.com.br/,https://d22vuod48cepji.cloudfront.net/ib.item.image.large/l-f7a3a9b200b84c8cbad40aba2e840ee1.jpeg,Dove
52598,Luva SANRO PLUS Média,Luva SANRO PLUS Média,in stock,new,37.99 BRL,https://loja.redecentralfarma.com.br/,https://d22vuod48cepji.cloudfront.net/ib.item.image.large/l-b6689d7b7bf149d5a08da84af8945819.jpeg,Sanro Plus
55340,Antitranspirante Aerossol Rexona Men Xtracool 150ml Spray,Antitranspirante Aerossol Rexona Men Xtracool 150ml Spray,in stock,new,17.99 BRL,https://loja.redecentralfarma.com.br/,https://d22vuod48cepji.cloudfront.net/ib.item.image.large/l-29b41d4575b2466aa5a7ed0c74aee670.png,Rexona
57641,Desodorante Pó para os Pés Baruel Tenys Pé Menta Fresh Frasco 100g,Desodorante Pó para os Pés Baruel Tenys Pé Menta Fresh Frasco 100g,in stock,new,15.29 BRL,https://loja.redecentralfarma.com.br/,https://d22vuod48cepji.cloudfront.net/ib.item.image.large/l-919daff57e7c413cb4eecd49fd0af0af.jpeg,Baruel
58238,Creme Dental Oral-B 3D White 70G,Creme Dental Oral-B 3D White 70G,in stock,new,13.49 BRL,https://loja.redecentralfarma.com.br/,https://d22vuod48cepji.cloudfront.net/ib.item.image.large/l-ad11fcf5e52a439bb742f137c31dc7d1.jpeg,Oral-B
58446,"Hidratante Labial Original Care Nivea Blister 4,8g","Hidratante Labial Original Care Nivea Blister 4,8g",in stock,new,23.29 BRL,https://loja.redecentralfarma.com.br/,https://d22vuod48cepji.cloudfront.net/ib.item.image.large/l-3272c78fbde8468fa5357139820da3a6.png,Nivea
59434,Coloração Casting Creme Gloss 400 Castanho Natural,Coloração Casting Creme Gloss 400 Castanho Natural,in stock,new,44.99 BRL,https://loja.redecentralfarma.com.br/,https://d22vuod48cepji.cloudfront.net/ib.item.image.large/l-b2cd845b312a4a24a5cee496e0d1491c.jpeg,Casting Creme Gloss
59642,Hair Spray Extraforte Karina Controle & Volume Frasco 250ml,Hair Spray Extraforte Karina Controle & Volume Frasco 250ml,in stock,new,32.99 BRL,https://loja.redecentralfarma.com.br/,https://d22vuod48cepji.cloudfront.net/ib.item.image.large/l-339c330790374c3fa621cc6528a30cc8.jpeg,Karina
59643,Hair Spray Extraforte Karina Controle & Volume Frasco 400ml,Hair Spray Extraforte Karina Controle & Volume Frasco 400ml,in stock,new,34.49 BRL,https://loja.redecentralfarma.com.br/,https://d22vuod48cepji.cloudfront.net/ib.item.image.large/l-3411d79188d240ec922d51afbffaafcf.jpeg,Karina
64429,Shampoo L'oréal Paris Elseve Óleo Extraordinário Frasco 200ml,Shampoo L'oréal Paris Elseve Óleo Extraordinário Frasco 200ml,in stock,new,19.99 BRL,https://loja.redecentralfarma.com.br/,https://d22vuod48cepji.cloudfront.net/ib.item.image.large/l-d09bcad535ae4613ab645f4f587b6788.png,L'oréal Paris
67712,Sabonete Barra Extra Suave Disney Baby Huggies Caixa 75g,Sabonete Barra Extra Suave Disney Baby Huggies Caixa 75g,in stock,new,5.99 BRL,https://loja.redecentralfarma.com.br/,https://d22vuod48cepji.cloudfront.net/ib.item.image.large/l-d211486c369d495096fd21fba2318597.jpeg,Huggies
70690,Agua Oxigenada Beira Alta 10vol 90ml,Agua Oxigenada Beira Alta 10vol 90ml,in stock,new,4.49 BRL,https://loja.redecentralfarma.com.br/,https://d22vuod48cepji.cloudfront.net/ib.item.image.large/l-262f43f9610742bbbe38bf9fb89f7846.jpg,Beira Alta
70958,Kit Coloração Creme 1 Preto Jabuticaba Alfaparf Alta Moda É...,Kit Coloração Creme 1 Preto Jabuticaba Alfaparf Alta Moda É...,in stock,new,16.99 BRL,https://loja.redecentralfarma.com.br/,https://d22vuod48cepji.cloudfront.net/ib.item.image.large/l-711201e47b0c48cb9312b7abf8b2f052.jpeg,Alfaparf
70960,Kit Coloração Creme 4 Castanho Médio Alfaparf Alta Moda É...,Kit Coloração Creme 4 Castanho Médio Alfaparf Alta Moda É...,in stock,new,16.99 BRL,https://loja.redecentralfarma.com.br/,https://d22vuod48cepji.cloudfront.net/ib.item.image.large/l-756dc6b89b054566a43fd422aae61239.jpeg,Alfaparf
71892,Acetona Lutex 500Ml,Acetona Lutex 500Ml,in stock,new,48.99 BRL,https://loja.redecentralfarma.com.br/,https://d22vuod48cepji.cloudfront.net/ib.item.image.large/l-63801fbdacef4f61a086f361706efc2d.png,Lutex
72124,Óleo Capilar Muriel  80ml Coco,Óleo Capilar Muriel  80ml Coco,in stock,new,12.99 BRL,https://loja.redecentralfarma.com.br/,https://d22vuod48cepji.cloudfront.net/ib.item.image.large/l-befa1a4085b14641bc312e22bd0754e9.jpeg,Muriel
72801,Removedor Esmalte Farmax 100Ml Tradiciona sem acetona,Removedor Esmalte Farmax 100Ml Tradiciona sem acetona,in stock,new,7.99 BRL,https://loja.redecentralfarma.com.br/,https://d22vuod48cepji.cloudfront.net/ib.item.image.large/l-22384ba7faf643e7b9d50edf6d04fe74.jpg,farmax
73337,Preservativo Masculino Lubrificado Morango Blowtex Pacote Leve 12 Pague 10 Unidades,Preservativo Masculino Lubrificado Morango Blowtex Pacote Leve 12 Pague 10 Unidades,in stock,new,25.99 BRL,https://loja.redecentralfarma.com.br/,https://d22vuod48cepji.cloudfront.net/ib.item.image.large/l-467c548f070243eca7bde528a25b392b.jpeg,Blowtex
76192,Achocolatado Toddynho 200Ml,Achocolatado Toddynho 200Ml,in stock,new,5.99 BRL,https://loja.redecentralfarma.com.br/,https://d22vuod48cepji.cloudfront.net/ib.item.image.large/l-751bf07e99304d2bb4fab46e1befd6a2.jpeg,Toddynho
78101,Creme de Tratamento e Pentear Skala Expert Amido de Milho Pote 1000g,Creme de Tratamento e Pentear Skala Expert Amido de Milho Pote 1000g,in stock,new,13.99 BRL,https://loja.redecentralfarma.com.br/,https://d22vuod48cepji.cloudfront.net/ib.item.image.large/l-5bc721c6a2a74d429ae9f0be33872573.jpeg,Skala
78918,Colonia Infantil Giovanna Baby 100Ml Giby&Gaby,Colonia Infantil Giovanna Baby 100Ml Giby&Gaby,in stock,new,15.99 BRL,https://loja.redecentralfarma.com.br/,https://d22vuod48cepji.cloudfront.net/ib.item.image.large/l-f3f22fc50b064b58884ae5edf06faf8a.jpeg,Giovanna Baby
79540,Creme Facial Nivea Antissinais 100g,Creme Facial Nivea Antissinais 100g,in stock,new,34.49 BRL,https://loja.redecentralfarma.com.br/,https://d22vuod48cepji.cloudfront.net/ib.item.image.large/l-eb0628c0fc5d4337b70d25ff6f907116.png,Nivea
79759,Creme de Tratamento Skala Maracujá 1Kg,Creme de Tratamento Skala Maracujá 1Kg,in stock,new,13.99 BRL,https://loja.redecentralfarma.com.br/,https://d22vuod48cepji.cloudfront.net/ib.item.image.large/l-290d86e271c54a12866aea9c9365061d.jpeg,Skala
81338,Absorvente com Abas Suave Sempre Livre Adapt Plus Pacote 32 Unidades Leve Mais Pague Menos,Absorvente com Abas Suave Sempre Livre Adapt Plus Pacote 32 Unidades Leve Mais Pague Menos,in stock,new,29.99 BRL,https://loja.redecentralfarma.com.br/,https://d22vuod48cepji.cloudfront.net/ib.item.image.large/l-760729cbfba24c0885b37d41ab6c99b8.png,Sempre Livre
81478,Unha Postica Kiss Natur Ksn01Br Md Oval,Unha Postica Kiss Natur Ksn01Br Md Oval,in stock,new,26.99 BRL,https://loja.redecentralfarma.com.br/,https://d22vuod48cepji.cloudfront.net/ib.item.image.large/l-cb1e4912ff2b4960a5f554375746c628.png,Kiss
81556,Antitranspirante Aerossol Above Teen Boy 150ml,Antitranspirante Aerossol Above Teen Boy 150ml,in stock,new,9.49 BRL,https://loja.redecentralfarma.com.br/,https://d22vuod48cepji.cloudfront.net/ib.item.image.large/l-067da5eb56c442c0a0edfddeeace8f72.jpeg,Above
81587,Sabonete Barra Íntimo Delicate Care Protex Cuidado Íntimo Caixa 85g,Sabonete Barra Íntimo Delicate Care Protex Cuidado Íntimo Caixa 85g,in stock,new,9.99 BRL,https://loja.redecentralfarma.com.br/,https://d22vuod48cepji.cloudfront.net/ib.item.image.large/l-dab3be7cc859440291cbe8137d10632d.jpeg,Protex
82003,Folhas para Depilação Suave Facial Óleo de Argan e Jojoba Depi Roll Argan Oil Caixa 16 Unidades,Folhas para Depilação Suave Facial Óleo de Argan e Jojoba Depi Roll Argan Oil Caixa 16 Unidades,in stock,new,15.49 BRL,https://loja.redecentralfarma.com.br/,https://d22vuod48cepji.cloudfront.net/ib.item.image.large/l-0f602a2b5669489682afddf0d18c0049.jpeg,Depi Roll
84217,Absorvente com Abas Suave Always P Pacote 32 Unidades Grátis 4 Unidades,Absorvente com Abas Suave Always P Pacote 32 Unidades Grátis 4 Unidades,in stock,new,18.99 BRL,https://loja.redecentralfarma.com.br/,https://d22vuod48cepji.cloudfront.net/ib.item.image.large/l-359afc5e2c534096af8f0687d590c56b.jpeg,Always
84411,Descolorante Yama Camomila 50G,Descolorante Yama Camomila 50G,in stock,new,17.29 BRL,https://loja.redecentralfarma.com.br/,https://d22vuod48cepji.cloudfront.net/ib.item.image.large/l-4707c4bb843c4bf4afc677bedcf98a6e.jpeg,yamá
84789,Creme Dental Carvão Ativado Dazzling Mint Colgate Luminous White Caixa 70g,Creme Dental Carvão Ativado Dazzling Mint Colgate Luminous White Caixa 70g,in stock,new,11.49 BRL,https://loja.redecentralfarma.com.br/,https://d22vuod48cepji.cloudfront.net/ib.item.image.large/l-81c7bb7831a34d0e8f75a48d23bdc767.jpeg,Colgate
84870,Creme de Tratamento Ultraprofundo Novex Óleo de Coco Pote 400g,Creme de Tratamento Ultraprofundo Novex Óleo de Coco Pote 400g,in stock,new,17.99 BRL,https://loja.redecentralfarma.com.br/,https://d22vuod48cepji.cloudfront.net/ib.item.image.large/l-42c51cebe17d4d9ea867ede15df4648a.jpeg,Novex
84896,Absorvente com Abas Suave Always G Pacote 8 Unidades,Absorvente com Abas Suave Always G Pacote 8 Unidades,in stock,new,11.99 BRL,https://loja.redecentralfarma.com.br/,https://d22vuod48cepji.cloudfront.net/ib.item.image.large/l-efb15ef5ba394bf2a7b2b6236909caf1.png,Always
86691,Sabonete Íntimo Apinil Menta  -  210ml,Sabonete Íntimo Apinil Menta  -  210ml,in stock,new,10.99 BRL,https://loja.redecentralfarma.com.br/,https://d22vuod48cepji.cloudfront.net/ib.item.image.large/l-053340abf39b40f397d00ffd5d45d725.png,Apinil
88220,Bebida Adoçada Morango Maguary Fruit Shoot Caixa 150ml,Bebida Adoçada Morango Maguary Fruit Shoot Caixa 150ml,in stock,new,2.49 BRL,https://loja.redecentralfarma.com.br/,https://d22vuod48cepji.cloudfront.net/ib.item.image.large/l-03918684d73d40ee99ee2fd939ac774b.jpeg,Maguary
88283,Kit Tinta Maxton 50G Bisnaga 1.77 Pt Az,Kit Tinta Maxton 50G Bisnaga 1.77 Pt Az,in stock,new,15.79 BRL,https://loja.redecentralfarma.com.br/,https://d22vuod48cepji.cloudfront.net/ib.item.image.large/l-4723acc48e944713be96153980b55eab.jpeg,Maxton
89040,Protetor Diário sem Abas Antibacteriano Intimus Pacote 40 Unidades Leve Mais Pague Menos,Protetor Diário sem Abas Antibacteriano Intimus Pacote 40 Unidades Leve Mais Pague Menos,in stock,new,16.49 BRL,https://loja.redecentralfarma.com.br/,https://d22vuod48cepji.cloudfront.net/ib.item.image.large/l-901fe25e0fb54ee99957eb2225a5d8fe.jpeg,Intimus
89420,"Bombom Sortido Lacta Favoritos Caixa 250,6g","Bombom Sortido Lacta Favoritos Caixa 250,6g",in stock,new,19.99 BRL,https://loja.redecentralfarma.com.br/,https://d22vuod48cepji.cloudfront.net/ib.item.image.large/l-683825be86874b83a886208e9123bc72.png,Lacta
90056,Máscara Intensiva L'oréal Paris Elseve Hidra Hialurônico Pote 300g,Máscara Intensiva L'oréal Paris Elseve Hidra Hialurônico Pote 300g,in stock,new,33.99 BRL,https://loja.redecentralfarma.com.br/,https://d22vuod48cepji.cloudfront.net/ib.item.image.large/l-cdc113d4815d492dbfd4eda1458daf1c.jpeg,L'oréal Paris
90108,Esmalte Impala Perolado Paraiso,Esmalte Impala Perolado Paraiso,in stock,new,5.99 BRL,https://loja.redecentralfarma.com.br/,https://d22vuod48cepji.cloudfront.net/ib.item.image.large/l-d91ea51ed4364a5783f9c09589f11331.png,Impala
90536,Algodão Apolo Bola 25g,Algodão Apolo Bola 25g,in stock,new,2.99 BRL,https://loja.redecentralfarma.com.br/,https://d22vuod48cepji.cloudfront.net/ib.item.image.large/l-587ab2a760be499cad6083f972258218.jpeg,Apolo
90973,Enxaguante Bucal Ice Closeup Proteção 360° Fresh Frasco 250ml,Enxaguante Bucal Ice Closeup Proteção 360° Fresh Frasco 250ml,in stock,new,12.49 BRL,https://loja.redecentralfarma.com.br/,https://d22vuod48cepji.cloudfront.net/ib.item.image.large/l-33fcc842a9c4407081a030fa2130b5a7.png,Closeup
91548,Absorvente com Abas Suave Always P Pacote 16 Unidades Grátis 2 Unidades,Absorvente com Abas Suave Always P Pacote 16 Unidades Grátis 2 Unidades,in stock,new,10.49 BRL,https://loja.redecentralfarma.com.br/,https://d22vuod48cepji.cloudfront.net/ib.item.image.large/l-75327e38b999423dac07fe58c3d34556.png,Always
91660,Bomba Capilar Keratex Crescimento 60ml,Bomba Capilar Keratex Crescimento 60ml,in stock,new,11.99 BRL,https://loja.redecentralfarma.com.br/,https://d22vuod48cepji.cloudfront.net/ib.item.image.large/l-458f361a7fa24a639b24f5be0b9385a8.jpeg,Keratex
91977,Creme para Pentear Infantil Frozen Seda Juntinhos Brilho Encantado Frasco 300ml,Creme para Pentear Infantil Frozen Seda Juntinhos Brilho Encantado Frasco 300ml,in stock,new,12.79 BRL,https://loja.redecentralfarma.com.br/,https://d22vuod48cepji.cloudfront.net/ib.item.image.large/l-63a2953ff3f34248933f580bac27224d.png,Seda
91984,Sabonete Líquido Hidratação Glicerinada da Cabeça aos Pés Dove Baby Frasco 400ml,Sabonete Líquido Hidratação Glicerinada da Cabeça aos Pés Dove Baby Frasco 400ml,in stock,new,30.29 BRL,https://loja.redecentralfarma.com.br/,https://d22vuod48cepji.cloudfront.net/ib.item.image.large/l-075fe6acb680429f9e4dc83170c91356.jpeg,Dove
92297,Antitranspirante Aerossol Nivea Invisible Black & White Clear150ml Spray,Antitranspirante Aerossol Nivea Invisible Black & White Clear150ml Spray,in stock,new,17.49 BRL,https://loja.redecentralfarma.com.br/,https://d22vuod48cepji.cloudfront.net/ib.item.image.large/l-d4a9dba7589f4df8bc9afd1157a7a28c.png,Nivea
92787,Antitranspirante Aerossol Rexona Men Antibacterial + Invisible 250ml Spray Leve Mais Pague Menos,Antitranspirante Aerossol Rexona Men Antibacterial + Invisible 250ml Spray Leve Mais Pague Menos,in stock,new,25.49 BRL,https://loja.redecentralfarma.com.br/,https://d22vuod48cepji.cloudfront.net/ib.item.image.large/l-d3edbd9c4c484463bce90dfafa9a4185.png,Rexona
93980,"Esmalte Impala Cremoso Admire 7,5Ml Un","Esmalte Impala Cremoso Admire 7,5Ml Un",in stock,new,5.99 BRL,https://loja.redecentralfarma.com.br/,https://d22vuod48cepji.cloudfront.net/ib.item.image.large/l-f3010972ddae41249337499c074de1ad.jpg,Cremoso
94085,Óleo Deo Corporal Flor de Baunilha Paixão Frasco 100ml,Óleo Deo Corporal Flor de Baunilha Paixão Frasco 100ml,in stock,new,14.99 BRL,https://loja.redecentralfarma.com.br/,https://d22vuod48cepji.cloudfront.net/ib.item.image.large/l-40cef2a938724d00935c17d6973d6973.jpeg,Paixão
95540,Água Micelar Facial Dermunn 210ml,Água Micelar Facial Dermunn 210ml,in stock,new,15.49 BRL,https://loja.redecentralfarma.com.br/,https://d22vuod48cepji.cloudfront.net/ib.item.image.large/l-76d63274ae164a3283980fcddc6db8f8.png,Dermunn
95616,Prot Seios Abs. Bem Care 30Un,Prot Seios Abs. Bem Care 30Un,in stock,new,25.99 BRL,https://loja.redecentralfarma.com.br/,https://d22vuod48cepji.cloudfront.net/ib.item.image.large/l-e698c3d95f69476cbf22f685e0da987d.png,Bem Care
96920,Condicionador Meu Liso Recarga Queratina 300ml,Condicionador Meu Liso Recarga Queratina 300ml,in stock,new,13.99 BRL,https://loja.redecentralfarma.com.br/,https://d22vuod48cepji.cloudfront.net/ib.item.image.large/l-a1cb425de7cc4db8985f9bd6667ebdda.png,salon line
97108,Antitranspirante Aerossol Nivea Men Active Dry Impact 200ml Spray Embalagem Econômica,Antitranspirante Aerossol Nivea Men Active Dry Impact 200ml Spray Embalagem Econômica,in stock,new,19.99 BRL,https://loja.redecentralfarma.com.br/,https://d22vuod48cepji.cloudfront.net/ib.item.image.large/l-d2d75fe4b6864a86a652c2a773980f18.png,Nivea Men
97286,Kit Tonalizante Castanho Escuro Biocolor Homem,Kit Tonalizante Castanho Escuro Biocolor Homem,in stock,new,32.99 BRL,https://loja.redecentralfarma.com.br/,https://d22vuod48cepji.cloudfront.net/ib.item.image.large/l-acb40012a221443c9ee35a8e21ea6773.jpeg,Biocolor
99397,Cookies Chocolate Bauducco - 60g,Cookies Chocolate Bauducco - 60g,in stock,new,3.99 BRL,https://loja.redecentralfarma.com.br/,https://d22vuod48cepji.cloudfront.net/ib.item.image.large/l-2055605de537466c89e4cd326b90302b.png,Bauducco
99654,Barra Protein Int Medica 45G Avela,Barra Protein Int Medica 45G Avela,in stock,new,11.49 BRL,https://loja.redecentralfarma.com.br/,https://d22vuod48cepji.cloudfront.net/ib.item.image.large/l-279bfdbbfdba45ee967049db418121a7.jpeg,Integralmédica
99709,"Esmalte Impala Cremoso Chamego Meu 7,5 MI","Esmalte Impala Cremoso Chamego Meu 7,5 MI",in stock,new,5.99 BRL,https://loja.redecentralfarma.com.br/,https://d22vuod48cepji.cloudfront.net/ib.item.image.large/l-baefde8e7ab64d608623c9dc6bef0616.png,impala
101141,Antitranspirante Aerossol Invisible sem Perfume Above 150ml,Antitranspirante Aerossol Invisible sem Perfume Above 150ml,in stock,new,9.49 BRL,https://loja.redecentralfarma.com.br/,https://d22vuod48cepji.cloudfront.net/ib.item.image.large/l-21617b5b02b74fe6a3e770df7512a641.jpeg,Above
101594,Creme Depilatório Corporal Antioxidantes e Suavizantes Depi Roll Resistance Bisnaga 100g,Creme Depilatório Corporal Antioxidantes e Suavizantes Depi Roll Resistance Bisnaga 100g,in stock,new,45.99 BRL,https://loja.redecentralfarma.com.br/,https://d22vuod48cepji.cloudfront.net/ib.item.image.large/l-42353c93f87543eb8d1315c3b3f4ae7e.jpeg,Depi Roll
102589,Protetor Diário Suave Intimus Cuidado Avançado Pacote 15 Unidades,Protetor Diário Suave Intimus Cuidado Avançado Pacote 15 Unidades,in stock,new,8.99 BRL,https://loja.redecentralfarma.com.br/,https://d22vuod48cepji.cloudfront.net/ib.item.image.large/l-d80b2ed8cb324b23931ef1f894a6d054.jpeg,Intimus
103049,Fralda Babysec Ultrasec Galinha Pintadinha Mega Tamanho XXG 28 Unidades,Fralda Babysec Ultrasec Galinha Pintadinha Mega Tamanho XXG 28 Unidades,in stock,new,46.99 BRL,https://loja.redecentralfarma.com.br/,https://d22vuod48cepji.cloudfront.net/ib.item.image.large/l-64caee8d39684fe4a01469a77b183ce0.png,Baby sec
103060,Antitranspirante Aerossol Invisible Movement Above Men Extreme 150ml,Antitranspirante Aerossol Invisible Movement Above Men Extreme 150ml,in stock,new,9.49 BRL,https://loja.redecentralfarma.com.br/,https://d22vuod48cepji.cloudfront.net/ib.item.image.large/l-4e472ef292e24138bb80d33133de63cf.jpeg,Above
103152,Po Compacto Vult V430 9G,Po Compacto Vult V430 9G,in stock,new,31.99 BRL,https://loja.redecentralfarma.com.br/,https://d22vuod48cepji.cloudfront.net/ib.item.image.large/l-170fad380c89413790e6817c03fc8652.png,Vult
103377,Argila Verde Labotrat 100G,Argila Verde Labotrat 100G,in stock,new,12.79 BRL,https://loja.redecentralfarma.com.br/,https://d22vuod48cepji.cloudfront.net/ib.item.image.large/l-735077aaf1cc4457a3479609be7441e1.png,Labotrat
103891,Antitranspirante Aerossol Invisible Above Men Extreme 150ml,Antitranspirante Aerossol Invisible Above Men Extreme 150ml,in stock,new,9.49 BRL,https://loja.redecentralfarma.com.br/,https://d22vuod48cepji.cloudfront.net/ib.item.image.large/l-18ecae1a1e7240758bb7e17d395671b4.jpeg,Above
103915,Cortador Unha Unhex Jumbo,Cortador Unha Unhex Jumbo,in stock,new,16.49 BRL,https://loja.redecentralfarma.com.br/,https://d22vuod48cepji.cloudfront.net/ib.item.image.large/l-faa2daa69a6b42ea9ac7a54705e50d96.jpeg,Unhex
104222,"Shampoo Sela Gloss L'Oréal Paris Elseve Glycolic Gloss, 200Ml","Shampoo Sela Gloss L'Oréal Paris Elseve Glycolic Gloss, 200Ml",in stock,new,19.99 BRL,https://loja.redecentralfarma.com.br/,https://d22vuod48cepji.cloudfront.net/ib.item.image.large/l-58cf0420bc4240cbb8b4d24f06af3748.jpeg,Elseve
104227,Hastes Flexíveis Meu Malvado Favorito Cremer Caixa 75 Unidades,Hastes Flexíveis Meu Malvado Favorito Cremer Caixa 75 Unidades,in stock,new,6.99 BRL,https://loja.redecentralfarma.com.br/,https://d22vuod48cepji.cloudfront.net/ib.item.image.large/l-4d2875a650b5419598c9f7bf0d469a5f.jpeg,Cremer
104285,Compressa Gaze Nao Aderente Procsel 10Un,Compressa Gaze Nao Aderente Procsel 10Un,in stock,new,2.99 BRL,https://loja.redecentralfarma.com.br/,https://d22vuod48cepji.cloudfront.net/ib.item.image.large/l-e5457a095b0240be8ed56d0c845ff4f6.jpeg,Procsel
104628,Keratex Oleo Cap Alecrim 60Ml,Keratex Oleo Cap Alecrim 60Ml,in stock,new,11.99 BRL,https://loja.redecentralfarma.com.br/,https://d22vuod48cepji.cloudfront.net/ib.item.image.large/l-45902dad587447a89bde9c3756aa5af4.jpeg,Keratex
104856,Energético Monster Ultra Lata 473ml,Energético Monster Ultra Lata 473ml,in stock,new,11.99 BRL,https://loja.redecentralfarma.com.br/,https://d22vuod48cepji.cloudfront.net/ib.item.image.large/l-6fbd2ae5f9eb456fbefe8fbb717eb502.png,Monster
105174,Sabonete Íntimo Apinil Algodão Doce e Chiclete  - 200ml,Sabonete Íntimo Apinil Algodão Doce e Chiclete  - 200ml,in stock,new,10.99 BRL,https://loja.redecentralfarma.com.br/,https://d22vuod48cepji.cloudfront.net/ib.item.image.large/l-71441833e8ed44019c8d74298c1bc0cc.jpg,Apinil
105443,Enxaguante Bucal Zero Álcool Red Hot Closeup Proteção 360° Fresh Frasco 250ml,Enxaguante Bucal Zero Álcool Red Hot Closeup Proteção 360° Fresh Frasco 250ml,in stock,new,12.49 BRL,https://loja.redecentralfarma.com.br/,https://d22vuod48cepji.cloudfront.net/ib.item.image.large/l-149bc06a353648528bf5024a371bc3cd.png,Closeup
105919,Antitranspirante Aerossol Apollo Axe 150ml Spray,Antitranspirante Aerossol Apollo Axe 150ml Spray,in stock,new,13.99 BRL,https://loja.redecentralfarma.com.br/,https://d22vuod48cepji.cloudfront.net/ib.item.image.large/l-eb2a97c67eab439690ceb0a266b8b061.png,Axe
105989,Escova Dental Colgate Slim Soft Black,Escova Dental Colgate Slim Soft Black,in stock,new,14.49 BRL,https://loja.redecentralfarma.com.br/,https://d22vuod48cepji.cloudfront.net/ib.item.image.large/l-004fd32fb624466d96adaa041bc74bca.jpeg,Colgate
106049,Pirulito Gourmet Lollipops 31G,Pirulito Gourmet Lollipops 31G,in stock,new,5.99 BRL,https://loja.redecentralfarma.com.br/,https://d22vuod48cepji.cloudfront.net/ib.item.image.large/l-f54d21d67a0243aea08c20775e020424.jpeg,Lollipops
106527,Esmalte Cremoso Escarlate 8ml Risque,Esmalte Cremoso Escarlate 8ml Risque,in stock,new,5.99 BRL,https://loja.redecentralfarma.com.br/,https://d22vuod48cepji.cloudfront.net/ib.item.image.large/l-050ffcb0104a43bea876c18ec2d7f386.jpeg,Cremoso
106614,Desodorante Body Splash Lilac Giovanna Baby Frasco 260ml,Desodorante Body Splash Lilac Giovanna Baby Frasco 260ml,in stock,new,32.99 BRL,https://loja.redecentralfarma.com.br/,https://d22vuod48cepji.cloudfront.net/ib.item.image.large/l-a6adbe756f2c4e33a34fca01141a64d2.jpeg,Giovanna Baby
106685,Óleo de Coco Extra Virgem Copra Squeeze 100ml,Óleo de Coco Extra Virgem Copra Squeeze 100ml,in stock,new,17.99 BRL,https://loja.redecentralfarma.com.br/,https://d22vuod48cepji.cloudfront.net/ib.item.image.large/l-a6622f95225a4b98a6afd37ca938caac.jpeg,Copra
107373,Creme de Pentear Salon Line Kids 1Kg Cachinhos Definidos,Creme de Pentear Salon Line Kids 1Kg Cachinhos Definidos,in stock,new,39.79 BRL,https://loja.redecentralfarma.com.br/,https://d22vuod48cepji.cloudfront.net/ib.item.image.large/l-72f3764246774338ba5d7cf421968a6d.jpeg,Salon Line
107749,Fralda Bummis Premium Hiper G 60Un,Fralda Bummis Premium Hiper G 60Un,in stock,new,83.99 BRL,https://loja.redecentralfarma.com.br/,https://d22vuod48cepji.cloudfront.net/ib.item.image.large/l-4f9f8c2b566e4e6d874c2cc27b0a8933.jpeg,Bummis
107877,Escova Dental Infantil Dentalclean Carros (Cores),Escova Dental Infantil Dentalclean Carros (Cores),in stock,new,15.49 BRL,https://loja.redecentralfarma.com.br/,https://d22vuod48cepji.cloudfront.net/ib.item.image.large/l-5994dd1b3ca94d488e84e2c70574b0da.jpg,Dentalclean
107907,Desodorante Antitranspirante Creme Stick Original Dove 45g,Desodorante Antitranspirante Creme Stick Original Dove 45g,in stock,new,28.49 BRL,https://loja.redecentralfarma.com.br/,https://d22vuod48cepji.cloudfront.net/ib.item.image.large/l-8960a947e9994fb88106b612383a6b08.webp,Dove
108790,Pack Sabonete em Barra Original Dove Cartucho 6 Unidades 90g Cada Leve Mais Pague Menos,Pack Sabonete em Barra Original Dove Cartucho 6 Unidades 90g Cada Leve Mais Pague Menos,in stock,new,31.79 BRL,https://loja.redecentralfarma.com.br/,https://d22vuod48cepji.cloudfront.net/ib.item.image.large/l-a77ebeaa3af44126bb38ff7f74d7f18f.jpeg,Dove
108827,Esmalte Glitter Chega e Arrasa Risqué Livre para Brilhar Frasco 8ml,Esmalte Glitter Chega e Arrasa Risqué Livre para Brilhar Frasco 8ml,in stock,new,8.99 BRL,https://loja.redecentralfarma.com.br/,https://d22vuod48cepji.cloudfront.net/ib.item.image.large/l-712aaf73e0cd44cab552463f90dd07e6.jpeg,Risqué
108834,"Kit Escovas Ortodônticas Bitufo: 1 Class Orto, 1 Intertufo e 6 Interdentais Cônicas 3 a 6,2 milímetros","Kit Escovas Ortodônticas Bitufo: 1 Class Orto, 1 Intertufo e 6 Interdentais Cônicas 3 a 6,2 milímetros",in stock,new,38.49 BRL,https://loja.redecentralfarma.com.br/,https://d22vuod48cepji.cloudfront.net/ib.item.image.large/l-09b74cf4a38e40029e68669ea1eae591.jpeg,Bitufo
109509,Desodorante Creme Herbíssimo Clinical Twist 45g,Desodorante Creme Herbíssimo Clinical Twist 45g,in stock,new,15.29 BRL,https://loja.redecentralfarma.com.br/,https://d22vuod48cepji.cloudfront.net/ib.item.image.large/l-767de5614206421f81e421eec9779af3.jpeg,Herbíssimo
109626,"Esmalte Impala Cremoso Sofisticado 7,5 MI","Esmalte Impala Cremoso Sofisticado 7,5 MI",in stock,new,5.99 BRL,https://loja.redecentralfarma.com.br/,https://d22vuod48cepji.cloudfront.net/ib.item.image.large/l-210b485a12984297971ed2450239fa3d.png,Impala
109976,Folhas Depilatórias Faciais Veet Pure & Fresh 16 Unidades,Folhas Depilatórias Faciais Veet Pure & Fresh 16 Unidades,in stock,new,27.49 BRL,https://loja.redecentralfarma.com.br/,https://d22vuod48cepji.cloudfront.net/ib.item.image.large/l-3b632abd5b784599946f760e72c197c5.webp,Veet
110139,Kit Elseve Shampoo 375ml + Condicionador 170ml Pure Hialurônico L'Oréal Paris,Kit Elseve Shampoo 375ml + Condicionador 170ml Pure Hialurônico L'Oréal Paris,in stock,new,42.99 BRL,https://loja.redecentralfarma.com.br/,https://d22vuod48cepji.cloudfront.net/ib.item.image.large/l-90ab2fb5844c488c9dfd1dda672cba88.jpeg,Elseve
110241,Antitranspirante Aerossol Pepino & Chá Verde Dove Fresh Care 150ml Spray,Antitranspirante Aerossol Pepino & Chá Verde Dove Fresh Care 150ml Spray,in stock,new,18.99 BRL,https://loja.redecentralfarma.com.br/,https://d22vuod48cepji.cloudfront.net/ib.item.image.large/l-4d04efe7179d4a6e913b34e53c483aeb.png,Dove
110410,Aparelho Descartável para Depilar Gillette Venus Sensitive 2 Unidades,Aparelho Descartável para Depilar Gillette Venus Sensitive 2 Unidades,in stock,new,29.49 BRL,https://loja.redecentralfarma.com.br/,https://d22vuod48cepji.cloudfront.net/ib.item.image.large/l-ffed6e41c84540a18599ddb75a040b42.jpg,Gillette
110464,Mascara Hidratação Capilar Ox 300G Glicolico,Mascara Hidratação Capilar Ox 300G Glicolico,in stock,new,34.49 BRL,https://loja.redecentralfarma.com.br/,https://d22vuod48cepji.cloudfront.net/ib.item.image.large/l-755a2c7bf3c747208cbd19de17c32032.jpg,Ox
110942,Absorvente sem Abas Total Protect Suave Sym Pacote 8 Unidades,Absorvente sem Abas Total Protect Suave Sym Pacote 8 Unidades,in stock,new,4.99 BRL,https://loja.redecentralfarma.com.br/,https://d22vuod48cepji.cloudfront.net/ib.item.image.large/l-f9e4957e6a9a4322a18a7a055dea4c4c.jpeg,Sym
111239,Oleo Cp Dabelle Rep Abacate 75G,Oleo Cp Dabelle Rep Abacate 75G,in stock,new,38.49 BRL,https://loja.redecentralfarma.com.br/,https://d22vuod48cepji.cloudfront.net/ib.item.image.large/l-cae392324d864299b9ddc41a6756ad7f.png,Dabelle
111881,Desodorante Aerosol Adidas Fem Power Booster 150Ml,Desodorante Aerosol Adidas Fem Power Booster 150Ml,in stock,new,14.29 BRL,https://loja.redecentralfarma.com.br/,https://d22vuod48cepji.cloudfront.net/ib.item.image.large/l-5b92ef1807a4421d9719e25131a75ef2.jpg,Adidas
112046,Gelatina To De Cacho Definição Intensa Salon Line 550g,Gelatina To De Cacho Definição Intensa Salon Line 550g,in stock,new,30.29 BRL,https://loja.redecentralfarma.com.br/,https://d22vuod48cepji.cloudfront.net/ib.item.image.large/l-81b827bf9d6340c6b81a39f00b37a1f3.webp,Salon Line
112183,Esmalte Cremoso Grao De Arroz 8ml Risque,Esmalte Cremoso Grao De Arroz 8ml Risque,in stock,new,5.99 BRL,https://loja.redecentralfarma.com.br/,https://d22vuod48cepji.cloudfront.net/ib.item.image.large/l-6c29b71f079740c5baa6959c3b9a480d.jpeg,Cremoso
112499,Creme Dental Close Up 60G Carvao Ativado Gel Menta,Creme Dental Close Up 60G Carvao Ativado Gel Menta,in stock,new,5.99 BRL,https://loja.redecentralfarma.com.br/,https://d22vuod48cepji.cloudfront.net/ib.item.image.large/l-46b350af5a52489284732257d46da0ef.jpg,Close Up
112929,Antitranspirante Gel Aloe Gillette Hydra Gel 45g,Antitranspirante Gel Aloe Gillette Hydra Gel 45g,in stock,new,19.49 BRL,https://loja.redecentralfarma.com.br/,https://d22vuod48cepji.cloudfront.net/ib.item.image.large/l-68f16b6b116f4584b24ef8d18ea44614.jpeg,Gillette
113132,Esmalte Natural Rendas Do Brasil Rendinha 8ml Risque,Esmalte Natural Rendas Do Brasil Rendinha 8ml Risque,in stock,new,5.99 BRL,https://loja.redecentralfarma.com.br/,https://d22vuod48cepji.cloudfront.net/ib.item.image.large/l-ad1dab3eb84346c585a2fed5934d94e3.jpeg,Brasil
113402,Creme Dental Total 12 Prevenção Ativa Colgate 140g,Creme Dental Total 12 Prevenção Ativa Colgate 140g,in stock,new,19.49 BRL,https://loja.redecentralfarma.com.br/,https://d22vuod48cepji.cloudfront.net/ib.item.image.large/l-627c0e35ac6447a8b73f08b01cc88a52.webp,Colgate
113776,Fita Kinesio Bandagem Elástica Adesiva K-Pro Bege 5cm x 6m,Fita Kinesio Bandagem Elástica Adesiva K-Pro Bege 5cm x 6m,in stock,new,38.49 BRL,https://loja.redecentralfarma.com.br/,https://d22vuod48cepji.cloudfront.net/ib.item.image.large/l-d290d84716fd4693a31a1051fe09ad38.webp,K-Pro
114121,Antitranspirante Gillette Specialized Invisible Gel Cool Wave 48h 82g,Antitranspirante Gillette Specialized Invisible Gel Cool Wave 48h 82g,in stock,new,33.49 BRL,https://loja.redecentralfarma.com.br/,https://d22vuod48cepji.cloudfront.net/ib.item.image.large/l-fbc53f9534f14f4f9064713fd62aa20f.webp,Gillette
114535,Cortador de Unha Global Grande,Cortador de Unha Global Grande,in stock,new,7.99 BRL,https://loja.redecentralfarma.com.br/,https://d22vuod48cepji.cloudfront.net/ib.item.image.large/l-e93444c8c27346698f77203712c8dc23.webp,Global
114537,Mini Lixa de Unha Trim Papel C/10Un,Mini Lixa de Unha Trim Papel C/10Un,in stock,new,10.99 BRL,https://loja.redecentralfarma.com.br/,https://d22vuod48cepji.cloudfront.net/ib.item.image.large/l-93e2f793038d41b291c25cbef171c4a9.jpeg,Trim
114539,Esmalte Cor Doce Rebeldia Diabo Veste Prata Colorama 8ml,Esmalte Cor Doce Rebeldia Diabo Veste Prata Colorama 8ml,in stock,new,9.79 BRL,https://loja.redecentralfarma.com.br/,https://d22vuod48cepji.cloudfront.net/ib.item.image.large/l-4e03960aada24110a24526fe489b4338.webp,Colorama
114623,Fralda Pants Ajuste Total Pampers XXXG 20 Unidades,Fralda Pants Ajuste Total Pampers XXXG 20 Unidades,in stock,new,54.99 BRL,https://loja.redecentralfarma.com.br/,https://d22vuod48cepji.cloudfront.net/ib.item.image.large/l-09666ac438ca4ca2b48751e2117a48c7.png,Pampers
114650,Mousse Definidor Definição Natural Salon Line 240ml,Mousse Definidor Definição Natural Salon Line 240ml,in stock,new,32.99 BRL,https://loja.redecentralfarma.com.br/,https://d22vuod48cepji.cloudfront.net/ib.item.image.large/l-f5008696bf5e49c8b5182b7d87de4dfc.webp,Salon Line
114986,Kit Dove Umectação + Coco Antioxi Shampoo 350ml + Condicionador 175ml,Kit Dove Umectação + Coco Antioxi Shampoo 350ml + Condicionador 175ml,in stock,new,32.49 BRL,https://loja.redecentralfarma.com.br/,https://d22vuod48cepji.cloudfront.net/ib.item.image.large/l-6aa3004efca6419cae8613fe661fe6b2.png,dove
115200,Creme De Pentear Cachos Definicao Duradoura Salon Line 1Kg,Creme De Pentear Cachos Definicao Duradoura Salon Line 1Kg,in stock,new,39.99 BRL,https://loja.redecentralfarma.com.br/,https://d22vuod48cepji.cloudfront.net/ib.item.image.large/l-d88d75b031924b8a85563896cc0eaf99.webp,Salon Line
115756,Sabonete Barra Antibacteriano Protex Cream Envoltório 85g,Sabonete Barra Antibacteriano Protex Cream Envoltório 85g,in stock,new,4.49 BRL,https://loja.redecentralfarma.com.br/,https://d22vuod48cepji.cloudfront.net/ib.item.image.large/l-35767efb515d49f592b8411d55c75956.png,Protex
115758,Sabonete Barra Antibacteriano Erva-Doce Protex Envoltório 85g,Sabonete Barra Antibacteriano Erva-Doce Protex Envoltório 85g,in stock,new,4.49 BRL,https://loja.redecentralfarma.com.br/,https://d22vuod48cepji.cloudfront.net/ib.item.image.large/l-6948914b39164281bf0f686433942844.png,Protex
115766,Algodão em Discos Bem Care 50 Unidades,Algodão em Discos Bem Care 50 Unidades,in stock,new,8.29 BRL,https://loja.redecentralfarma.com.br/,https://d22vuod48cepji.cloudfront.net/ib.item.image.large/l-364c8a622b94449fa3a868e9e3dfb1c0.webp,Bem Care
115815,Pack Lenço de Papel Folha Tripla Pacote Leve 4 Pague 3 Unidades Kleenex,Pack Lenço de Papel Folha Tripla Pacote Leve 4 Pague 3 Unidades Kleenex,in stock,new,2.99 BRL,https://loja.redecentralfarma.com.br/,https://d22vuod48cepji.cloudfront.net/ib.item.image.large/l-b914476d2d1f421c80a5e11b96c3406e.jpeg,Kleenex
115871,"Gloss Labial The Glossier One Rachel GB50 2,8ml Ruby Rose","Gloss Labial The Glossier One Rachel GB50 2,8ml Ruby Rose",in stock,new,15.99 BRL,https://loja.redecentralfarma.com.br/,https://d22vuod48cepji.cloudfront.net/ib.item.image.large/l-0c55e601866147f782a48d62ee487702.webp,Ruby Rose
116182,"Esmalte Cacau Show Vale Cada Mordida Impala 7,5ml","Esmalte Cacau Show Vale Cada Mordida Impala 7,5ml",in stock,new,8.99 BRL,https://loja.redecentralfarma.com.br/,https://d22vuod48cepji.cloudfront.net/ib.item.image.large/l-8db057f8f8124cdcadd410cc1ca564ea.webp,Impala
116208,Aparelho De Barbear Descartável Bic Comfort 3 Advance,Aparelho De Barbear Descartável Bic Comfort 3 Advance,in stock,new,5.49 BRL,https://loja.redecentralfarma.com.br/,https://d22vuod48cepji.cloudfront.net/ib.item.image.large/l-c9f2210f3eab429f87e8be5615fbb5c4.jpeg,Bic
108997,Creme de Tratamento Ultraprofundo Novex Reposição de Massa Pote 400g,Creme de Tratamento Ultraprofundo Novex Reposição de Massa Pote 400g,in stock,new,16.49 BRL,https://loja.redecentralfarma.com.br/,https://d22vuod48cepji.cloudfront.net/ib.item.image.large/l-29773d6f9a914cfbb617a1735ef06761.jpeg,Novex
