id,title,description,availability,condition,price,link,image_link,brand
101964,Absorvente Always Proteção Total Suave com Abas Tamanho G 32 Unidades,Absorvente Always Proteção Total Suave com Abas Tamanho G 32 Unidades,in stock,new,32.99 BRL,https://loja.redecentralfarma.com.br/,https://d22vuod48cepji.cloudfront.net/ib.item.image.large/l-40e786ecd30644818dda668607234fa2.jpg,Always
85058,Absorvente com Abas Dia & Noite Ultrafino Extra Suave Intimus Pacote 28 Unidades,Absorvente com Abas Dia & Noite Ultrafino Extra Suave Intimus Pacote 28 Unidades,in stock,new,32.99 BRL,https://loja.redecentralfarma.com.br/,https://d22vuod48cepji.cloudfront.net/ib.item.image.large/l-e85bf0fbad5749bea4b0b5148edefcf2.png,Intimus
81484,Absorvente com Abas Extra Suave Intimus Tripla Proteção Pacote 32 Unidades,Absorvente com Abas Extra Suave Intimus Tripla Proteção Pacote 32 Unidades,in stock,new,19.49 BRL,https://loja.redecentralfarma.com.br/,https://d22vuod48cepji.cloudfront.net/ib.item.image.large/l-7bf9ee57b64145668607916908a2704b.jpeg,Intimus
59052,Absorvente com Abas Extra Suave Intimus Tripla Proteção Pacote Leve 16 Pague 14 Unidades,Absorvente com Abas Extra Suave Intimus Tripla Proteção Pacote Leve 16 Pague 14 Unidades,in stock,new,10.99 BRL,https://loja.redecentralfarma.com.br/,https://d22vuod48cepji.cloudfront.net/ib.item.image.large/l-a17ea762a2cc461f9a8ac66884c8b609.jpeg,Intimus
85529,Absorvente com Abas Seca Intimus Noturno Pacote 30 Unidades Leve Mais Pague Menos,Absorvente com Abas Seca Intimus Noturno Pacote 30 Unidades Leve Mais Pague Menos,in stock,new,25.99 BRL,https://loja.redecentralfarma.com.br/,https://d22vuod48cepji.cloudfront.net/ib.item.image.large/l-29b0e07267e746cabbf2b78f3cb4f820.jpeg,Intimus
81483,Absorvente com Abas Seca Intimus Tripla Proteção Pacote 32 Unidades Leve Mais Pague Menos,Absorvente com Abas Seca Intimus Tripla Proteção Pacote 32 Unidades Leve Mais Pague Menos,in stock,new,19.49 BRL,https://loja.redecentralfarma.com.br/,https://d22vuod48cepji.cloudfront.net/ib.item.image.large/l-543b9cb654414a009a6fbe3cea78b503.jpeg,Intimus
84217,Absorvente com Abas Suave Always P Pacote 32 Unidades Grátis 4 Unidades,Absorvente com Abas Suave Always P Pacote 32 Unidades Grátis 4 Unidades,in stock,new,22.99 BRL,https://loja.redecentralfarma.com.br/,https://d22vuod48cepji.cloudfront.net/ib.item.image.large/l-359afc5e2c534096af8f0687d590c56b.jpeg,Always
85800,Absorvente com Abas Suave Intimus Noturno Pacote 16 Unidades Leve Mais Pague Menos,Absorvente com Abas Suave Intimus Noturno Pacote 16 Unidades Leve Mais Pague Menos,in stock,new,19.99 BRL,https://loja.redecentralfarma.com.br/,https://d22vuod48cepji.cloudfront.net/ib.item.image.large/l-8d3702f7d95a44fea5be18c464381a79.jpeg,Intimus
85528,Absorvente com Abas Suave Intimus Noturno Pacote 30 Unidades Leve Mais Pague Menos,Absorvente com Abas Suave Intimus Noturno Pacote 30 Unidades Leve Mais Pague Menos,in stock,new,25.99 BRL,https://loja.redecentralfarma.com.br/,https://d22vuod48cepji.cloudfront.net/ib.item.image.large/l-d911dcef91ca43c598521dfa19b3e855.jpeg,Intimus
3775,Absorvente com Abas Suave Intimus Noturno Pacote 8 Unidades,Absorvente com Abas Suave Intimus Noturno Pacote 8 Unidades,in stock,new,10.99 BRL,https://loja.redecentralfarma.com.br/,https://d22vuod48cepji.cloudfront.net/ib.item.image.large/l-6634c02e2a76409dad46f3781b976ca6.jpeg,Intimus
71532,Absorvente com Abas Suave Sempre Livre Conforto Noturno Pacote 32 Unidades Leve Mais Pague Menos,Absorvente com Abas Suave Sempre Livre Conforto Noturno Pacote 32 Unidades Leve Mais Pague Menos,in stock,new,39.99 BRL,https://loja.redecentralfarma.com.br/,https://d22vuod48cepji.cloudfront.net/ib.item.image.large/l-3f0d22b4fc7f4956a78782534f20884a.png,Sempre Livre
101198,Absorvente Geriátrico Adultcare Premium Unissex 20 Unidades,Absorvente Geriátrico Adultcare Premium Unissex 20 Unidades,in stock,new,28.99 BRL,https://loja.redecentralfarma.com.br/,https://d22vuod48cepji.cloudfront.net/ib.item.image.large/l-56b0ec22bff3424c97b18d4ffa9b0187.jpg,Adultcare
114618,Absorvente Geriátrico Dry Mastersoft 20 Unidades,Absorvente Geriátrico Dry Mastersoft 20 Unidades,in stock,new,21.99 BRL,https://loja.redecentralfarma.com.br/,https://d22vuod48cepji.cloudfront.net/ib.item.image.large/l-e44c0f64b886473ba6f9c0fa08b66992.png,DryMastersoft
101193,Absorvente Geriátrico Sensaty Tamanho Único C.20 Unid.,Absorvente Geriátrico Sensaty Tamanho Único C.20 Unid.,in stock,new,21.99 BRL,https://loja.redecentralfarma.com.br/,https://d22vuod48cepji.cloudfront.net/ib.item.image.large/l-19a6e40efddc45d6b71be63cce1f738b.jpeg,Sensaty
43055,Absorvente Interno Intimus Médio Caixa 8 Unidades,Absorvente Interno Intimus Médio Caixa 8 Unidades,in stock,new,12.49 BRL,https://loja.redecentralfarma.com.br/,https://d22vuod48cepji.cloudfront.net/ib.item.image.large/l-39544f085fcb4678aa5bb578fc6dfa67.jpeg,Intimus
62538,Absorvente Interno Intimus Médio Caixa Leve 16 Pague 15 Unidades,Absorvente Interno Intimus Médio Caixa Leve 16 Pague 15 Unidades,in stock,new,21.99 BRL,https://loja.redecentralfarma.com.br/,https://d22vuod48cepji.cloudfront.net/ib.item.image.large/l-524d20f6844340d6ba9651a35088f4d7.jpeg,Intimus
62539,Absorvente Interno Intimus Super Caixa Leve 16 Pague 15 Unidades,Absorvente Interno Intimus Super Caixa Leve 16 Pague 15 Unidades,in stock,new,21.99 BRL,https://loja.redecentralfarma.com.br/,https://d22vuod48cepji.cloudfront.net/ib.item.image.large/l-3fa8dd0ae77f49bda68222f080c9c832.jpeg,Intimus
107339,Absorvente Intimus Not Suave C/Abas Extra Protecao 45Un,Absorvente Intimus Not Suave C/Abas Extra Protecao 45Un,in stock,new,38.79 BRL,https://loja.redecentralfarma.com.br/,https://d22vuod48cepji.cloudfront.net/ib.item.image.large/l-1653956b8ae641f6a6477508ef4d2bae.jpeg,
101939,Acetona Farmax Frasco 100ml,Acetona Farmax Frasco 100ml,in stock,new,6.99 BRL,https://loja.redecentralfarma.com.br/,https://d22vuod48cepji.cloudfront.net/ib.item.image.large/l-0bbb0f058a194340b75c99643219eb0b.jpeg,Farmax
67595,Acetona Lutex 100Ml,Acetona Lutex 100Ml,in stock,new,15.29 BRL,https://loja.redecentralfarma.com.br/,https://d22vuod48cepji.cloudfront.net/ib.item.image.large/l-ab8edef24460476bb82010981a893b7b.png,
115776,Água Boricada Bem Care 100ml,Água Boricada Bem Care 100ml,in stock,new,6.79 BRL,https://loja.redecentralfarma.com.br/,https://d22vuod48cepji.cloudfront.net/ib.item.image.large/l-18863b929e9c474b83444c7c1319f4a8.png,Bem Care
95540,Água Micelar Facial Dermunn 210ml,Água Micelar Facial Dermunn 210ml,in stock,new,15.49 BRL,https://loja.redecentralfarma.com.br/,https://d22vuod48cepji.cloudfront.net/ib.item.image.large/l-76d63274ae164a3283980fcddc6db8f8.png,Dermunn
71559,Agua Mineral C/Gas Devito 500Ml,Agua Mineral C/Gas Devito 500Ml,in stock,new,4.49 BRL,https://loja.redecentralfarma.com.br/,https://d22vuod48cepji.cloudfront.net/ib.item.image.large/l-7599880c2054443383df4080d95208a1.png,
13361,Agua Mineral Devito 500Ml,Agua Mineral Devito 500Ml,in stock,new,3.49 BRL,https://loja.redecentralfarma.com.br/,https://d22vuod48cepji.cloudfront.net/ib.item.image.large/l-2d130182fa8f4571ba0f0fda0480eeed.png,
14674,Agua Oxigenada 10Vol Adv 100Ml,Agua Oxigenada 10Vol Adv 100Ml,in stock,new,5.49 BRL,https://loja.redecentralfarma.com.br/,https://d22vuod48cepji.cloudfront.net/ib.item.image.large/l-b840c2de7dc94e3899b069ca12007407.jpeg,
108437,Álcool 70% Rioquímica 100ml,Álcool 70% Rioquímica 100ml,in stock,new,6.99 BRL,https://loja.redecentralfarma.com.br/,https://d22vuod48cepji.cloudfront.net/ib.item.image.large/l-9552a75a0a454662ac30f351a4585138.webp,Rioquimica
95618,Algodao Bem Care 25G,Algodao Bem Care 25G,in stock,new,4.29 BRL,https://loja.redecentralfarma.com.br/,https://d22vuod48cepji.cloudfront.net/ib.item.image.large/l-3d156509ab9c4b599be9336e4e46081e.png,
95665,Algodao Bem Care Bolas 50G,Algodao Bem Care Bolas 50G,in stock,new,6.99 BRL,https://loja.redecentralfarma.com.br/,https://d22vuod48cepji.cloudfront.net/ib.item.image.large/l-db0b88644e344a2fa43745211d3fb823.png,
95666,Algodao Bem Care Discos 100Un,Algodao Bem Care Discos 100Un,in stock,new,13.29 BRL,https://loja.redecentralfarma.com.br/,https://d22vuod48cepji.cloudfront.net/ib.item.image.large/l-6a81c35b849945f58ca418d5dfb8f695.png,
95617,Algodao Bem Care Quadrado 50Un,Algodao Bem Care Quadrado 50Un,in stock,new,20.99 BRL,https://loja.redecentralfarma.com.br/,https://d22vuod48cepji.cloudfront.net/ib.item.image.large/l-0d8a9aed53154c1cade5f21380a288de.png,
115766,Algodão em Discos Bem Care 50 Unidades,Algodão em Discos Bem Care 50 Unidades,in stock,new,8.29 BRL,https://loja.redecentralfarma.com.br/,https://d22vuod48cepji.cloudfront.net/ib.item.image.large/l-364c8a622b94449fa3a868e9e3dfb1c0.webp,Bem Care
115765,Algodão Hidrofilo Bolas Bem Care 95g,Algodão Hidrofilo Bolas Bem Care 95g,in stock,new,12.99 BRL,https://loja.redecentralfarma.com.br/,https://d22vuod48cepji.cloudfront.net/ib.item.image.large/l-2c81e6321510437b93b4ea33be595357.webp,Bem Care
2210,Alicate de Cutícula Classic 522 Mundial,Alicate de Cutícula Classic 522 Mundial,in stock,new,27.99 BRL,https://loja.redecentralfarma.com.br/,https://d22vuod48cepji.cloudfront.net/ib.item.image.large/l-33aeb47273064e0c92af7f6c67900bad.jpeg,Mundial
92782,Antitranspirante Aerossol Dove Men+Care Invisible Dry 250ml Spray Leve Mais Pague Menos,Antitranspirante Aerossol Dove Men+Care Invisible Dry 250ml Spray Leve Mais Pague Menos,in stock,new,28.99 BRL,https://loja.redecentralfarma.com.br/,https://d22vuod48cepji.cloudfront.net/ib.item.image.large/l-ab74352b871b4680af7234f0777206b8.png,Dove
92871,Antitranspirante Aerossol Dove Men+Care Proteção Total 250ml Spray Leve Mais Pague Menos,Antitranspirante Aerossol Dove Men+Care Proteção Total 250ml Spray Leve Mais Pague Menos,in stock,new,28.99 BRL,https://loja.redecentralfarma.com.br/,https://d22vuod48cepji.cloudfront.net/ib.item.image.large/l-33200ad1fa3946cebefdf95aefb2fdfc.png,Dove
97106,Antitranspirante Aerossol Nivea Men Invisible for Black & White 200ml Spray Embalagem Econômica,Antitranspirante Aerossol Nivea Men Invisible for Black & White 200ml Spray Embalagem Econômica,in stock,new,19.99 BRL,https://loja.redecentralfarma.com.br/,https://d22vuod48cepji.cloudfront.net/ib.item.image.large/l-1bbe756fdac146e1abd462d97bdbb5f3.png,Nivea Men
2592,Antitranspirante Aerossol Original Dove 150ml,Antitranspirante Aerossol Original Dove 150ml,in stock,new,18.99 BRL,https://loja.redecentralfarma.com.br/,https://d22vuod48cepji.cloudfront.net/ib.item.image.large/l-e800feeadff3400f8101b5de622a6d80.png,Dove
92781,Antitranspirante Aerossol Original Dove 250ml Spray Tamanho Econômico,Antitranspirante Aerossol Original Dove 250ml Spray Tamanho Econômico,in stock,new,28.99 BRL,https://loja.redecentralfarma.com.br/,https://d22vuod48cepji.cloudfront.net/ib.item.image.large/l-f2eef0ac0eae4a3eaa98c124be60bbca.png,Dove
81592,Antitranspirante Aerossol Rexona Clinical Classic 150ml Spray,Antitranspirante Aerossol Rexona Clinical Classic 150ml Spray,in stock,new,21.99 BRL,https://loja.redecentralfarma.com.br/,https://d22vuod48cepji.cloudfront.net/ib.item.image.large/l-66ac66d6bf1d4a2a82bb12dafdbfef43.png,Rexona Clinical
2525,Antitranspirante Aerossol Rexona Men Active Dry 150ml Spray,Antitranspirante Aerossol Rexona Men Active Dry 150ml Spray,in stock,new,17.99 BRL,https://loja.redecentralfarma.com.br/,https://d22vuod48cepji.cloudfront.net/ib.item.image.large/l-d1be4fc55c37489b9e8f0fd68480107a.png,Rexona
92784,Antitranspirante Aerossol Rexona Men Active Dry 250ml Spray Leve Mais Pague Menos,Antitranspirante Aerossol Rexona Men Active Dry 250ml Spray Leve Mais Pague Menos,in stock,new,24.79 BRL,https://loja.redecentralfarma.com.br/,https://d22vuod48cepji.cloudfront.net/ib.item.image.large/l-184f64ba8da2433087cfdbeb9d450055.png,Rexona
92787,Antitranspirante Aerossol Rexona Men Antibacterial + Invisible 250ml Spray Leve Mais Pague Menos,Antitranspirante Aerossol Rexona Men Antibacterial + Invisible 250ml Spray Leve Mais Pague Menos,in stock,new,24.79 BRL,https://loja.redecentralfarma.com.br/,https://d22vuod48cepji.cloudfront.net/ib.item.image.large/l-d3edbd9c4c484463bce90dfafa9a4185.png,Rexona
92775,Antitranspirante Aerossol Rexona Men Invisible 250ml Spray Leve Mais Pague Menos,Antitranspirante Aerossol Rexona Men Invisible 250ml Spray Leve Mais Pague Menos,in stock,new,24.79 BRL,https://loja.redecentralfarma.com.br/,https://d22vuod48cepji.cloudfront.net/ib.item.image.large/l-d3e11a567f214f3da6f22222452879c9.png,Rexona
92785,Antitranspirante Aerossol Rexona Men V8 250ml Spray Leve Mais Pague Menos,Antitranspirante Aerossol Rexona Men V8 250ml Spray Leve Mais Pague Menos,in stock,new,24.79 BRL,https://loja.redecentralfarma.com.br/,https://d22vuod48cepji.cloudfront.net/ib.item.image.large/l-f39305a73bc841bba15e0eceaead2f4a.png,Rexona
93332,Antitranspirante Aerossol Rexona Powder Dry 250ml Spray Leve Mais Pague Menos,Antitranspirante Aerossol Rexona Powder Dry 250ml Spray Leve Mais Pague Menos,in stock,new,24.79 BRL,https://loja.redecentralfarma.com.br/,https://d22vuod48cepji.cloudfront.net/ib.item.image.large/l-0be42106e22143949cf13051b8317c2c.png,Rexona
102794,Antitranspirante Creme Classic Rexona Clinical 58g,Antitranspirante Creme Classic Rexona Clinical 58g,in stock,new,31.49 BRL,https://loja.redecentralfarma.com.br/,https://d22vuod48cepji.cloudfront.net/ib.item.image.large/l-acd1eb242c3d476baef8c90c1371922f.jpeg,Rexona Clinical
102795,Antitranspirante Creme Clean Rexona Clinical 58g,Antitranspirante Creme Clean Rexona Clinical 58g,in stock,new,31.49 BRL,https://loja.redecentralfarma.com.br/,https://d22vuod48cepji.cloudfront.net/ib.item.image.large/l-e51f269691b44f9d9a69c8531e417b31.jpeg,Rexona Clinical
110870,Antitranspirante Lenha Old Spice 200ml Spray Embalagem Econômica,Antitranspirante Lenha Old Spice 200ml Spray Embalagem Econômica,in stock,new,24.49 BRL,https://loja.redecentralfarma.com.br/,https://d22vuod48cepji.cloudfront.net/ib.item.image.large/l-108dfc1990b14d398ef53b2ab9a95cb8.png,Old Spice
3826,Antitranspirante Roll-On Original Dove 50ml,Antitranspirante Roll-On Original Dove 50ml,in stock,new,11.99 BRL,https://loja.redecentralfarma.com.br/,https://d22vuod48cepji.cloudfront.net/ib.item.image.large/l-809746803a38476697954944ae3867a8.jpeg,Dove
59088,Apar Pressao Digital Braco Omron Hem-7122,Apar Pressao Digital Braco Omron Hem-7122,in stock,new,271.99 BRL,https://loja.redecentralfarma.com.br/,https://d22vuod48cepji.cloudfront.net/ib.item.image.large/l-87fcdbba270e4db5b6407a3c3efdcca2.png,
88449,Aparelho Descartável para Barbear Gillette Prestobarba3 Sensitive 4 Unidades Pague Menos,Aparelho Descartável para Barbear Gillette Prestobarba3 Sensitive 4 Unidades Pague Menos,in stock,new,33.49 BRL,https://loja.redecentralfarma.com.br/,https://d22vuod48cepji.cloudfront.net/ib.item.image.large/l-ecbb414eafd647729c849cb2e51b1bb8.png,Gillette
110251,Aparelho Descartável para Depilar Gillette Venus Simply3,Aparelho Descartável para Depilar Gillette Venus Simply3,in stock,new,8.49 BRL,https://loja.redecentralfarma.com.br/,https://d22vuod48cepji.cloudfront.net/ib.item.image.large/l-33a3d07f4751404987610a049341ee5a.jpeg,Gillette
88234,Aparelho Pressão Digital Auto De Braco Bspii G-Tech,Aparelho Pressão Digital Auto De Braco Bspii G-Tech,in stock,new,149.99 BRL,https://loja.redecentralfarma.com.br/,https://d22vuod48cepji.cloudfront.net/ib.item.image.large/l-bd7ed63d82a94da9a93cf34da9638d8e.jpeg,
106560,Aparelho Prestobarba 3 Suave 1Un,Aparelho Prestobarba 3 Suave 1Un,in stock,new,10.49 BRL,https://loja.redecentralfarma.com.br/,https://d22vuod48cepji.cloudfront.net/ib.item.image.large/l-58104d475f8c4852a0759e268e2b4243.jpg,
86855,Arnica Bem Care Gel Massageador 240G,Arnica Bem Care Gel Massageador 240G,in stock,new,24.99 BRL,https://loja.redecentralfarma.com.br/,https://d22vuod48cepji.cloudfront.net/ib.item.image.large/l-fa77c7bcb8e9478c93b1d3285fca7f47.png,
93125,Atadura Crepe Bem Care  6Cm (F),Atadura Crepe Bem Care  6Cm (F),in stock,new,5.39 BRL,https://loja.redecentralfarma.com.br/,https://d22vuod48cepji.cloudfront.net/ib.item.image.large/l-2e0061181a784367b9d19a48f6b27b39.jpeg,
93126,Atadura Crepe Bem Care 10Cm (F),Atadura Crepe Bem Care 10Cm (F),in stock,new,5.99 BRL,https://loja.redecentralfarma.com.br/,https://d22vuod48cepji.cloudfront.net/ib.item.image.large/l-6eb77ca23e0948158c96719075962af7.jpeg,
93127,Atadura Crepe Bem Care 12Cm (F),Atadura Crepe Bem Care 12Cm (F),in stock,new,6.49 BRL,https://loja.redecentralfarma.com.br/,https://d22vuod48cepji.cloudfront.net/ib.item.image.large/l-075de767518c41deb42e0ed5de19cbcb.png,
93128,Atadura Crepe Bem Care 15Cm (F),Atadura Crepe Bem Care 15Cm (F),in stock,new,7.99 BRL,https://loja.redecentralfarma.com.br/,https://d22vuod48cepji.cloudfront.net/ib.item.image.large/l-b260d40f10ff4386863e18b851db63cb.jpeg,
76526,Axomax Qi 60Cps,Axomax Qi 60Cps,in stock,new,66.90 BRL,https://loja.redecentralfarma.com.br/,https://d22vuod48cepji.cloudfront.net/ib.item.image.large/l-b7ecba77b88d46d0a55e396814374850.png,
101984,Balanca Digital Amis Tech 180Kg,Balanca Digital Amis Tech 180Kg,in stock,new,58.49 BRL,https://loja.redecentralfarma.com.br/,https://d22vuod48cepji.cloudfront.net/ib.item.image.large/l-5453021782724714baa1959e93a9bfad.jpeg,
2917,Barbeador Gillette Prestobarba Ultragrip 2 2 unidades,Barbeador Gillette Prestobarba Ultragrip 2 2 unidades,in stock,new,9.99 BRL,https://loja.redecentralfarma.com.br/,https://d22vuod48cepji.cloudfront.net/ib.item.image.large/l-7f0f28e97fb641eb8e39d6b67cb87850.png,Gillette
110186,Barra Cereal Protein Crisp 45G Ovomaltine,Barra Cereal Protein Crisp 45G Ovomaltine,in stock,new,13.49 BRL,https://loja.redecentralfarma.com.br/,https://d22vuod48cepji.cloudfront.net/ib.item.image.large/l-5e260e11e3e0484d9f146ef74ae4a924.jpg,
106984,Base Multifuncional Dermunn FPS30 50g,Base Multifuncional Dermunn FPS30 50g,in stock,new,44.49 BRL,https://loja.redecentralfarma.com.br/,https://d22vuod48cepji.cloudfront.net/ib.item.image.large/l-57d402527cc443beb9925daa5e25be64.png,Dermunn
107400,Bem Care Enxaguatório Bucal Cool Mint 500 Ml,Bem Care Enxaguatório Bucal Cool Mint 500 Ml,in stock,new,17.99 BRL,https://loja.redecentralfarma.com.br/,https://raw.githubusercontent.com/redecentralauditoria-cmyk/feed-catalogo-lojas/main/sem_foto.png,Rede Central
107401,Bem Care Enxaguatório Bucal Menta Suave 500 Ml,Bem Care Enxaguatório Bucal Menta Suave 500 Ml,in stock,new,17.99 BRL,https://loja.redecentralfarma.com.br/,https://raw.githubusercontent.com/redecentralauditoria-cmyk/feed-catalogo-lojas/main/sem_foto.png,Rede Central
115771,"Bem Care Fita Microporosa Bege 2,5Cmx4,5M","Bem Care Fita Microporosa Bege 2,5Cmx4,5M",in stock,new,16.49 BRL,https://loja.redecentralfarma.com.br/,https://raw.githubusercontent.com/redecentralauditoria-cmyk/feed-catalogo-lojas/main/sem_foto.png,Rede Central
112882,Bemfix Creme Fixador De Prótese Dentaria Sem Sabor 40G,Bemfix Creme Fixador De Prótese Dentaria Sem Sabor 40G,in stock,new,28.99 BRL,https://loja.redecentralfarma.com.br/,https://raw.githubusercontent.com/redecentralauditoria-cmyk/feed-catalogo-lojas/main/sem_foto.png,Rede Central
115371,Bemvita A-Z Multivitamínico 60 Comprimidos,Bemvita A-Z Multivitamínico 60 Comprimidos,in stock,new,31.99 BRL,https://loja.redecentralfarma.com.br/,https://d22vuod48cepji.cloudfront.net/ib.item.image.large/l-fcebcd5fb9674499904a2103240ba3d1.webp,Bemvita
115288,Bemvita D Vitamina D3 200UI  Frasco Gotejador com 20ml,Bemvita D Vitamina D3 200UI  Frasco Gotejador com 20ml,in stock,new,21.99 BRL,https://loja.redecentralfarma.com.br/,https://d22vuod48cepji.cloudfront.net/ib.item.image.large/l-2785224c2ae34070ab10ed7f7aafb85a.webp,Bemvita
115376,Bemvita Hair 60 Cápsulas,Bemvita Hair 60 Cápsulas,in stock,new,37.99 BRL,https://loja.redecentralfarma.com.br/,https://d22vuod48cepji.cloudfront.net/ib.item.image.large/l-f049d70be41748e2a9aa4d0625f63acd.webp,Bemvita
115370,Bemvita Mulher 60 Comprimidos,Bemvita Mulher 60 Comprimidos,in stock,new,31.99 BRL,https://loja.redecentralfarma.com.br/,https://d22vuod48cepji.cloudfront.net/ib.item.image.large/l-7a4d86c48a9247c3a256915a14db53ee.webp,Bemvita
115372,Bemvita Sênior 60 Cápsulas,Bemvita Sênior 60 Cápsulas,in stock,new,31.99 BRL,https://loja.redecentralfarma.com.br/,https://d22vuod48cepji.cloudfront.net/ib.item.image.large/l-f11c6c8a2d1f48b4b87440a202e172e2.webp,Bemvita
101550,Bemvita Vit C 1G + Zinco 10Cpr Efev,Bemvita Vit C 1G + Zinco 10Cpr Efev,in stock,new,19.99 BRL,https://loja.redecentralfarma.com.br/,https://d22vuod48cepji.cloudfront.net/ib.item.image.large/l-cd1c0ae9fd204489803716c5219d4662.jpeg,
101551,Bemvita Vit C 1G + Zinco 30Cpr Efev,Bemvita Vit C 1G + Zinco 30Cpr Efev,in stock,new,45.90 BRL,https://loja.redecentralfarma.com.br/,https://d22vuod48cepji.cloudfront.net/ib.item.image.large/l-6a366ae8dbb044eaa0a91cd9f14162cc.png,
105941,Bemvita Vit C+D+Zinco 1G 10Cpr Efev,Bemvita Vit C+D+Zinco 1G 10Cpr Efev,in stock,new,22.99 BRL,https://loja.redecentralfarma.com.br/,https://d22vuod48cepji.cloudfront.net/ib.item.image.large/l-6f0650c26d7e4b6fbc02b7b8f923018e.jpeg,
105942,Bemvita Vit C+D+Zinco 1G 30Cpr Efev,Bemvita Vit C+D+Zinco 1G 30Cpr Efev,in stock,new,48.90 BRL,https://loja.redecentralfarma.com.br/,https://d22vuod48cepji.cloudfront.net/ib.item.image.large/l-e5636bee97ed47638993fffb67424f4e.jpeg,
105931,Bemvita Vitamina C Efervescente Com 10 Un,Bemvita Vitamina C Efervescente Com 10 Un,in stock,new,17.79 BRL,https://loja.redecentralfarma.com.br/,https://raw.githubusercontent.com/redecentralauditoria-cmyk/feed-catalogo-lojas/main/sem_foto.png,Rede Central
105932,Bemvita Vitamina C Efervescente Com 30 Un,Bemvita Vitamina C Efervescente Com 30 Un,in stock,new,38.79 BRL,https://loja.redecentralfarma.com.br/,https://raw.githubusercontent.com/redecentralauditoria-cmyk/feed-catalogo-lojas/main/sem_foto.png,Rede Central
111487,Bepantol Derma Rosa Mosqueta Cr 20G,Bepantol Derma Rosa Mosqueta Cr 20G,in stock,new,39.99 BRL,https://loja.redecentralfarma.com.br/,https://d22vuod48cepji.cloudfront.net/ib.item.image.large/l-d4f07f909c3c4208a2e0a92239d554a9.jpeg,Bepantol
3461,Brinco Antialérgico Studex Classic,Brinco Antialérgico Studex Classic,in stock,new,32.90 BRL,https://loja.redecentralfarma.com.br/,https://d22vuod48cepji.cloudfront.net/ib.item.image.large/l-e11ba1f331f84a3fa299f4135f322f3f.jpeg,Studex
84472,Brinco Vivence Argola Ouro/Prata,Brinco Vivence Argola Ouro/Prata,in stock,new,22.99 BRL,https://loja.redecentralfarma.com.br/,https://d22vuod48cepji.cloudfront.net/ib.item.image.large/l-f97fcd06b32147688ade3576390c6c4b.png,
102230,Brinco Vivence Luxo Ouro/Prata,Brinco Vivence Luxo Ouro/Prata,in stock,new,49.99 BRL,https://loja.redecentralfarma.com.br/,https://d22vuod48cepji.cloudfront.net/ib.item.image.large/l-ad055b8a0a72490492236702baf3f394.png,
83993,Brinco Vivence Pequeno Ouro/Prata,Brinco Vivence Pequeno Ouro/Prata,in stock,new,17.99 BRL,https://loja.redecentralfarma.com.br/,https://d22vuod48cepji.cloudfront.net/ib.item.image.large/l-e3f8647fd688457da221d29fea013ae8.png,
106440,Brinquedo Diverte 1Un,Brinquedo Diverte 1Un,in stock,new,27.99 BRL,https://loja.redecentralfarma.com.br/,https://d22vuod48cepji.cloudfront.net/ib.item.image.large/l-67555c1979674403a4e5d91697fd57d5.png,
2857,Carga de Aparelho para Barbear Gillette Mach3 2 Unidades,Carga de Aparelho para Barbear Gillette Mach3 2 Unidades,in stock,new,30.49 BRL,https://loja.redecentralfarma.com.br/,https://d22vuod48cepji.cloudfront.net/ib.item.image.large/l-c48fdc9ae2c343efaf017d9bc4e1fed9.jpeg,Gillette
90472,Carga de Aparelho para Barbear Gillette Mach3 4 Unidades Leve Mais Pague Menos,Carga de Aparelho para Barbear Gillette Mach3 4 Unidades Leve Mais Pague Menos,in stock,new,49.99 BRL,https://loja.redecentralfarma.com.br/,https://d22vuod48cepji.cloudfront.net/ib.item.image.large/l-07be7d6b70c743579a048188f1e38558.png,Gillette
88536,Carga de Aparelho para Barbear Gillette Mach3 Sensitive 2 Unidades,Carga de Aparelho para Barbear Gillette Mach3 Sensitive 2 Unidades,in stock,new,32.49 BRL,https://loja.redecentralfarma.com.br/,https://d22vuod48cepji.cloudfront.net/ib.item.image.large/l-35ac66c46468428fac7a4b549b81ba48.png,Gillette
84410,Carga de Aparelho para Barbear Gillette Mach3 Sensitive 4 Unidades Leve Mais Pague Menos,Carga de Aparelho para Barbear Gillette Mach3 Sensitive 4 Unidades Leve Mais Pague Menos,in stock,new,54.99 BRL,https://loja.redecentralfarma.com.br/,https://d22vuod48cepji.cloudfront.net/ib.item.image.large/l-2700b610604047f88f741d866ab468df.png,Gillette
108783,Cerave Loção Hidratante 340ML,Cerave Loção Hidratante 340ML,in stock,new,91.99 BRL,https://loja.redecentralfarma.com.br/,https://d22vuod48cepji.cloudfront.net/ib.item.image.large/l-5d4b15926f6c41b3a0b49da604acca20.jpeg,
54863,Chiclete Trident Menta Sem Açúcar 8g,Chiclete Trident Menta Sem Açúcar 8g,in stock,new,4.49 BRL,https://loja.redecentralfarma.com.br/,https://d22vuod48cepji.cloudfront.net/ib.item.image.large/l-4eac92b36f5045f9b8a7e99c9f1a33a3.webp,Trident
114200,Chocolate Alpino Nestlé 80g,Chocolate Alpino Nestlé 80g,in stock,new,11.99 BRL,https://loja.redecentralfarma.com.br/,https://d22vuod48cepji.cloudfront.net/ib.item.image.large/l-523f2c8e63a146d29d38f160b26b5f97.png,Nestlé
114199,Chocolate ao Leite Aerado e Branco Duo Suflair Pacote 80g,Chocolate ao Leite Aerado e Branco Duo Suflair Pacote 80g,in stock,new,11.99 BRL,https://loja.redecentralfarma.com.br/,https://d22vuod48cepji.cloudfront.net/ib.item.image.large/l-1ceb2d91a8794c92b31e656c965513de.png,Suflair
110191,Chocolate ao Leite Aerado Suflair Pacote 50g,Chocolate ao Leite Aerado Suflair Pacote 50g,in stock,new,8.99 BRL,https://loja.redecentralfarma.com.br/,https://d22vuod48cepji.cloudfront.net/ib.item.image.large/l-e5a72b75a73e4af7b379537b1de61f88.png,Suflair
78844,Chocolate Bombom Ouro Branco 20g,Chocolate Bombom Ouro Branco 20g,in stock,new,2.50 BRL,https://loja.redecentralfarma.com.br/,https://d22vuod48cepji.cloudfront.net/ib.item.image.large/l-e4d8fdd3f38e4124885c5d1e7a3f977f.webp,Ouro Branco
114180,Chocolate Kinder Bueno White 39g,Chocolate Kinder Bueno White 39g,in stock,new,12.99 BRL,https://loja.redecentralfarma.com.br/,https://d22vuod48cepji.cloudfront.net/ib.item.image.large/l-756aa2a03d0f4d7c8efe990d02a2bb1f.jpeg,Kinder
116651,"Chocolate KitKat Ao Leite 41,5g","Chocolate KitKat Ao Leite 41,5g",in stock,new,6.59 BRL,https://loja.redecentralfarma.com.br/,https://d22vuod48cepji.cloudfront.net/ib.item.image.large/l-955bb5faed0c4ceda1bee8d42666355b.png,Nestlé
42843,Chupeta Avulsa Orto Silicone Ref 305/0 1Un,Chupeta Avulsa Orto Silicone Ref 305/0 1Un,in stock,new,5.99 BRL,https://loja.redecentralfarma.com.br/,https://d22vuod48cepji.cloudfront.net/ib.item.image.large/l-319b6ac35a6f4484af29f202080f6488.png,
116487,Cloreto de Magnésio P.A. Polimag Sachê 33g,Cloreto de Magnésio P.A. Polimag Sachê 33g,in stock,new,8.99 BRL,https://loja.redecentralfarma.com.br/,https://d22vuod48cepji.cloudfront.net/ib.item.image.large/l-3670e9c584aa4cecba25d29f8b1072ea.webp,Polimag
115374,Cloreto de Magnésio P.A. Puro para Análise Bemvita 90 Cápsulas,Cloreto de Magnésio P.A. Puro para Análise Bemvita 90 Cápsulas,in stock,new,32.99 BRL,https://loja.redecentralfarma.com.br/,https://d22vuod48cepji.cloudfront.net/ib.item.image.large/l-fc9c36ff765343798c628fbabfc30ddb.webp,Bemvita
76037,Cloreto Magnesio P.A. Polimag  60Cpr,Cloreto Magnesio P.A. Polimag  60Cpr,in stock,new,41.49 BRL,https://loja.redecentralfarma.com.br/,https://d22vuod48cepji.cloudfront.net/ib.item.image.large/l-2a3f58ab82a143e884c755e2d6e1e271.png,
93064,Colag-C Colageno Verisol Duo Uva 30Saches,Colag-C Colageno Verisol Duo Uva 30Saches,in stock,new,86.99 BRL,https://loja.redecentralfarma.com.br/,https://d22vuod48cepji.cloudfront.net/ib.item.image.large/l-8baa66ce85d04775b00ebcb37fe24d0d.png,
96909,Colag-C Colageno Verisol Fr Vermelhas 30Saches,Colag-C Colageno Verisol Fr Vermelhas 30Saches,in stock,new,95.99 BRL,https://loja.redecentralfarma.com.br/,https://d22vuod48cepji.cloudfront.net/ib.item.image.large/l-373ca8d3d1ca4d7889f12820cfc61f82.png,
93065,Colag-C Colageno Verisol Hialuronico 30Saches,Colag-C Colageno Verisol Hialuronico 30Saches,in stock,new,97.90 BRL,https://loja.redecentralfarma.com.br/,https://d22vuod48cepji.cloudfront.net/ib.item.image.large/l-c711018d031147369077234fe4b11f7c.png,
115379,Colag-C2 Colageno Tipo Ii + Curcuma Bemvita 30 Cápsulas,Colag-C2 Colageno Tipo Ii + Curcuma Bemvita 30 Cápsulas,in stock,new,59.99 BRL,https://loja.redecentralfarma.com.br/,https://d22vuod48cepji.cloudfront.net/ib.item.image.large/l-73a997452b5f448e86458dc00feaf021.png,Bemvita
115378,Colag-C2 Colageno Tipo Ii Bemvita 30 Cápsulas,Colag-C2 Colageno Tipo Ii Bemvita 30 Cápsulas,in stock,new,49.90 BRL,https://loja.redecentralfarma.com.br/,https://d22vuod48cepji.cloudfront.net/ib.item.image.large/l-d65129c76a294be1a29b4e2041049ca5.png,Bemvita
115790,Colágeno + Ácido Hialurônico Frutas Vermelhas Colag-C 216g,Colágeno + Ácido Hialurônico Frutas Vermelhas Colag-C 216g,in stock,new,81.79 BRL,https://loja.redecentralfarma.com.br/,https://d22vuod48cepji.cloudfront.net/ib.item.image.large/l-5739b5c8ed9a40cfbfb53e2abbc7aa10.png,Colag-C
115937,Colágeno Tipo II 40mg 60 Cápsulas,Colágeno Tipo II 40mg 60 Cápsulas,in stock,new,63.49 BRL,https://loja.redecentralfarma.com.br/,https://d22vuod48cepji.cloudfront.net/ib.item.image.large/l-c802783c27214e3fa667246bba0bd838.webp,Good Vit
92850,Coletor Universal Esteril Bem Care 80Ml,Coletor Universal Esteril Bem Care 80Ml,in stock,new,3.79 BRL,https://loja.redecentralfarma.com.br/,https://d22vuod48cepji.cloudfront.net/ib.item.image.large/l-de1314d86e7a4b6283387a592e9e5379.jpeg,
115433,Colônia Infantil Baby Care 110ml,Colônia Infantil Baby Care 110ml,in stock,new,21.99 BRL,https://loja.redecentralfarma.com.br/,https://d22vuod48cepji.cloudfront.net/ib.item.image.large/l-82242714389049fd85bbe403e1d2e9d0.webp,Baby Care
4145,Coloração Niely Cor&Ton Castanho Claro 5.0,Coloração Niely Cor&Ton Castanho Claro 5.0,in stock,new,17.99 BRL,https://loja.redecentralfarma.com.br/,https://d22vuod48cepji.cloudfront.net/ib.item.image.large/l-3e6f2de169904fd89c5c729ca91dffad.jpeg,Cor & Ton
4166,Coloração Niely Cor&Ton Castanho Escuro 3.0,Coloração Niely Cor&Ton Castanho Escuro 3.0,in stock,new,17.99 BRL,https://loja.redecentralfarma.com.br/,https://d22vuod48cepji.cloudfront.net/ib.item.image.large/l-551ae54d5cdd4aa88aadb6e66deff829.jpeg,Cor & Ton
4153,Coloração Niely Cor&Ton Castanho Médio 4.0,Coloração Niely Cor&Ton Castanho Médio 4.0,in stock,new,17.99 BRL,https://loja.redecentralfarma.com.br/,https://d22vuod48cepji.cloudfront.net/ib.item.image.large/l-41a0d00f42f54060abf7b5a2b935655a.jpeg,Cor & Ton
4154,Coloração Niely Cor&Ton Chocolate 6.7,Coloração Niely Cor&Ton Chocolate 6.7,in stock,new,17.99 BRL,https://loja.redecentralfarma.com.br/,https://d22vuod48cepji.cloudfront.net/ib.item.image.large/l-9a09405785fa4d1aa1bfa5e3d3a18c1a.jpeg,Cor & Ton
4144,Coloração Niely Cor&Ton Louro Escuro 6.0,Coloração Niely Cor&Ton Louro Escuro 6.0,in stock,new,17.99 BRL,https://loja.redecentralfarma.com.br/,https://d22vuod48cepji.cloudfront.net/ib.item.image.large/l-2a460d8c2b9e4afc99c5573725cf471e.jpeg,Cor & Ton
4162,Coloração Niely Cor&Ton Louro Médio 7.0,Coloração Niely Cor&Ton Louro Médio 7.0,in stock,new,17.99 BRL,https://loja.redecentralfarma.com.br/,https://d22vuod48cepji.cloudfront.net/ib.item.image.large/l-73424a2b93e44c0fbe935fe064fed244.jpeg,Cor & Ton
4149,Coloração Niely Cor&Ton Preto 2.0,Coloração Niely Cor&Ton Preto 2.0,in stock,new,17.99 BRL,https://loja.redecentralfarma.com.br/,https://d22vuod48cepji.cloudfront.net/ib.item.image.large/l-3209f1a27e2c4764b6ff5e800241d22e.jpeg,Cor & Ton
4163,Coloração Niely Cor&Ton Preto Azulado 1.0,Coloração Niely Cor&Ton Preto Azulado 1.0,in stock,new,17.99 BRL,https://loja.redecentralfarma.com.br/,https://d22vuod48cepji.cloudfront.net/ib.item.image.large/l-67cb42cbfeef41518111f409855c89c6.jpeg,Cor & Ton
2405,Coloração Permanente Imédia Excellence De L'Oréal Paris 6.0 Louro Escuro,Coloração Permanente Imédia Excellence De L'Oréal Paris 6.0 Louro Escuro,in stock,new,39.79 BRL,https://loja.redecentralfarma.com.br/,https://d22vuod48cepji.cloudfront.net/ib.item.image.large/l-650809196cee44868c8e29c770421f79.jpeg,Imédia Excellence
115287,Complexo B Bemvita 100 Comprimidos,Complexo B Bemvita 100 Comprimidos,in stock,new,27.49 BRL,https://loja.redecentralfarma.com.br/,https://d22vuod48cepji.cloudfront.net/ib.item.image.large/l-fe2c459d76d049c6900b97b9c59eee90.webp,Bemvita
88440,Composto Lácteo Café com Leite Nutren Senior Lata 740g,Composto Lácteo Café com Leite Nutren Senior Lata 740g,in stock,new,174.49 BRL,https://loja.redecentralfarma.com.br/,https://d22vuod48cepji.cloudfront.net/ib.item.image.large/l-135f194a56ae4c409eec53ea37c47f16.jpeg,Nutren
91030,Composto Lácteo Chocolate Nutren Senior Lata 740g,Composto Lácteo Chocolate Nutren Senior Lata 740g,in stock,new,174.49 BRL,https://loja.redecentralfarma.com.br/,https://d22vuod48cepji.cloudfront.net/ib.item.image.large/l-d98fe03e9e624fc8a68fc045c19bc3f2.jpeg,Nutren
65182,Composto Lácteo Comfor Neslac Lata 800g,Composto Lácteo Comfor Neslac Lata 800g,in stock,new,71.99 BRL,https://loja.redecentralfarma.com.br/,https://d22vuod48cepji.cloudfront.net/ib.item.image.large/l-943c55c3abdd458d865e410effd11c59.jpeg,Neslac
56911,Composto Lácteo sem Sabor Nutren Senior Lata 370g,Composto Lácteo sem Sabor Nutren Senior Lata 370g,in stock,new,94.49 BRL,https://loja.redecentralfarma.com.br/,https://d22vuod48cepji.cloudfront.net/ib.item.image.large/l-3c9078a73d794f9590bf47a12c9bfde1.jpeg,Nutren
87590,Composto Lácteo Zero Lactose Comfor Neslac Lata 700g,Composto Lácteo Zero Lactose Comfor Neslac Lata 700g,in stock,new,75.99 BRL,https://loja.redecentralfarma.com.br/,https://d22vuod48cepji.cloudfront.net/ib.item.image.large/l-5ab45ae761734ac8a759ba3cd4512a23.jpeg,Neslac
67618,Composto Lácteo Zero Lactose Ninho Lata 380g,Composto Lácteo Zero Lactose Ninho Lata 380g,in stock,new,25.99 BRL,https://loja.redecentralfarma.com.br/,https://d22vuod48cepji.cloudfront.net/ib.item.image.large/l-c67e6562c6bc41068c2837d4327294ff.png,Ninho
93598,Composto Lácteo Zero Lactose Ninho Lata 700g,Composto Lácteo Zero Lactose Ninho Lata 700g,in stock,new,49.99 BRL,https://loja.redecentralfarma.com.br/,https://d22vuod48cepji.cloudfront.net/ib.item.image.large/l-64f53c9a643a47698ecf28017f71806e.png,Ninho
93124,Compressa Gaze Bem Care 10Un,Compressa Gaze Bem Care 10Un,in stock,new,3.89 BRL,https://loja.redecentralfarma.com.br/,https://d22vuod48cepji.cloudfront.net/ib.item.image.large/l-dd8f667a57234510b95f1a870d5d7b5d.png,
115769,Compressa Gaze Não Aderente Bem Care 10 Unidades,Compressa Gaze Não Aderente Bem Care 10 Unidades,in stock,new,4.39 BRL,https://loja.redecentralfarma.com.br/,https://d22vuod48cepji.cloudfront.net/ib.item.image.large/l-62fcf28ce485468789b60177a8a92420.webp,Bem Care
109000,Condicionador L'oréal Paris Elseve Liso dos Sonhos Frasco - 400ml,Condicionador L'oréal Paris Elseve Liso dos Sonhos Frasco - 400ml,in stock,new,41.99 BRL,https://loja.redecentralfarma.com.br/,https://d22vuod48cepji.cloudfront.net/ib.item.image.large/l-55a13e1c7ee143c3b1862461bf0a9e71.png,Elseve
69490,Condicionador L'oréal Paris Elseve Reparação Total 5 Frasco 400ml,Condicionador L'oréal Paris Elseve Reparação Total 5 Frasco 400ml,in stock,new,41.99 BRL,https://loja.redecentralfarma.com.br/,https://d22vuod48cepji.cloudfront.net/ib.item.image.large/l-c5d9f282576e4b71bb7a428c924d1ffa.jpeg,L'oréal Paris
45303,Condicionador Pantene Hidratação Frasco 400ml,Condicionador Pantene Hidratação Frasco 400ml,in stock,new,36.79 BRL,https://loja.redecentralfarma.com.br/,https://d22vuod48cepji.cloudfront.net/ib.item.image.large/l-a2368c27eed246f989cbe249dd144be5.png,Pantene
113489,Condicionador Redensifica Fios Elseve Colágeno Lifter 400ml L'Oréal Paris,Condicionador Redensifica Fios Elseve Colágeno Lifter 400ml L'Oréal Paris,in stock,new,41.99 BRL,https://loja.redecentralfarma.com.br/,https://d22vuod48cepji.cloudfront.net/ib.item.image.large/l-46700d13278b460394584eaccffae3b8.jpg,Elseve
113411,Condicionador Redensifica Fios Elseve Collagen Lifter 200ml L'Oréal Paris,Condicionador Redensifica Fios Elseve Collagen Lifter 200ml L'Oréal Paris,in stock,new,22.99 BRL,https://loja.redecentralfarma.com.br/,https://d22vuod48cepji.cloudfront.net/ib.item.image.large/l-cf6191038b2f4fbf934a47629a90a37f.jpg,Elseve
104218,"Condicionador Sela Gloss L'Oréal Paris Elseve Glycolic Gloss, 400Ml","Condicionador Sela Gloss L'Oréal Paris Elseve Glycolic Gloss, 400Ml",in stock,new,41.99 BRL,https://loja.redecentralfarma.com.br/,https://d22vuod48cepji.cloudfront.net/ib.item.image.large/l-c66cdbf156414fb68e4a21d027b1df9a.jpeg,Elseve
2076,Contractubex Redutor de Cicatrizes em Gel 20G,Contractubex Redutor de Cicatrizes em Gel 20G,in stock,new,168.99 BRL,https://loja.redecentralfarma.com.br/,https://d22vuod48cepji.cloudfront.net/ib.item.image.large/l-fad90bb1cbf84be7b00d8327778559f7.jpeg,Contractubex
95614,Cotonete Bem Care  75Un,Cotonete Bem Care  75Un,in stock,new,6.79 BRL,https://loja.redecentralfarma.com.br/,https://d22vuod48cepji.cloudfront.net/ib.item.image.large/l-87be1dddf69d49de8c8ae397d12580d0.png,
95615,Cotonete Bem Care 150Un,Cotonete Bem Care 150Un,in stock,new,10.99 BRL,https://loja.redecentralfarma.com.br/,https://d22vuod48cepji.cloudfront.net/ib.item.image.large/l-5d71aa16ebbc4285a15127fdaf552f66.png,
116281,Creatina 100% Pura 300g Farlife,Creatina 100% Pura 300g Farlife,in stock,new,69.99 BRL,https://loja.redecentralfarma.com.br/,https://d22vuod48cepji.cloudfront.net/ib.item.image.large/l-c1efcc69f6a54f97ba05e029425ab009.png,Farlife
109087,Creatina 100% Pura Hardcore 300g Integralmédica,Creatina 100% Pura Hardcore 300g Integralmédica,in stock,new,72.99 BRL,https://loja.redecentralfarma.com.br/,https://d22vuod48cepji.cloudfront.net/ib.item.image.large/l-2f627ac1790a47489a1d5cf7a25af70b.jpeg,Integralmédica
113189,Creatina Pó Max Titanium Pote 300g,Creatina Pó Max Titanium Pote 300g,in stock,new,76.49 BRL,https://loja.redecentralfarma.com.br/,https://d22vuod48cepji.cloudfront.net/ib.item.image.large/l-30372102adcd4d2e853444f38e4860f2.jpeg,Max Titanium
74410,Creme Bepantol Baby 30g Preventivo De Assaduras,Creme Bepantol Baby 30g Preventivo De Assaduras,in stock,new,22.29 BRL,https://loja.redecentralfarma.com.br/,https://d22vuod48cepji.cloudfront.net/ib.item.image.large/l-f622d97d10ba4d0f93c161afcbf6d991.png,Bepantol Baby
107762,Creme De Assaduras Baby Care 45G,Creme De Assaduras Baby Care 45G,in stock,new,12.49 BRL,https://loja.redecentralfarma.com.br/,https://d22vuod48cepji.cloudfront.net/ib.item.image.large/l-e95b453eaf524692b481631d5ae6edbc.png,
79540,Creme Facial Nivea Antissinais 100g,Creme Facial Nivea Antissinais 100g,in stock,new,37.49 BRL,https://loja.redecentralfarma.com.br/,https://d22vuod48cepji.cloudfront.net/ib.item.image.large/l-eb0628c0fc5d4337b70d25ff6f907116.png,Nivea
110435,Creme Hidratante Nivea Lata 29g,Creme Hidratante Nivea Lata 29g,in stock,new,17.49 BRL,https://loja.redecentralfarma.com.br/,https://d22vuod48cepji.cloudfront.net/ib.item.image.large/l-d50df6c0a9704855be94bf9464f00b99.jpeg,Nivea
2468,Creme Hidratante Nivea Lata 56g,Creme Hidratante Nivea Lata 56g,in stock,new,25.99 BRL,https://loja.redecentralfarma.com.br/,https://d22vuod48cepji.cloudfront.net/ib.item.image.large/l-0a72af71df7d4a3493c792ead205e5a9.png,Nivea
115408,Creme Hidratante Peles Secas E Sensíveis Dermunn 450g,Creme Hidratante Peles Secas E Sensíveis Dermunn 450g,in stock,new,45.99 BRL,https://loja.redecentralfarma.com.br/,https://d22vuod48cepji.cloudfront.net/ib.item.image.large/l-0525e37479974304950c7c6c8644c8e3.webp,Dermunn
113412,Creme Máscara de Tratamento Efeito Teia Resgate de Massa Elseve Collagen Lifter 300g,Creme Máscara de Tratamento Efeito Teia Resgate de Massa Elseve Collagen Lifter 300g,in stock,new,33.99 BRL,https://loja.redecentralfarma.com.br/,https://d22vuod48cepji.cloudfront.net/ib.item.image.large/l-5629760efcde483da2c7a3faece6e608.jpg,Elseve
60975,Creme Preventivo de Assaduras Bepantol Baby - 60g,Creme Preventivo de Assaduras Bepantol Baby - 60g,in stock,new,43.99 BRL,https://loja.redecentralfarma.com.br/,https://d22vuod48cepji.cloudfront.net/ib.item.image.large/l-7ff96d9c1f8c443ca9ace744d821120f.jpeg,
82412,Creme Proteção e Hidtatação Corporal Toque Seco Bepantol Derma Caixa 30g,Creme Proteção e Hidtatação Corporal Toque Seco Bepantol Derma Caixa 30g,in stock,new,44.99 BRL,https://loja.redecentralfarma.com.br/,https://d22vuod48cepji.cloudfront.net/ib.item.image.large/l-a3724d4e2c524fa4ab3be4fff4549b57.jpeg,Sem Marca
76788,Creme Revitalizante Pernas Cedraflon Caixa 150ml,Creme Revitalizante Pernas Cedraflon Caixa 150ml,in stock,new,134.99 BRL,https://loja.redecentralfarma.com.br/,https://d22vuod48cepji.cloudfront.net/ib.item.image.large/l-6c6b2b33d70b413ba990d8ee724e9105.jpeg,Cedraflon
115549,Creme Unipantol Derma 20g,Creme Unipantol Derma 20g,in stock,new,19.99 BRL,https://loja.redecentralfarma.com.br/,https://d22vuod48cepji.cloudfront.net/ib.item.image.large/l-53c72c61dbd34296809284393c7e0d18.webp,Unipantol
95611,Curativo Bem Care Bege 10Un,Curativo Bem Care Bege 10Un,in stock,new,6.49 BRL,https://loja.redecentralfarma.com.br/,https://d22vuod48cepji.cloudfront.net/ib.item.image.large/l-7191685912bb42fb98b4f17869f036a1.png,
95612,Curativo Bem Care Bege 40Un,Curativo Bem Care Bege 40Un,in stock,new,15.49 BRL,https://loja.redecentralfarma.com.br/,https://d22vuod48cepji.cloudfront.net/ib.item.image.large/l-fbc9488c5ad74071aa2825b0a4dc42e4.png,
96549,Curativo Bem Care Extra Grande 8Un,Curativo Bem Care Extra Grande 8Un,in stock,new,19.99 BRL,https://loja.redecentralfarma.com.br/,https://d22vuod48cepji.cloudfront.net/ib.item.image.large/l-2a558b69e44f4445878ba57718126a44.png,
96548,Curativo Bem Care Redondo 16Un,Curativo Bem Care Redondo 16Un,in stock,new,9.49 BRL,https://loja.redecentralfarma.com.br/,https://d22vuod48cepji.cloudfront.net/ib.item.image.large/l-812053c52e90428e98b3d61e1dac2f38.png,
105677,Curativo Bem Care Transparente 10Un,Curativo Bem Care Transparente 10Un,in stock,new,6.49 BRL,https://loja.redecentralfarma.com.br/,https://d22vuod48cepji.cloudfront.net/ib.item.image.large/l-86bc6d751e2544368f9d80413b217077.jpeg,
95613,Curativo Bem Care Transparente 40Un,Curativo Bem Care Transparente 40Un,in stock,new,15.49 BRL,https://loja.redecentralfarma.com.br/,https://d22vuod48cepji.cloudfront.net/ib.item.image.large/l-a4341e0c1f744d7b90248386bd615973.png,
115775,Curativo Hidrocoloide Acne e Espinha Dermunn 24 Unidades,Curativo Hidrocoloide Acne e Espinha Dermunn 24 Unidades,in stock,new,19.29 BRL,https://loja.redecentralfarma.com.br/,https://d22vuod48cepji.cloudfront.net/ib.item.image.large/l-6db41d0f57ce4e1aa5e2b8307fdbefe2.webp,Dermunn
2262,"Curativo Transparente Band-Aid 1,9cm x 7,6cm Caixa 10 Unidades","Curativo Transparente Band-Aid 1,9cm x 7,6cm Caixa 10 Unidades",in stock,new,8.79 BRL,https://loja.redecentralfarma.com.br/,https://d22vuod48cepji.cloudfront.net/ib.item.image.large/l-d99c38a02e8f4e76a2fd1c8104d8298f.png,Band-Aid
87895,Curativo Transparente Band-Aid Caixa 40 Unidades,Curativo Transparente Band-Aid Caixa 40 Unidades,in stock,new,19.49 BRL,https://loja.redecentralfarma.com.br/,https://d22vuod48cepji.cloudfront.net/ib.item.image.large/l-82d01d0e72344ea9a6f3b9cd32ffd1de.png,Band-Aid
94804,Demaquilante Bifásico Dermunn 115ml,Demaquilante Bifásico Dermunn 115ml,in stock,new,22.99 BRL,https://loja.redecentralfarma.com.br/,https://d22vuod48cepji.cloudfront.net/ib.item.image.large/l-00e8caadf9ed4f928d68d0958a56075a.png,Dermunn
50821,Deo-Hidratante  Nivea Milk Frasco 400ml,Deo-Hidratante  Nivea Milk Frasco 400ml,in stock,new,26.49 BRL,https://loja.redecentralfarma.com.br/,https://d22vuod48cepji.cloudfront.net/ib.item.image.large/l-5faad1de62994ffdbd97bfdb484d9493.png,Nivea
111538,Dermunn Sabonete Para Peles Acneicas 120 Gramas,Dermunn Sabonete Para Peles Acneicas 120 Gramas,in stock,new,18.99 BRL,https://loja.redecentralfarma.com.br/,https://raw.githubusercontent.com/redecentralauditoria-cmyk/feed-catalogo-lojas/main/sem_foto.png,Rede Central
102830,Descolorante Pó Diamond +10 Lightner Envelope 50g,Descolorante Pó Diamond +10 Lightner Envelope 50g,in stock,new,16.29 BRL,https://loja.redecentralfarma.com.br/,https://d22vuod48cepji.cloudfront.net/ib.item.image.large/l-3f94de7e6fb0464e8bc9d51c5efddb61.jpeg,Lightner
104011,Energético Monster Lata 473ml,Energético Monster Lata 473ml,in stock,new,12.99 BRL,https://loja.redecentralfarma.com.br/,https://d22vuod48cepji.cloudfront.net/ib.item.image.large/l-5261731e8a0f4afd8f724bd2b3ff9724.png,Monster
92338,Energético Red Bull Lata 250ml,Energético Red Bull Lata 250ml,in stock,new,12.99 BRL,https://loja.redecentralfarma.com.br/,https://d22vuod48cepji.cloudfront.net/ib.item.image.large/l-72d622d0bd634807b5e5efada1c52515.png,Red Bull
107216,Energético Zero Açúcar Monster Lata 473ml,Energético Zero Açúcar Monster Lata 473ml,in stock,new,12.99 BRL,https://loja.redecentralfarma.com.br/,https://d22vuod48cepji.cloudfront.net/ib.item.image.large/l-35267ee9f8964ddb9ccf66fac1cf359c.png,Monster
47923,Enxaguante Antisséptico Bucal Colgate Periogard Sem Álcool 250ml,Enxaguante Antisséptico Bucal Colgate Periogard Sem Álcool 250ml,in stock,new,34.29 BRL,https://loja.redecentralfarma.com.br/,https://d22vuod48cepji.cloudfront.net/ib.item.image.large/l-2515bd6671f140c787065f6f54e98ecf.webp,Colgate
73309,Enxaguante Bucal Sem Álcool Colgate Periogard Extra Mint 250ml,Enxaguante Bucal Sem Álcool Colgate Periogard Extra Mint 250ml,in stock,new,34.29 BRL,https://loja.redecentralfarma.com.br/,https://d22vuod48cepji.cloudfront.net/ib.item.image.large/l-23772625fea84e56b74f74b1b6ff5236.webp,Colgate
101996,Esc Dental Amis Tech Color Macia Lv2 Pg1,Esc Dental Amis Tech Color Macia Lv2 Pg1,in stock,new,11.49 BRL,https://loja.redecentralfarma.com.br/,https://d22vuod48cepji.cloudfront.net/ib.item.image.large/l-89b21ea4e6bd4dee9d219d41d1c085c2.jpeg,
102236,Esc Dental Amis Tech Color Media Lv2 Pg1,Esc Dental Amis Tech Color Media Lv2 Pg1,in stock,new,11.49 BRL,https://loja.redecentralfarma.com.br/,https://d22vuod48cepji.cloudfront.net/ib.item.image.large/l-2cb2a84c6eae423cac7d11c7bb895f4f.jpeg,
102237,Esc Dental Amis Tech Family Control Macia Lv3 Pg2,Esc Dental Amis Tech Family Control Macia Lv3 Pg2,in stock,new,17.49 BRL,https://loja.redecentralfarma.com.br/,https://d22vuod48cepji.cloudfront.net/ib.item.image.large/l-809c2d85fab540149cebfd77467c3069.jpeg,
102217,Esc Dental Amis Tech Family Control Media Lv3 Pg2,Esc Dental Amis Tech Family Control Media Lv3 Pg2,in stock,new,17.49 BRL,https://loja.redecentralfarma.com.br/,https://d22vuod48cepji.cloudfront.net/ib.item.image.large/l-ec761dab2b794d5a911ddb603794f58b.png,
102238,Esc Dental Amis Tech Family Protect Macia Lv3 Pg2,Esc Dental Amis Tech Family Protect Macia Lv3 Pg2,in stock,new,15.49 BRL,https://loja.redecentralfarma.com.br/,https://d22vuod48cepji.cloudfront.net/ib.item.image.large/l-42450678bde44f578e2a6bfae1794843.png,
102000,Esc Dental Amis Tech Family Protect Media Lv3 Pg2,Esc Dental Amis Tech Family Protect Media Lv3 Pg2,in stock,new,15.49 BRL,https://loja.redecentralfarma.com.br/,https://d22vuod48cepji.cloudfront.net/ib.item.image.large/l-2013826a74214613932657be10edb4e4.png,
102239,Esc Dental Amis Tech Light Black Macia  2Un,Esc Dental Amis Tech Light Black Macia  2Un,in stock,new,10.99 BRL,https://loja.redecentralfarma.com.br/,https://d22vuod48cepji.cloudfront.net/ib.item.image.large/l-6a2e30a4438147e7959abb0fe0eb40ce.png,
101999,Esc Dental Amis Tech Light Black Media  2Un,Esc Dental Amis Tech Light Black Media  2Un,in stock,new,10.99 BRL,https://loja.redecentralfarma.com.br/,https://d22vuod48cepji.cloudfront.net/ib.item.image.large/l-0fab765ead7142008768cf1fdd815044.png,
101995,Esc Dental Amis Tech Macia Lv2 Pg1,Esc Dental Amis Tech Macia Lv2 Pg1,in stock,new,10.99 BRL,https://loja.redecentralfarma.com.br/,https://d22vuod48cepji.cloudfront.net/ib.item.image.large/l-d43f9cd8d9bd49979384acc2b207e341.png,
102241,Esc Dental Amis Tech Media Lv2 Pg1,Esc Dental Amis Tech Media Lv2 Pg1,in stock,new,10.99 BRL,https://loja.redecentralfarma.com.br/,https://d22vuod48cepji.cloudfront.net/ib.item.image.large/l-0d18843b28094e548a91414e66955890.png,
56027,Escova Dental Curaprox Ultra Macia,Escova Dental Curaprox Ultra Macia,in stock,new,35.99 BRL,https://loja.redecentralfarma.com.br/,https://d22vuod48cepji.cloudfront.net/ib.item.image.large/l-4310c4cf16e34a9d8fd457959a7f84fd.jpeg,Curaprox
110094,Escova Dental Infantil Puradent Azul Kids Protection 1 Unidade,Escova Dental Infantil Puradent Azul Kids Protection 1 Unidade,in stock,new,7.49 BRL,https://loja.redecentralfarma.com.br/,https://d22vuod48cepji.cloudfront.net/ib.item.image.large/l-b234fd45c89a456e9d30a26126dda39f.webp,Puradent
110097,Escova Dental Infantil Puradent Verde Ventosa Kids Protection,Escova Dental Infantil Puradent Verde Ventosa Kids Protection,in stock,new,7.49 BRL,https://loja.redecentralfarma.com.br/,https://d22vuod48cepji.cloudfront.net/ib.item.image.large/l-54bd275a10284701a4ca7f7786c99922.webp,Puradent
110095,Escova Dental Infantil Puradent Vermelha Kids Protection 1 Unidade,Escova Dental Infantil Puradent Vermelha Kids Protection 1 Unidade,in stock,new,7.49 BRL,https://loja.redecentralfarma.com.br/,https://d22vuod48cepji.cloudfront.net/ib.item.image.large/l-3c3a9af56abe4dd99c052d507eea0da9.webp,Puradent
110096,Escova Dental Kids Protection Puradent Rosa Ventosa,Escova Dental Kids Protection Puradent Rosa Ventosa,in stock,new,7.49 BRL,https://loja.redecentralfarma.com.br/,https://d22vuod48cepji.cloudfront.net/ib.item.image.large/l-7928d998cd7e4f31b5014f40fcc295ac.png,
115243,Escova Dental Travel Confort Amis Puradent  (1 unidade),Escova Dental Travel Confort Amis Puradent  (1 unidade),in stock,new,5.49 BRL,https://loja.redecentralfarma.com.br/,https://d22vuod48cepji.cloudfront.net/ib.item.image.large/l-a4cb28a7c34f4dfabceee6a6adf464a1.webp,Amis Puradent
69663,Escova Dental Ultramacia Curaprox 3 Unidades,Escova Dental Ultramacia Curaprox 3 Unidades,in stock,new,96.99 BRL,https://loja.redecentralfarma.com.br/,https://d22vuod48cepji.cloudfront.net/ib.item.image.large/l-11087d84486140398a31922d0bccb09b.jpeg,Curaprox
75759,"Esmalte Verniz Extra Brilho Impala 7,5ml","Esmalte Verniz Extra Brilho Impala 7,5ml",in stock,new,7.79 BRL,https://loja.redecentralfarma.com.br/,https://d22vuod48cepji.cloudfront.net/ib.item.image.large/l-73590fb42f83483a850f927ce9b165b8.jpeg,Impala
95664,Esparadrapo Bem Care 2.5X4.5,Esparadrapo Bem Care 2.5X4.5,in stock,new,13.49 BRL,https://loja.redecentralfarma.com.br/,https://d22vuod48cepji.cloudfront.net/ib.item.image.large/l-241c13a644434f289868c8899f8384d8.png,
83866,Eucerin Anti-pigment Clareador Dual Sérum Facial 30ml,Eucerin Anti-pigment Clareador Dual Sérum Facial 30ml,in stock,new,301.49 BRL,https://loja.redecentralfarma.com.br/,https://d22vuod48cepji.cloudfront.net/ib.item.image.large/l-4958b3b37e294949af5f9057e5bcb3d5.jpeg,
64267,Extrato de Própolis Propomax Sem Álcool 30ml,Extrato de Própolis Propomax Sem Álcool 30ml,in stock,new,35.49 BRL,https://loja.redecentralfarma.com.br/,https://d22vuod48cepji.cloudfront.net/ib.item.image.large/l-1c4502efcf3e44f5a3138706bf4a023a.jpeg,Apis Flora
85616,Fio Dental Menta Johnson & Johnson Essencial 100m Mais Econômico,Fio Dental Menta Johnson & Johnson Essencial 100m Mais Econômico,in stock,new,21.49 BRL,https://loja.redecentralfarma.com.br/,https://d22vuod48cepji.cloudfront.net/ib.item.image.large/l-c9f209cb13bb45bd97c3eeee95b510b4.png,Johnson & Johnson
2696,Fio Dental Menta Johnson & Johnson Reach Expansion Plus 50m,Fio Dental Menta Johnson & Johnson Reach Expansion Plus 50m,in stock,new,18.99 BRL,https://loja.redecentralfarma.com.br/,https://d22vuod48cepji.cloudfront.net/ib.item.image.large/l-c96d6e3a7fd24f319d6bf919df55c53d.jpeg,Johnson & Johnson
115244,Fio Dental Super Fresh Amis Puradent (120m),Fio Dental Super Fresh Amis Puradent (120m),in stock,new,7.99 BRL,https://loja.redecentralfarma.com.br/,https://d22vuod48cepji.cloudfront.net/ib.item.image.large/l-195920634e284037b52297fa17c41536.jpeg,Amis Puradent
96550,Fita Micropore Bem Care Branco 2.5X4.5,Fita Micropore Bem Care Branco 2.5X4.5,in stock,new,18.49 BRL,https://loja.redecentralfarma.com.br/,https://d22vuod48cepji.cloudfront.net/ib.item.image.large/l-7a59db6ff2c64de59ea9a8e7ca253a81.png,
5942,"Fita Micropore Branca Nexcare 25mm x 4,5m","Fita Micropore Branca Nexcare 25mm x 4,5m",in stock,new,20.49 BRL,https://loja.redecentralfarma.com.br/,https://d22vuod48cepji.cloudfront.net/ib.item.image.large/l-3f13e8560416426eaf0289357b8432d4.jpeg,Nexcare
5918,"Fita Micropore Branca Nexcare 50mm x 4,5m","Fita Micropore Branca Nexcare 50mm x 4,5m",in stock,new,39.99 BRL,https://loja.redecentralfarma.com.br/,https://d22vuod48cepji.cloudfront.net/ib.item.image.large/l-7270990b26bb41c09520081d949582f2.jpeg,Nexcare
115770,Fita Microporosa Bege 1.2Cm x 4.5M Bem Care,Fita Microporosa Bege 1.2Cm x 4.5M Bem Care,in stock,new,8.99 BRL,https://loja.redecentralfarma.com.br/,https://d22vuod48cepji.cloudfront.net/ib.item.image.large/l-c04d694de7df4876a2e0ef49576a9cba.webp,Bem Care
56344,Fixador de Dentadura Creme sem Sabor Ultra Corega Caixa 19g,Fixador de Dentadura Creme sem Sabor Ultra Corega Caixa 19g,in stock,new,37.99 BRL,https://loja.redecentralfarma.com.br/,https://d22vuod48cepji.cloudfront.net/ib.item.image.large/l-07f5c392d016402eb6983bf519121270.jpeg,Ultra Corega
64389,Fixador de Dentadura Creme sem Sabor Ultra Corega Max Caixa 70g,Fixador de Dentadura Creme sem Sabor Ultra Corega Max Caixa 70g,in stock,new,95.99 BRL,https://loja.redecentralfarma.com.br/,https://d22vuod48cepji.cloudfront.net/ib.item.image.large/l-f115580207c94567b6df1b6b82f7be79.jpeg,Ultra Corega
2892,Fixador Fixodent Original 21G,Fixador Fixodent Original 21G,in stock,new,38.99 BRL,https://loja.redecentralfarma.com.br/,https://d22vuod48cepji.cloudfront.net/ib.item.image.large/l-055ff9c0645545ae935914e04b0b769a.png,
26803,Fixador Fixodent Original 68G,Fixador Fixodent Original 68G,in stock,new,68.99 BRL,https://loja.redecentralfarma.com.br/,https://d22vuod48cepji.cloudfront.net/ib.item.image.large/l-0f1b1dc5ea24499c979713d51a410d97.png,
112883,Fixador Original Bemfix 68g,Fixador Original Bemfix 68g,in stock,new,33.99 BRL,https://loja.redecentralfarma.com.br/,https://d22vuod48cepji.cloudfront.net/ib.item.image.large/l-ca83389c6691444491a6441e896a985a.webp,Bemfix
93707,Fórmula Infantil Aptamil Profutura 2 800g,Fórmula Infantil Aptamil Profutura 2 800g,in stock,new,123.99 BRL,https://loja.redecentralfarma.com.br/,https://d22vuod48cepji.cloudfront.net/ib.item.image.large/l-5c812140249a48639eafa4236fd69be5.jpeg,Aptamil
103050,Fórmula Infantil Aptamil Profutura Gold 1 800g,Fórmula Infantil Aptamil Profutura Gold 1 800g,in stock,new,139.99 BRL,https://loja.redecentralfarma.com.br/,https://d22vuod48cepji.cloudfront.net/ib.item.image.large/l-449b5f728946429b901ca86e30b78ecd.jpeg,Aptamil
110135,Fórmula Infantil Aptamil Profutura Gold 2 800g,Fórmula Infantil Aptamil Profutura Gold 2 800g,in stock,new,134.99 BRL,https://loja.redecentralfarma.com.br/,https://d22vuod48cepji.cloudfront.net/ib.item.image.large/l-2d9fcceb3ceb4ff5931894854ab2a8cf.jpeg,Aptamil
64588,Fórmula Infantil Infatrini Pó 400g,Fórmula Infantil Infatrini Pó 400g,in stock,new,173.99 BRL,https://loja.redecentralfarma.com.br/,https://d22vuod48cepji.cloudfront.net/ib.item.image.large/l-752484993627495f8be62ef1b3587a43.jpeg,Infatrini
91722,Fórmula Infantil Nanlac Supreme Lata 800g,Fórmula Infantil Nanlac Supreme Lata 800g,in stock,new,104.99 BRL,https://loja.redecentralfarma.com.br/,https://d22vuod48cepji.cloudfront.net/ib.item.image.large/l-6c0fe34a4dfb467ba63f1be56818f1c8.jpeg,Nanlac
66528,Fórmula Infantil Nestlé Nan Supreme 1 Lata 800g,Fórmula Infantil Nestlé Nan Supreme 1 Lata 800g,in stock,new,134.99 BRL,https://loja.redecentralfarma.com.br/,https://d22vuod48cepji.cloudfront.net/ib.item.image.large/l-bfd926c37bf14e9894684e863eda8b1b.webp,Nestlé
46354,Fórmula Infantil Nestogeno 2 800g,Fórmula Infantil Nestogeno 2 800g,in stock,new,68.99 BRL,https://loja.redecentralfarma.com.br/,https://d22vuod48cepji.cloudfront.net/ib.item.image.large/l-4e013f2dacb149fe9bc725a71ab5d3ac.jpg,Nestlé
77728,Fórmula Infantil Nestonutri Lata 800g,Fórmula Infantil Nestonutri Lata 800g,in stock,new,59.49 BRL,https://loja.redecentralfarma.com.br/,https://d22vuod48cepji.cloudfront.net/ib.item.image.large/l-e80c568c7d8f45ccb8d044b738518f6d.jpeg,Nestonutri
80360,Fórmula Infantil Ninho Fases 1+ Lata 800g,Fórmula Infantil Ninho Fases 1+ Lata 800g,in stock,new,55.99 BRL,https://loja.redecentralfarma.com.br/,https://d22vuod48cepji.cloudfront.net/ib.item.image.large/l-ae942a9c5c8d4c3f91f32ab2c6cbb553.png,Ninho
55062,Fórmula Infantil para Lactentes 0 a 6 Meses Nan Comfor Lata 800g,Fórmula Infantil para Lactentes 0 a 6 Meses Nan Comfor Lata 800g,in stock,new,88.99 BRL,https://loja.redecentralfarma.com.br/,https://d22vuod48cepji.cloudfront.net/ib.item.image.large/l-d20d222687d04424a5dc07b9231e7fe0.png,Nan
46353,Fórmula Infantil para Lactentes 1 Nestogeno Lata 800g,Fórmula Infantil para Lactentes 1 Nestogeno Lata 800g,in stock,new,68.99 BRL,https://loja.redecentralfarma.com.br/,https://d22vuod48cepji.cloudfront.net/ib.item.image.large/l-0e8928bb7da6470c921224f2c544d0a5.png,Nestogeno
40764,Fórmula Infantil para Lactentes Aptamil Premium 1 Lata 800g,Fórmula Infantil para Lactentes Aptamil Premium 1 Lata 800g,in stock,new,79.99 BRL,https://loja.redecentralfarma.com.br/,https://d22vuod48cepji.cloudfront.net/ib.item.image.large/l-61cdaf2ee89f4bad895eb40f40d2ac38.png,Aptamil
51790,Fórmula Infantil para Lactentes Aptamil RR Lata 800g,Fórmula Infantil para Lactentes Aptamil RR Lata 800g,in stock,new,118.99 BRL,https://loja.redecentralfarma.com.br/,https://d22vuod48cepji.cloudfront.net/ib.item.image.large/l-35555146f2e94428a18df44c11116b30.png,Aptamil
55063,Fórmula Infantil para Lactentes Nan Comfor Lata 800g,Fórmula Infantil para Lactentes Nan Comfor Lata 800g,in stock,new,88.99 BRL,https://loja.redecentralfarma.com.br/,https://d22vuod48cepji.cloudfront.net/ib.item.image.large/l-e6d8d3d118a0459d8cfd8ad7883ca55e.png,Nan
55061,Fórmula Infantil para Lactentes Nan Espessar Lata 800g,Fórmula Infantil para Lactentes Nan Espessar Lata 800g,in stock,new,104.49 BRL,https://loja.redecentralfarma.com.br/,https://d22vuod48cepji.cloudfront.net/ib.item.image.large/l-e4f10110a8954ae1a131a24c4a3e26e1.jpeg,Nan
81906,Fórmula Infantil para Lactentes Nan Sensitive Lata 800g,Fórmula Infantil para Lactentes Nan Sensitive Lata 800g,in stock,new,141.99 BRL,https://loja.redecentralfarma.com.br/,https://d22vuod48cepji.cloudfront.net/ib.item.image.large/l-c4d109ea701e4fff9c822711afe54992.jpeg,Nan
66711,Fórmula Infantil para Lactentes Nan Supreme 2 Lata 800g,Fórmula Infantil para Lactentes Nan Supreme 2 Lata 800g,in stock,new,134.99 BRL,https://loja.redecentralfarma.com.br/,https://d22vuod48cepji.cloudfront.net/ib.item.image.large/l-bed93c99afea44a883887f24ed640268.jpeg,Nan
61731,Fórmula Infantil para Lactentes Nanlac Comfor Lata 800g,Fórmula Infantil para Lactentes Nanlac Comfor Lata 800g,in stock,new,79.99 BRL,https://loja.redecentralfarma.com.br/,https://d22vuod48cepji.cloudfront.net/ib.item.image.large/l-a4016aa0c6154890a46789deec0b4115.png,Nanlac
58202,Fórmula Infantil para Lactentes Premium 3 Aptamil Lata 800g,Fórmula Infantil para Lactentes Premium 3 Aptamil Lata 800g,in stock,new,75.99 BRL,https://loja.redecentralfarma.com.br/,https://d22vuod48cepji.cloudfront.net/ib.item.image.large/l-96a54f675da1416dbb6580a6b022acbe.jpeg,Aptamil
115781,Fralda Adulta Pants Bem Care G/Eg 16 Unidades,Fralda Adulta Pants Bem Care G/Eg 16 Unidades,in stock,new,48.29 BRL,https://loja.redecentralfarma.com.br/,https://d22vuod48cepji.cloudfront.net/ib.item.image.large/l-7483a823f9834d268a91ae7d42a85881.webp,Bem Care
115269,Fralda Baby Care Calça Dia/Noite Infantil Tamanho XG Pacote com 52 Unidades,Fralda Baby Care Calça Dia/Noite Infantil Tamanho XG Pacote com 52 Unidades,in stock,new,86.99 BRL,https://loja.redecentralfarma.com.br/,https://d22vuod48cepji.cloudfront.net/ib.item.image.large/l-f016cbed420c4efbbc71f9415b64af37.webp,Baby Care
98923,Fralda Baby Care Jumbinho G 20Un,Fralda Baby Care Jumbinho G 20Un,in stock,new,17.29 BRL,https://loja.redecentralfarma.com.br/,https://d22vuod48cepji.cloudfront.net/ib.item.image.large/l-0bc87c348cf04f8daf1f178475c3740b.png,
98921,Fralda Baby Care Jumbinho M 22Un,Fralda Baby Care Jumbinho M 22Un,in stock,new,17.29 BRL,https://loja.redecentralfarma.com.br/,https://d22vuod48cepji.cloudfront.net/ib.item.image.large/l-4332a0b19f3b43e480c5be80a5da03c2.png,
98961,Fralda Baby Care Jumbinho P 24Un,Fralda Baby Care Jumbinho P 24Un,in stock,new,17.29 BRL,https://loja.redecentralfarma.com.br/,https://d22vuod48cepji.cloudfront.net/ib.item.image.large/l-6a8f33b100e04a5e9c50338fd5e8a133.jpeg,
98924,Fralda Baby Care Jumbinho Xg 18Un,Fralda Baby Care Jumbinho Xg 18Un,in stock,new,17.29 BRL,https://loja.redecentralfarma.com.br/,https://d22vuod48cepji.cloudfront.net/ib.item.image.large/l-ce7598e80c4840bc8e486397d4700073.jpeg,
98962,Fralda Baby Care Jumbinho Xxg 16Un,Fralda Baby Care Jumbinho Xxg 16Un,in stock,new,17.29 BRL,https://loja.redecentralfarma.com.br/,https://d22vuod48cepji.cloudfront.net/ib.item.image.large/l-fb55da83f5e94a4696624edf40a5e5fd.png,
110577,Fralda Baby Care Premium Hiper G 60 Unidades,Fralda Baby Care Premium Hiper G 60 Unidades,in stock,new,75.49 BRL,https://loja.redecentralfarma.com.br/,https://d22vuod48cepji.cloudfront.net/ib.item.image.large/l-a79cadf9ab81430dae319cdf081e278e.webp,Baby Care
110576,Fralda Baby Care Premium Hiper Tamanho M 68 Unidades,Fralda Baby Care Premium Hiper Tamanho M 68 Unidades,in stock,new,75.49 BRL,https://loja.redecentralfarma.com.br/,https://d22vuod48cepji.cloudfront.net/ib.item.image.large/l-ddd162f8d2f84e1cb1436e06adddc5c4.webp,Baby Care
110578,Fralda Baby Care Premium Hiper XG 58 Unidades,Fralda Baby Care Premium Hiper XG 58 Unidades,in stock,new,75.49 BRL,https://loja.redecentralfarma.com.br/,https://d22vuod48cepji.cloudfront.net/ib.item.image.large/l-f3711bd7799f4f8ea4b820897b1fd15c.webp,Baby Care
110579,Fralda Baby Care Premium Hiper XXG 54 Unidades,Fralda Baby Care Premium Hiper XXG 54 Unidades,in stock,new,75.49 BRL,https://loja.redecentralfarma.com.br/,https://d22vuod48cepji.cloudfront.net/ib.item.image.large/l-abe174588a9c43a8acc5632a92d44130.webp,Baby Care
81511,Fralda Baby Care Super Econ G 60Un,Fralda Baby Care Super Econ G 60Un,in stock,new,51.99 BRL,https://loja.redecentralfarma.com.br/,https://d22vuod48cepji.cloudfront.net/ib.item.image.large/l-66110e1015db484892926b2425421331.png,
81510,Fralda Baby Care Super Econ M 70Un,Fralda Baby Care Super Econ M 70Un,in stock,new,51.99 BRL,https://loja.redecentralfarma.com.br/,https://d22vuod48cepji.cloudfront.net/ib.item.image.large/l-a684e49ec2e74f6a9520d01a6d6f4a07.png,
81512,Fralda Baby Care Super Econ Xg 50Un,Fralda Baby Care Super Econ Xg 50Un,in stock,new,51.99 BRL,https://loja.redecentralfarma.com.br/,https://d22vuod48cepji.cloudfront.net/ib.item.image.large/l-3339e8a8b8a2413ba0753db9c3eaa9ab.png,
103047,Fralda Babysec Ultrasec Galinha Pintadinha Mega Tamanho G 32 Unidades,Fralda Babysec Ultrasec Galinha Pintadinha Mega Tamanho G 32 Unidades,in stock,new,46.99 BRL,https://loja.redecentralfarma.com.br/,https://d22vuod48cepji.cloudfront.net/ib.item.image.large/l-6f8855913f414da0bac4e6bf97bc1116.png,BabySec
103048,Fralda Babysec Ultrasec Galinha Pintadinha Mega Tamanho XG 30 Unidades,Fralda Babysec Ultrasec Galinha Pintadinha Mega Tamanho XG 30 Unidades,in stock,new,46.99 BRL,https://loja.redecentralfarma.com.br/,https://d22vuod48cepji.cloudfront.net/ib.item.image.large/l-8b2ba3a5bb064c438c445c8b55ff7234.png,Babysec
103049,Fralda Babysec Ultrasec Galinha Pintadinha Mega Tamanho XXG 28 Unidades,Fralda Babysec Ultrasec Galinha Pintadinha Mega Tamanho XXG 28 Unidades,in stock,new,46.99 BRL,https://loja.redecentralfarma.com.br/,https://d22vuod48cepji.cloudfront.net/ib.item.image.large/l-64caee8d39684fe4a01469a77b183ce0.png,Baby sec
115268,Fralda Bem Care Adulta Pants Tamanho P/M Pacote com 16 Unidades,Fralda Bem Care Adulta Pants Tamanho P/M Pacote com 16 Unidades,in stock,new,48.29 BRL,https://loja.redecentralfarma.com.br/,https://d22vuod48cepji.cloudfront.net/ib.item.image.large/l-bdba2b37e3cf4c4e915620a729454a29.png,Bem Care
107750,Fralda Bummis Magics Premium Hiper EG 58 Unidades,Fralda Bummis Magics Premium Hiper EG 58 Unidades,in stock,new,83.99 BRL,https://loja.redecentralfarma.com.br/,https://d22vuod48cepji.cloudfront.net/ib.item.image.large/l-7b4c0bc48cae47779738c345cd96d4d6.jpeg,Bummis
107749,Fralda Bummis Premium Hiper G 60Un,Fralda Bummis Premium Hiper G 60Un,in stock,new,83.99 BRL,https://loja.redecentralfarma.com.br/,https://d22vuod48cepji.cloudfront.net/ib.item.image.large/l-4f9f8c2b566e4e6d874c2cc27b0a8933.jpeg,
109002,Fralda Bummis Premiun Hiper XXG 54 Unidades,Fralda Bummis Premiun Hiper XXG 54 Unidades,in stock,new,83.99 BRL,https://loja.redecentralfarma.com.br/,https://d22vuod48cepji.cloudfront.net/ib.item.image.large/l-f727f4e5d4c945efb7cc9426e0932e4d.jpeg,Bummis
115779,Fralda Calça Infantil Premium Dia E Noite Baby Care Tamanho G 60 Unidades,Fralda Calça Infantil Premium Dia E Noite Baby Care Tamanho G 60 Unidades,in stock,new,86.99 BRL,https://loja.redecentralfarma.com.br/,https://d22vuod48cepji.cloudfront.net/ib.item.image.large/l-371ea45a0c49483090ec6a6506f64e9f.webp,Baby Care
115778,Fralda Calça Infantil Premium Dia E Noite Baby Care Tamanho M 68 Unidades,Fralda Calça Infantil Premium Dia E Noite Baby Care Tamanho M 68 Unidades,in stock,new,86.99 BRL,https://loja.redecentralfarma.com.br/,https://d22vuod48cepji.cloudfront.net/ib.item.image.large/l-b7688356880247f1ad7dcb0d6a420a03.webp,Baby Care
115780,Fralda Calça Infantil Premium Dia E Noite Baby Care Tamanho XXG 44 Unidades,Fralda Calça Infantil Premium Dia E Noite Baby Care Tamanho XXG 44 Unidades,in stock,new,86.99 BRL,https://loja.redecentralfarma.com.br/,https://d22vuod48cepji.cloudfront.net/ib.item.image.large/l-a9e44b0de4dd4b29b499660fcb5b9b92.webp,Baby Care
111526,Fralda Descartável Adulto Bigfral Derma Plus G Pacote 16 Unidades Embalagem Econômica,Fralda Descartável Adulto Bigfral Derma Plus G Pacote 16 Unidades Embalagem Econômica,in stock,new,62.49 BRL,https://loja.redecentralfarma.com.br/,https://d22vuod48cepji.cloudfront.net/ib.item.image.large/l-18c2774ed3ad4475a03abe34fa178a27.jpeg,Bigfral
90802,Fralda Descartável Adulto Bigfral Derma Plus M Pacote 8 Unidades,Fralda Descartável Adulto Bigfral Derma Plus M Pacote 8 Unidades,in stock,new,30.49 BRL,https://loja.redecentralfarma.com.br/,https://d22vuod48cepji.cloudfront.net/ib.item.image.large/l-cf4396e3b0b643b4a4fe41d19b684019.jpeg,Bigfral
54570,Fralda Descartável Adulto Bigfral Derma Plus Noturna M Pacote 8 Unidades,Fralda Descartável Adulto Bigfral Derma Plus Noturna M Pacote 8 Unidades,in stock,new,34.79 BRL,https://loja.redecentralfarma.com.br/,https://d22vuod48cepji.cloudfront.net/ib.item.image.large/l-bf5e2900ff6f4f5c9250e3d88a81bc4a.jpeg,Bigfral
112456,Fralda Descartável Adulto Bigfral Derma Plus XG Pacote 14 Unidades Embalagem Econômica,Fralda Descartável Adulto Bigfral Derma Plus XG Pacote 14 Unidades Embalagem Econômica,in stock,new,62.49 BRL,https://loja.redecentralfarma.com.br/,https://d22vuod48cepji.cloudfront.net/ib.item.image.large/l-f9ad3058774b42eca4dd4e4e9015f2e1.jpeg,Bigfral
110881,Fralda Descartável Infantil Huggies Supreme Care XG Pacote 56 Unidades,Fralda Descartável Infantil Huggies Supreme Care XG Pacote 56 Unidades,in stock,new,101.99 BRL,https://loja.redecentralfarma.com.br/,https://d22vuod48cepji.cloudfront.net/ib.item.image.large/l-d247da8a3e0642c89c29e649e0adafd9.jpeg,Huggies
107388,Fralda Descartável Infantil Huggies Tripla Proteção G Pacote 30 Unidades Grátis 2 Fraldas,Fralda Descartável Infantil Huggies Tripla Proteção G Pacote 30 Unidades Grátis 2 Fraldas,in stock,new,40.49 BRL,https://loja.redecentralfarma.com.br/,https://d22vuod48cepji.cloudfront.net/ib.item.image.large/l-384fa2fb8ba740b999b83d5f22e2b460.webp,Huggies
107389,Fralda Descartável Infantil Huggies Tripla Proteção M Pacote 36 Unidades Grátis 2 Fraldas,Fralda Descartável Infantil Huggies Tripla Proteção M Pacote 36 Unidades Grátis 2 Fraldas,in stock,new,40.49 BRL,https://loja.redecentralfarma.com.br/,https://d22vuod48cepji.cloudfront.net/ib.item.image.large/l-6a686558ce234bc8b6cb8a2020894ba8.webp,Huggies
107391,Fralda Descartável Infantil Huggies Tripla Proteção XG Pacote 28 Unidades Grátis 2 Fraldas,Fralda Descartável Infantil Huggies Tripla Proteção XG Pacote 28 Unidades Grátis 2 Fraldas,in stock,new,40.49 BRL,https://loja.redecentralfarma.com.br/,https://d22vuod48cepji.cloudfront.net/ib.item.image.large/l-3352deda9eba44859b86559af1928287.jpeg,Huggies
107392,Fralda Descartável Infantil Huggies Tripla Proteção XXG Pacote 26 Unidades Grátis 2 Fraldas,Fralda Descartável Infantil Huggies Tripla Proteção XXG Pacote 26 Unidades Grátis 2 Fraldas,in stock,new,40.49 BRL,https://loja.redecentralfarma.com.br/,https://d22vuod48cepji.cloudfront.net/ib.item.image.large/l-cd813ca04276401eb35335a455c13f1f.webp,Huggies
107914,Fralda Descartável Infantil Pampers Confort Sec XXG Pacote 56 Unidades Leve Mais Pague Menos,Fralda Descartável Infantil Pampers Confort Sec XXG Pacote 56 Unidades Leve Mais Pague Menos,in stock,new,112.49 BRL,https://loja.redecentralfarma.com.br/,https://d22vuod48cepji.cloudfront.net/ib.item.image.large/l-4b30c279308c40029be1b6a5a9b2552f.jpeg,Pampers
110725,Fralda Descartável Infantil Pants Pampers XXG Pacote 60 Unidades,Fralda Descartável Infantil Pants Pampers XXG Pacote 60 Unidades,in stock,new,139.99 BRL,https://loja.redecentralfarma.com.br/,https://d22vuod48cepji.cloudfront.net/ib.item.image.large/l-3db4a4ba556043c890b9b17e6b15fb2d.jpeg,Pampers
98967,Fralda Descartável Recém-Nascido Huggies Natural Care RN Pacote 34 Unidades,Fralda Descartável Recém-Nascido Huggies Natural Care RN Pacote 34 Unidades,in stock,new,53.99 BRL,https://loja.redecentralfarma.com.br/,https://d22vuod48cepji.cloudfront.net/ib.item.image.large/l-a7336226e83d4365815f4330acd65c73.png,Huggies
107390,Fralda Descartável Recém-Nascido Huggies Tripla Proteção P Pacote 38 Unidades Grátis 2 Fraldas,Fralda Descartável Recém-Nascido Huggies Tripla Proteção P Pacote 38 Unidades Grátis 2 Fraldas,in stock,new,40.49 BRL,https://loja.redecentralfarma.com.br/,https://d22vuod48cepji.cloudfront.net/ib.item.image.large/l-c193affc15c34e3798e4aa2466b49dcd.png,Huggies
113188,Fralda Geriátrica Bigfral Derma Plus Noturna G/XG 16 Unidades,Fralda Geriátrica Bigfral Derma Plus Noturna G/XG 16 Unidades,in stock,new,64.99 BRL,https://loja.redecentralfarma.com.br/,https://d22vuod48cepji.cloudfront.net/ib.item.image.large/l-1c61364ad5e841b1b63052f461478659.jpg,Bigfral
112543,Fralda Geriátrica Derma Plus Noturna Bigfral G 16 Unidades,Fralda Geriátrica Derma Plus Noturna Bigfral G 16 Unidades,in stock,new,69.99 BRL,https://loja.redecentralfarma.com.br/,https://d22vuod48cepji.cloudfront.net/ib.item.image.large/l-6b54c6c9269a4a90a1f1b59e0fa68afe.webp,Bigfral
115480,Fralda Geriátrica Health Sênior Tamanho XG 26 unidades,Fralda Geriátrica Health Sênior Tamanho XG 26 unidades,in stock,new,73.49 BRL,https://loja.redecentralfarma.com.br/,https://d22vuod48cepji.cloudfront.net/ib.item.image.large/l-b734cde9c2584396add7f2f26c86c1e1.webp,Health
112927,Fralda Geriátrica Plenitud Protect Plus Noturna G/XG 24 Unidades,Fralda Geriátrica Plenitud Protect Plus Noturna G/XG 24 Unidades,in stock,new,113.99 BRL,https://loja.redecentralfarma.com.br/,https://d22vuod48cepji.cloudfront.net/ib.item.image.large/l-f289b4c37858447db54be7e57a8639a2.png,Plenitud
111863,Fralda Geriatrica Tena  Pants Confort G/EG 32UN,Fralda Geriatrica Tena  Pants Confort G/EG 32UN,in stock,new,134.99 BRL,https://loja.redecentralfarma.com.br/,https://d22vuod48cepji.cloudfront.net/ib.item.image.large/l-4677602fd45b425599261c565f594b5b.jpeg,Tena Pants
110853,Fralda Geríatrica Tena Pants Noturna G/EG 32 Unidades,Fralda Geríatrica Tena Pants Noturna G/EG 32 Unidades,in stock,new,161.49 BRL,https://loja.redecentralfarma.com.br/,https://d22vuod48cepji.cloudfront.net/ib.item.image.large/l-aaacee5fb39a46759269f7bd6f2f7d40.webp,Tena
110723,Fralda Geriatrica Tena Pants Noturna Tamanho P/M 32 Unidades,Fralda Geriatrica Tena Pants Noturna Tamanho P/M 32 Unidades,in stock,new,161.49 BRL,https://loja.redecentralfarma.com.br/,https://d22vuod48cepji.cloudfront.net/ib.item.image.large/l-834f06d4a22449c8a98e5f7ccd7acea1.jpeg,Tena
113771,Fralda Geriátrica Vitaplus Sênior Econômica Tamanho P 20 Unidades,Fralda Geriátrica Vitaplus Sênior Econômica Tamanho P 20 Unidades,in stock,new,40.99 BRL,https://loja.redecentralfarma.com.br/,https://d22vuod48cepji.cloudfront.net/ib.item.image.large/l-f51ba458f4d946cf8b6c7e5b96fc16cc.jpeg,Vitaplus
111835,Fralda Huggies Supreme Care Leve+ Pague- Xxg 80Un,Fralda Huggies Supreme Care Leve+ Pague- Xxg 80Un,in stock,new,141.99 BRL,https://loja.redecentralfarma.com.br/,https://d22vuod48cepji.cloudfront.net/ib.item.image.large/l-3442f2021e484b2c9e275b8c24b80498.jpeg,Huggies
110728,Fralda Pampers Pants Ajuste Total Tamanho XXXG 54 Unidades,Fralda Pampers Pants Ajuste Total Tamanho XXXG 54 Unidades,in stock,new,139.99 BRL,https://loja.redecentralfarma.com.br/,https://d22vuod48cepji.cloudfront.net/ib.item.image.large/l-33a1712038ca453db0c2bbc86fe925f9.webp,Pampers
111828,Fralda Supreme Care Max Huggies XXXG 70 Unidades,Fralda Supreme Care Max Huggies XXXG 70 Unidades,in stock,new,141.99 BRL,https://loja.redecentralfarma.com.br/,https://d22vuod48cepji.cloudfront.net/ib.item.image.large/l-25ae584c28f04b9ba4c1f5f2a5c2c9db.webp,Huggies
113773,Fralda Vitaplus Senior Econômica G 20 Unidades,Fralda Vitaplus Senior Econômica G 20 Unidades,in stock,new,40.99 BRL,https://loja.redecentralfarma.com.br/,https://d22vuod48cepji.cloudfront.net/ib.item.image.large/l-237608ae81ab4c8192b7900247114953.webp,Vitaplus
113772,Fralda Vitaplus Senior Econômica M 20 Unidades,Fralda Vitaplus Senior Econômica M 20 Unidades,in stock,new,40.99 BRL,https://loja.redecentralfarma.com.br/,https://d22vuod48cepji.cloudfront.net/ib.item.image.large/l-daaed7a4c78c45eaac9f9f118b49a885.webp,Vitaplus
113774,Fralda Vitaplus Senior Econômica XG 18 Unidades,Fralda Vitaplus Senior Econômica XG 18 Unidades,in stock,new,40.99 BRL,https://loja.redecentralfarma.com.br/,https://d22vuod48cepji.cloudfront.net/ib.item.image.large/l-ad9b91f335bb4665b941f5e3420ebca2.webp,Vitaplus
102232,Gargantilha Vivence Paris Folheado Ouro,Gargantilha Vivence Paris Folheado Ouro,in stock,new,50.49 BRL,https://loja.redecentralfarma.com.br/,https://d22vuod48cepji.cloudfront.net/ib.item.image.large/l-6178d3c3922946479d8f25328a7147f2.png,
115432,Gel Capilar Fixação Forte Dermunn 300g,Gel Capilar Fixação Forte Dermunn 300g,in stock,new,14.99 BRL,https://loja.redecentralfarma.com.br/,https://d22vuod48cepji.cloudfront.net/ib.item.image.large/l-2efe5cc8b86d4a699dbb368148fb4d1d.webp,Dermunn
116218,Gel Capilar Fixação Mega Forte Bem Care 300g,Gel Capilar Fixação Mega Forte Bem Care 300g,in stock,new,16.29 BRL,https://loja.redecentralfarma.com.br/,https://d22vuod48cepji.cloudfront.net/ib.item.image.large/l-ad51cffef3534d9b99a16fb48ca1e3ee.webp,Bem Care
106509,Gel de Limpeza GL-02 Principia 350G,Gel de Limpeza GL-02 Principia 350G,in stock,new,49.99 BRL,https://loja.redecentralfarma.com.br/,https://d22vuod48cepji.cloudfront.net/ib.item.image.large/l-25896de00ba4467e96dd2e351968f787.jpeg,Principia
43289,Gel de Silicone para Cicatrizes Kelo-Cote Caixa 15g,Gel de Silicone para Cicatrizes Kelo-Cote Caixa 15g,in stock,new,229.99 BRL,https://loja.redecentralfarma.com.br/,https://d22vuod48cepji.cloudfront.net/ib.item.image.large/l-28c28d3529ed4a408132061f68d5216d.jpeg,Kelo-Cote
115401,Gel Facial Secativo Pele Oleosa e Acne Dermunn 20g,Gel Facial Secativo Pele Oleosa e Acne Dermunn 20g,in stock,new,17.49 BRL,https://loja.redecentralfarma.com.br/,https://d22vuod48cepji.cloudfront.net/ib.item.image.large/l-36f9d16bb11c479eadcc8ae359fb7f9b.webp,Dermunn
3672,Gel Fixador Mega Forte Ny. Looks Frasco 240g,Gel Fixador Mega Forte Ny. Looks Frasco 240g,in stock,new,12.79 BRL,https://loja.redecentralfarma.com.br/,https://d22vuod48cepji.cloudfront.net/ib.item.image.large/l-5c89bc9d965c42d1b8cc16630091deec.jpeg,Ny. Looks
67020,Gel Lubrificante Íntimo K-Med Bisnaga 100g,Gel Lubrificante Íntimo K-Med Bisnaga 100g,in stock,new,23.99 BRL,https://loja.redecentralfarma.com.br/,https://d22vuod48cepji.cloudfront.net/ib.item.image.large/l-d01fa1ff052544639f7a2feaca59d63e.jpeg,K-Med
108962,Gel Pós-Sol Dermunn 200g,Gel Pós-Sol Dermunn 200g,in stock,new,19.99 BRL,https://loja.redecentralfarma.com.br/,https://d22vuod48cepji.cloudfront.net/ib.item.image.large/l-410384e952334daaa8e0ed2393422cfd.webp,Dermunn
59643,Hair Spray Extraforte Karina Controle & Volume Frasco 400ml,Hair Spray Extraforte Karina Controle & Volume Frasco 400ml,in stock,new,34.49 BRL,https://loja.redecentralfarma.com.br/,https://d22vuod48cepji.cloudfront.net/ib.item.image.large/l-3411d79188d240ec922d51afbffaafcf.jpeg,Karina
115774,Hastes Flexíveis Bem Care 150 Unidades,Hastes Flexíveis Bem Care 150 Unidades,in stock,new,10.99 BRL,https://loja.redecentralfarma.com.br/,https://d22vuod48cepji.cloudfront.net/ib.item.image.large/l-6710f9c39f3041688efbab33ea30ae40.webp,Bem Care
115772,Hastes Flexíveis Bem Care Baby 50 Unidades,Hastes Flexíveis Bem Care Baby 50 Unidades,in stock,new,10.99 BRL,https://loja.redecentralfarma.com.br/,https://d22vuod48cepji.cloudfront.net/ib.item.image.large/l-4b43f4040875426981a49427d0fd4dd4.webp,Bem Care
115773,Hastes Flexíveis Ecológicas Bem Care 150 Unidades,Hastes Flexíveis Ecológicas Bem Care 150 Unidades,in stock,new,12.49 BRL,https://loja.redecentralfarma.com.br/,https://d22vuod48cepji.cloudfront.net/ib.item.image.large/l-6c288ede92f644d5b2331504b359e48a.webp,Bem Care
2911,Hastes Flexíveis Johnson & Johnson Cotonetes Caixa 150 Unidades Embalagem Econômica,Hastes Flexíveis Johnson & Johnson Cotonetes Caixa 150 Unidades Embalagem Econômica,in stock,new,14.99 BRL,https://loja.redecentralfarma.com.br/,https://d22vuod48cepji.cloudfront.net/ib.item.image.large/l-f290690024d44bc190b7f13317c6ad4d.jpeg,Johnson & Johnson
2243,Hastes Flexíveis Johnson & Johnson Cotonetes Caixa 75 Unidades,Hastes Flexíveis Johnson & Johnson Cotonetes Caixa 75 Unidades,in stock,new,7.99 BRL,https://loja.redecentralfarma.com.br/,https://d22vuod48cepji.cloudfront.net/ib.item.image.large/l-e3306cfd68d44d1981249e5e6cf1c8c5.jpeg,Johnson & Johnson
94726,Hidrat Facial Dermunn Acido Glicolico 50G,Hidrat Facial Dermunn Acido Glicolico 50G,in stock,new,31.79 BRL,https://loja.redecentralfarma.com.br/,https://d22vuod48cepji.cloudfront.net/ib.item.image.large/l-fa028776bba84d9db826104faf1abee7.png,
94728,Hidrat Facial Dermunn Noturno Coenzima Q10 50G,Hidrat Facial Dermunn Noturno Coenzima Q10 50G,in stock,new,23.49 BRL,https://loja.redecentralfarma.com.br/,https://d22vuod48cepji.cloudfront.net/ib.item.image.large/l-8dee524e251144b0b566636d6e5db51a.png,
115435,Hidratante Corporal Infantil Baby Care 250ml,Hidratante Corporal Infantil Baby Care 250ml,in stock,new,21.49 BRL,https://loja.redecentralfarma.com.br/,https://d22vuod48cepji.cloudfront.net/ib.item.image.large/l-86dbcba02db14fbfa3892374626ab49a.webp,Baby Care
106955,Hidratante Facial Creme Controle Sinais Dermunn 100g,Hidratante Facial Creme Controle Sinais Dermunn 100g,in stock,new,30.29 BRL,https://loja.redecentralfarma.com.br/,https://d22vuod48cepji.cloudfront.net/ib.item.image.large/l-e97beb70c0f143e495810afd43f31fb6.jpeg,Dermunn
106954,Hidratante Facial Creme Nutritivo  Dermunn 100g,Hidratante Facial Creme Nutritivo  Dermunn 100g,in stock,new,29.29 BRL,https://loja.redecentralfarma.com.br/,https://d22vuod48cepji.cloudfront.net/ib.item.image.large/l-23357656e3784e978cef901ae636fcee.jpeg,Dermunn
106953,Hidratante Facial Gel Dermunn 100g,Hidratante Facial Gel Dermunn 100g,in stock,new,24.79 BRL,https://loja.redecentralfarma.com.br/,https://d22vuod48cepji.cloudfront.net/ib.item.image.large/l-1c5374bddff248bcb771197a64fd4335.jpeg,Dermunn
94727,Hidratante Facial Vitamina Dermunn C 50g,Hidratante Facial Vitamina Dermunn C 50g,in stock,new,28.79 BRL,https://loja.redecentralfarma.com.br/,https://d22vuod48cepji.cloudfront.net/ib.item.image.large/l-9913d3ff5a27418baaec4a908f1f5a5e.png,Dermunn
54664,Hidratante Multirestaurador Benpantol Derma 20G Pele Extrasseca,Hidratante Multirestaurador Benpantol Derma 20G Pele Extrasseca,in stock,new,39.99 BRL,https://loja.redecentralfarma.com.br/,https://d22vuod48cepji.cloudfront.net/ib.item.image.large/l-f18da8d3e27941fcb3bf196e4bafcca8.png,
115537,Illus Condicionador Blondliss Matizador E Iluminador 300 Ml,Illus Condicionador Blondliss Matizador E Iluminador 300 Ml,in stock,new,37.29 BRL,https://loja.redecentralfarma.com.br/,https://raw.githubusercontent.com/redecentralauditoria-cmyk/feed-catalogo-lojas/main/sem_foto.png,Rede Central
115539,Illus Condicionador Hidrata Hidratação E Recuperação 300Ml,Illus Condicionador Hidrata Hidratação E Recuperação 300Ml,in stock,new,37.29 BRL,https://loja.redecentralfarma.com.br/,https://raw.githubusercontent.com/redecentralauditoria-cmyk/feed-catalogo-lojas/main/sem_foto.png,Rede Central
115540,Illus Shampoo Blondliss Matizador E Iluminador 300 Ml,Illus Shampoo Blondliss Matizador E Iluminador 300 Ml,in stock,new,29.99 BRL,https://loja.redecentralfarma.com.br/,https://raw.githubusercontent.com/redecentralauditoria-cmyk/feed-catalogo-lojas/main/sem_foto.png,Rede Central
115541,Illus Shampoo Hidrata Hidratação E Recuperação 300Ml,Illus Shampoo Hidrata Hidratação E Recuperação 300Ml,in stock,new,29.99 BRL,https://loja.redecentralfarma.com.br/,https://raw.githubusercontent.com/redecentralauditoria-cmyk/feed-catalogo-lojas/main/sem_foto.png,Rede Central
115542,Illus Shampoo Reconst Reconstrução E Reativação 300Ml,Illus Shampoo Reconst Reconstrução E Reativação 300Ml,in stock,new,29.99 BRL,https://loja.redecentralfarma.com.br/,https://raw.githubusercontent.com/redecentralauditoria-cmyk/feed-catalogo-lojas/main/sem_foto.png,Rede Central
59855,Inalador Nebulisador Compact Dci G-Tech,Inalador Nebulisador Compact Dci G-Tech,in stock,new,136.99 BRL,https://loja.redecentralfarma.com.br/,https://d22vuod48cepji.cloudfront.net/ib.item.image.large/l-6e7ba498221941d6bc1d5a1b4be6596c.jpeg,
111156,Inalador Nebulisador Desk DC1 G-Tech,Inalador Nebulisador Desk DC1 G-Tech,in stock,new,141.49 BRL,https://loja.redecentralfarma.com.br/,https://d22vuod48cepji.cloudfront.net/ib.item.image.large/l-dd50d8d03a3d4057b3de0608da8ef6b2.webp,G-Tech
4198,Isotônico Limão Gatorade Garrafa 500ml,Isotônico Limão Gatorade Garrafa 500ml,in stock,new,8.99 BRL,https://loja.redecentralfarma.com.br/,https://d22vuod48cepji.cloudfront.net/ib.item.image.large/l-cd660240c75440058f619dbb3235bcf8.jpeg,Gatorade
3633,Isotônico Morango e Maracujá Gatorade Garrafa 500ml,Isotônico Morango e Maracujá Gatorade Garrafa 500ml,in stock,new,8.99 BRL,https://loja.redecentralfarma.com.br/,https://d22vuod48cepji.cloudfront.net/ib.item.image.large/l-62af2cfe00d84d45a7c4581daf4e153c.jpeg,Gatorade
93301,Joelheira Neo Preto Ajustavel,Joelheira Neo Preto Ajustavel,in stock,new,77.49 BRL,https://loja.redecentralfarma.com.br/,https://d22vuod48cepji.cloudfront.net/ib.item.image.large/l-c52e1eb613924195a0699b52f5e2888b.png,
93304,Joelheira Neo Preto G,Joelheira Neo Preto G,in stock,new,54.99 BRL,https://loja.redecentralfarma.com.br/,https://d22vuod48cepji.cloudfront.net/ib.item.image.large/l-bb5bb2e2f7fc42af9d8443e3f1f1f3be.jpeg,
114193,Kinder Joy 20g,Kinder Joy 20g,in stock,new,14.49 BRL,https://loja.redecentralfarma.com.br/,https://d22vuod48cepji.cloudfront.net/ib.item.image.large/l-371678329dfd4104af7f545a112eb291.png,Ferrero
106149,Kit Bem Care Sab Intimo Jasmim Lv2 Pg1 200+200Ml,Kit Bem Care Sab Intimo Jasmim Lv2 Pg1 200+200Ml,in stock,new,24.49 BRL,https://loja.redecentralfarma.com.br/,https://d22vuod48cepji.cloudfront.net/ib.item.image.large/l-e6f10a3d5d294857bdfed2ff2ee1b91c.jpeg,
85110,Kit Bem Care Sab Intimo Lv2 Pg1 200+200Ml Gratis,Kit Bem Care Sab Intimo Lv2 Pg1 200+200Ml Gratis,in stock,new,24.49 BRL,https://loja.redecentralfarma.com.br/,https://d22vuod48cepji.cloudfront.net/ib.item.image.large/l-2347e64f61244414b56692ebee801b97.jpeg,
70958,Kit Coloração Creme 1 Preto Jabuticaba Alfaparf Alta Moda É...,Kit Coloração Creme 1 Preto Jabuticaba Alfaparf Alta Moda É...,in stock,new,16.99 BRL,https://loja.redecentralfarma.com.br/,https://d22vuod48cepji.cloudfront.net/ib.item.image.large/l-711201e47b0c48cb9312b7abf8b2f052.jpeg,Alfaparf
2382,Kit Coloração Creme 20 Preto Wella Koleston,Kit Coloração Creme 20 Preto Wella Koleston,in stock,new,29.99 BRL,https://loja.redecentralfarma.com.br/,https://d22vuod48cepji.cloudfront.net/ib.item.image.large/l-577a3208189541afa5168cae1a262284.jpeg,Wella
43026,Kit Coloração Creme 28 Preto Azulado Wella Koleston,Kit Coloração Creme 28 Preto Azulado Wella Koleston,in stock,new,29.99 BRL,https://loja.redecentralfarma.com.br/,https://d22vuod48cepji.cloudfront.net/ib.item.image.large/l-7ae30af933b54a4b8faa7164402e7b21.jpeg,Wella
2406,Kit Coloração Creme 30 Castanho Escuro Wella Koleston,Kit Coloração Creme 30 Castanho Escuro Wella Koleston,in stock,new,29.99 BRL,https://loja.redecentralfarma.com.br/,https://d22vuod48cepji.cloudfront.net/ib.item.image.large/l-b01ee965a07c4d4aba0424b06b3fd830.png,Wella
70960,Kit Coloração Creme 4 Castanho Médio Alfaparf Alta Moda É...,Kit Coloração Creme 4 Castanho Médio Alfaparf Alta Moda É...,in stock,new,16.99 BRL,https://loja.redecentralfarma.com.br/,https://d22vuod48cepji.cloudfront.net/ib.item.image.large/l-756dc6b89b054566a43fd422aae61239.jpeg,Alfaparf
2407,Kit Coloração Creme 40 Castanho Médio Wella Koleston,Kit Coloração Creme 40 Castanho Médio Wella Koleston,in stock,new,29.99 BRL,https://loja.redecentralfarma.com.br/,https://d22vuod48cepji.cloudfront.net/ib.item.image.large/l-e1f4bc82cbef439bbc2725209f1d26ab.jpeg,Wella
70961,Kit Coloração Creme 5 Castanho Claro Alfaparf Alta Moda É...,Kit Coloração Creme 5 Castanho Claro Alfaparf Alta Moda É...,in stock,new,16.99 BRL,https://loja.redecentralfarma.com.br/,https://d22vuod48cepji.cloudfront.net/ib.item.image.large/l-d8c0ee1b0de04d44b93eb19b4208fcd6.jpeg,Alfaparf
2408,Kit Coloração Creme 50 Castanho Claro Wella Koleston,Kit Coloração Creme 50 Castanho Claro Wella Koleston,in stock,new,29.99 BRL,https://loja.redecentralfarma.com.br/,https://d22vuod48cepji.cloudfront.net/ib.item.image.large/l-44d5ae383b304e9ba306ad8943b0556e.png,Wella
70962,Kit Coloração Creme 6 Louro Escuro Alfaparf Alta Moda É...,Kit Coloração Creme 6 Louro Escuro Alfaparf Alta Moda É...,in stock,new,16.99 BRL,https://loja.redecentralfarma.com.br/,https://d22vuod48cepji.cloudfront.net/ib.item.image.large/l-c7af8706c7b84428abee21631f18a322.jpeg,Alfaparf
2539,Kit Coloração Creme 60 Louro Escuro Wella Koleston,Kit Coloração Creme 60 Louro Escuro Wella Koleston,in stock,new,29.99 BRL,https://loja.redecentralfarma.com.br/,https://d22vuod48cepji.cloudfront.net/ib.item.image.large/l-7c2e35579b784fe2981e4f31d5bd05c7.jpeg,Wella
2383,Kit Coloração Creme 67 Chocolate Wella Koleston,Kit Coloração Creme 67 Chocolate Wella Koleston,in stock,new,29.99 BRL,https://loja.redecentralfarma.com.br/,https://d22vuod48cepji.cloudfront.net/ib.item.image.large/l-25a64f1696a745978e022254c970d732.jpeg,Wella
2517,Kit Coloração Creme 7 Louro Natural L'oréal Paris Imédia Excellence,Kit Coloração Creme 7 Louro Natural L'oréal Paris Imédia Excellence,in stock,new,39.79 BRL,https://loja.redecentralfarma.com.br/,https://d22vuod48cepji.cloudfront.net/ib.item.image.large/l-d6690b3e96af42ee90eb1648ab82b7d2.jpeg,L'oréal Paris
2540,Kit Coloração Creme 70 Louro Médio Wella Koleston,Kit Coloração Creme 70 Louro Médio Wella Koleston,in stock,new,29.99 BRL,https://loja.redecentralfarma.com.br/,https://d22vuod48cepji.cloudfront.net/ib.item.image.large/l-53e588aa66844552b07bab2ac7ac15d9.jpeg,Wella
107332,Kit Dermunn Fps50 200G+Facial Fps50 50G,Kit Dermunn Fps50 200G+Facial Fps50 50G,in stock,new,59.99 BRL,https://loja.redecentralfarma.com.br/,https://d22vuod48cepji.cloudfront.net/ib.item.image.large/l-1be887069eda4167bc7465e8355677ed.png,
114985,Kit Doce Shampoo + Condicionador Reconst + Aminoacido 350ml + 175ml,Kit Doce Shampoo + Condicionador Reconst + Aminoacido 350ml + 175ml,in stock,new,32.49 BRL,https://loja.redecentralfarma.com.br/,https://d22vuod48cepji.cloudfront.net/ib.item.image.large/l-5a1ecdf532d34216ac319f568f88ada2.png,Dove
114123,Kit Dove Hidratação + Hialuron-VIT Shampoo 350ml + Condicionador 175ml,Kit Dove Hidratação + Hialuron-VIT Shampoo 350ml + Condicionador 175ml,in stock,new,32.49 BRL,https://loja.redecentralfarma.com.br/,https://d22vuod48cepji.cloudfront.net/ib.item.image.large/l-ba5439aae39c4cefb7647e6cb4fc2904.png,Dove
114523,Kit Elseve Shampoo 375ml + Condicionador 170ml Collagen Lifter L'oréal Paris,Kit Elseve Shampoo 375ml + Condicionador 170ml Collagen Lifter L'oréal Paris,in stock,new,42.99 BRL,https://loja.redecentralfarma.com.br/,https://d22vuod48cepji.cloudfront.net/ib.item.image.large/l-5aa944a63b53476c8391f8c208b9aaf3.png,Elseve
78514,Kit Elseve Shampoo 375ml + Condicionador 170ml Elseve Reparação Total 5 L'Oréal Paris,Kit Elseve Shampoo 375ml + Condicionador 170ml Elseve Reparação Total 5 L'Oréal Paris,in stock,new,42.99 BRL,https://loja.redecentralfarma.com.br/,https://d22vuod48cepji.cloudfront.net/ib.item.image.large/l-1190d55532ef4335ab2c5169bca8379e.jpeg,Elseve
106060,Kit Elseve Shampoo 375ml + Condicionador 170ml Glycolic Gloss L'oréal Paris,Kit Elseve Shampoo 375ml + Condicionador 170ml Glycolic Gloss L'oréal Paris,in stock,new,42.99 BRL,https://loja.redecentralfarma.com.br/,https://d22vuod48cepji.cloudfront.net/ib.item.image.large/l-ce5149cee2b54240bbd1d0ed976d44bb.png,Elseve
110131,Kit Elseve Shampoo 375ml + Condicionador 170ml Liso dos Sonhos L'oréal Paris,Kit Elseve Shampoo 375ml + Condicionador 170ml Liso dos Sonhos L'oréal Paris,in stock,new,42.99 BRL,https://loja.redecentralfarma.com.br/,https://d22vuod48cepji.cloudfront.net/ib.item.image.large/l-54d1a7fb953c43708e97cec71653202d.jpeg,L'oréal Paris
105714,Kit Elseve Shampoo 375ml + Condicionador 170ml Óleo Extraordinário L'Oréal Paris,Kit Elseve Shampoo 375ml + Condicionador 170ml Óleo Extraordinário L'Oréal Paris,in stock,new,42.99 BRL,https://loja.redecentralfarma.com.br/,https://d22vuod48cepji.cloudfront.net/ib.item.image.large/l-747b53e3da8642b28597092f4d4d19fe.jpeg,Elseve
110139,Kit Elseve Shampoo 375ml + Condicionador 170ml Pure Hialurônico L'Oréal Paris,Kit Elseve Shampoo 375ml + Condicionador 170ml Pure Hialurônico L'Oréal Paris,in stock,new,42.99 BRL,https://loja.redecentralfarma.com.br/,https://d22vuod48cepji.cloudfront.net/ib.item.image.large/l-90ab2fb5844c488c9dfd1dda672cba88.jpeg,Elseve
114098,Kit Fórmula Infantil Aptanutri Premium 3 Danone 1 a 3 anos 800g 2 unidades,Kit Fórmula Infantil Aptanutri Premium 3 Danone 1 a 3 anos 800g 2 unidades,in stock,new,133.29 BRL,https://loja.redecentralfarma.com.br/,https://d22vuod48cepji.cloudfront.net/ib.item.image.large/l-fef4bf95e808452a84b3d795bfc48dee.webp,Danone
70229,Kit Pantene 2X1 Shampoo 400Ml+Condicionador 175Ml Hidratação,Kit Pantene 2X1 Shampoo 400Ml+Condicionador 175Ml Hidratação,in stock,new,44.49 BRL,https://loja.redecentralfarma.com.br/,https://d22vuod48cepji.cloudfront.net/ib.item.image.large/l-e06ab755cc7148f1b03725e199b53678.jpg,
107331,Kit Proteção Familiar FPS 50 Adulto 200g FPS 50 Infantil  Dermunn 200g,Kit Proteção Familiar FPS 50 Adulto 200g FPS 50 Infantil  Dermunn 200g,in stock,new,73.99 BRL,https://loja.redecentralfarma.com.br/,https://d22vuod48cepji.cloudfront.net/ib.item.image.large/l-779e6d66cebf4be4a76001c8bcaf0dc5.webp,Dermunn
115931,Kit Shampoo + Condicionador Mega Crescimento 300ml+190ml Seda,Kit Shampoo + Condicionador Mega Crescimento 300ml+190ml Seda,in stock,new,21.99 BRL,https://loja.redecentralfarma.com.br/,https://d22vuod48cepji.cloudfront.net/ib.item.image.large/l-f2247feb06bd42bba6585fcf26016733.jpeg,Seda
107709,Kit Shampoo + Condicionador Seda Cocriações Liso Perfeito 325ml Cada,Kit Shampoo + Condicionador Seda Cocriações Liso Perfeito 325ml Cada,in stock,new,21.99 BRL,https://loja.redecentralfarma.com.br/,https://d22vuod48cepji.cloudfront.net/ib.item.image.large/l-488e91351cdc4a86aa7a329ae254e1ff.jpeg,Seda
116448,Kit Shampoo 300ml + Condicionador 300ml Óleo de Rícino Illus,Kit Shampoo 300ml + Condicionador 300ml Óleo de Rícino Illus,in stock,new,28.99 BRL,https://loja.redecentralfarma.com.br/,https://d22vuod48cepji.cloudfront.net/ib.item.image.large/l-97f84157ec5543a380df31fb9bcda037.webp,Illus
107287,Kit Shampoo 350ml + Condicionador 150ml Dove Bond Intense Repair,Kit Shampoo 350ml + Condicionador 150ml Dove Bond Intense Repair,in stock,new,32.49 BRL,https://loja.redecentralfarma.com.br/,https://d22vuod48cepji.cloudfront.net/ib.item.image.large/l-c79b72b5965b4f578fb3ed3b549de213.png,Dove
112684,Kit Shampoo 400ml + Condicionador 200ml Dove Nutritive Solutions Óleo Nutrição,Kit Shampoo 400ml + Condicionador 200ml Dove Nutritive Solutions Óleo Nutrição,in stock,new,32.49 BRL,https://loja.redecentralfarma.com.br/,https://d22vuod48cepji.cloudfront.net/ib.item.image.large/l-5f69f08ca5fe4e858040f8d5a191a41a.jpeg,Dove
65092,Kit Tintura Creme 1.0 Preto Maxton,Kit Tintura Creme 1.0 Preto Maxton,in stock,new,15.79 BRL,https://loja.redecentralfarma.com.br/,https://d22vuod48cepji.cloudfront.net/ib.item.image.large/l-9c2ff7ff1f0141588697ad25d0edc3e4.jpeg,Maxton
107329,Kit Verão e Piscina Protetor Solar Infantil FPS 50 200g + Gel Pós Sol  Dermunn 200g,Kit Verão e Piscina Protetor Solar Infantil FPS 50 200g + Gel Pós Sol  Dermunn 200g,in stock,new,51.99 BRL,https://loja.redecentralfarma.com.br/,https://d22vuod48cepji.cloudfront.net/ib.item.image.large/l-562c964727da4d5c849f37198cceff6b.png,Dermunn
113430,Leave-in Sérum Capilar Elseve Collagen Lifter Injeção de Massa 100ml,Leave-in Sérum Capilar Elseve Collagen Lifter Injeção de Massa 100ml,in stock,new,52.99 BRL,https://loja.redecentralfarma.com.br/,https://d22vuod48cepji.cloudfront.net/ib.item.image.large/l-f21496c4ec7f48df9f0d55c8e5208968.jpg,Elseve
109151,Leave-In Sérum L'oréal Paris Elseve Liso dos Sonhos Frasco Pump 100ml,Leave-In Sérum L'oréal Paris Elseve Liso dos Sonhos Frasco Pump 100ml,in stock,new,49.99 BRL,https://loja.redecentralfarma.com.br/,https://d22vuod48cepji.cloudfront.net/ib.item.image.large/l-cbfd9bb0de704d5ca77ce859e9c5f1ee.jpg,L'oréal Paris Elseve
93406,Leepz Melatonina 90Cpr,Leepz Melatonina 90Cpr,in stock,new,50.99 BRL,https://loja.redecentralfarma.com.br/,https://d22vuod48cepji.cloudfront.net/ib.item.image.large/l-8368eea992b44e248e3c9099cdd0cf53.jpeg,
106128,Leepz Melatonina Gts Maracuja 30Ml,Leepz Melatonina Gts Maracuja 30Ml,in stock,new,33.99 BRL,https://loja.redecentralfarma.com.br/,https://d22vuod48cepji.cloudfront.net/ib.item.image.large/l-6de18ca7187c4503a67d46cd863bc151.png,
43519,Leite Aptamil 2 800G,Leite Aptamil 2 800G,in stock,new,79.99 BRL,https://loja.redecentralfarma.com.br/,https://d22vuod48cepji.cloudfront.net/ib.item.image.large/l-bd3e7dfd839a4e9bb22cfdf9bbda33b5.png,Aptamil
113433,Leite em Pó Integral Ninho Forti+ Pacote 750g,Leite em Pó Integral Ninho Forti+ Pacote 750g,in stock,new,45.99 BRL,https://loja.redecentralfarma.com.br/,https://d22vuod48cepji.cloudfront.net/ib.item.image.large/l-c3653f805eb843129f31619a48010dad.jpeg,Ninho
2805,Leite em Pó Ninho Integral 380g,Leite em Pó Ninho Integral 380g,in stock,new,26.99 BRL,https://loja.redecentralfarma.com.br/,https://d22vuod48cepji.cloudfront.net/ib.item.image.large/l-a675aa45b2eb4eebbf49026fd3ba5dfb.png,Ninho
85510,Leite Pó Semidesnatado Ninho Idade Escolar Lata 750g,Leite Pó Semidesnatado Ninho Idade Escolar Lata 750g,in stock,new,57.99 BRL,https://loja.redecentralfarma.com.br/,https://d22vuod48cepji.cloudfront.net/ib.item.image.large/l-3de8a155d5584d20bb33d7ef1d89330b.png,Ninho
82194,Lenço Protetor Higifral Tamanho G 5 Unidades,Lenço Protetor Higifral Tamanho G 5 Unidades,in stock,new,36.99 BRL,https://loja.redecentralfarma.com.br/,https://d22vuod48cepji.cloudfront.net/ib.item.image.large/l-c229ac0d8b9c4ef8bfeaacc1ab405c51.webp,Higifral
89118,Lenco Umed Baby Care Premium  50Un,Lenco Umed Baby Care Premium  50Un,in stock,new,9.99 BRL,https://loja.redecentralfarma.com.br/,https://d22vuod48cepji.cloudfront.net/ib.item.image.large/l-557ef65def164614bc9720643bdcb84a.png,
84184,Lenco Umed Baby Care Premium 100Un,Lenco Umed Baby Care Premium 100Un,in stock,new,17.99 BRL,https://loja.redecentralfarma.com.br/,https://d22vuod48cepji.cloudfront.net/ib.item.image.large/l-c502236560cb488b941a7dc11ea7a027.png,
89119,Lenco Umed Baby Care Premium Pack 250Un,Lenco Umed Baby Care Premium Pack 250Un,in stock,new,38.49 BRL,https://loja.redecentralfarma.com.br/,https://d22vuod48cepji.cloudfront.net/ib.item.image.large/l-007962bc7f3c4d5190a2ef1a18b49d6f.jpeg,
78471,Lenco Umed Qualy Baby 50Un Pack Lv3 Pg2Un,Lenco Umed Qualy Baby 50Un Pack Lv3 Pg2Un,in stock,new,19.99 BRL,https://loja.redecentralfarma.com.br/,https://d22vuod48cepji.cloudfront.net/ib.item.image.large/l-b35f66df440248239c823ad967582521.png,
103210,Lenço Umed Qualy Baby Basic  50Un,Lenço Umed Qualy Baby Basic  50Un,in stock,new,7.79 BRL,https://loja.redecentralfarma.com.br/,https://d22vuod48cepji.cloudfront.net/ib.item.image.large/l-68663fd6cb8b462e93ea14c2eac737b5.jpeg,
103211,Lenco Umed Qualy Baby Basic 300Un,Lenco Umed Qualy Baby Basic 300Un,in stock,new,31.99 BRL,https://loja.redecentralfarma.com.br/,https://d22vuod48cepji.cloudfront.net/ib.item.image.large/l-c084187ed58f4674bddddd7b09cd9578.png,
110671,Lenço Umedecido Personalidade Baby 100 und.,Lenço Umedecido Personalidade Baby 100 und.,in stock,new,19.99 BRL,https://loja.redecentralfarma.com.br/,https://d22vuod48cepji.cloudfront.net/ib.item.image.large/l-e02a9a7ba2b248e9bce1fe95e439b06e.jpeg,Personalidade
94725,Loção Corporal Dermunn de Ureia 10% 150g,Loção Corporal Dermunn de Ureia 10% 150g,in stock,new,22.49 BRL,https://loja.redecentralfarma.com.br/,https://d22vuod48cepji.cloudfront.net/ib.item.image.large/l-9e1e9557af624e2da5c60039fb139e53.png,Dermunn
95718,Locao Dermunn Adtsringente P. Oleosa 210Ml,Locao Dermunn Adtsringente P. Oleosa 210Ml,in stock,new,17.99 BRL,https://loja.redecentralfarma.com.br/,https://d22vuod48cepji.cloudfront.net/ib.item.image.large/l-0897657694fb456daca33214ca1db3c2.png,
87548,Locao Hidrat Bem Care Amendoas Doces 400Ml,Locao Hidrat Bem Care Amendoas Doces 400Ml,in stock,new,16.99 BRL,https://loja.redecentralfarma.com.br/,https://d22vuod48cepji.cloudfront.net/ib.item.image.large/l-afaaaefc5289427584b52a05d5269454.png,
85878,Locao Hidrat Bem Care Aveia E Mel 200Ml,Locao Hidrat Bem Care Aveia E Mel 200Ml,in stock,new,11.49 BRL,https://loja.redecentralfarma.com.br/,https://d22vuod48cepji.cloudfront.net/ib.item.image.large/l-59a5be9ae1314ca9b37eb321879a102c.png,
87550,Locao Hidrat Bem Care Aveia E Mel 400Ml,Locao Hidrat Bem Care Aveia E Mel 400Ml,in stock,new,16.99 BRL,https://loja.redecentralfarma.com.br/,https://d22vuod48cepji.cloudfront.net/ib.item.image.large/l-056e188f9b12409c84a0d75a37df4893.png,
87551,Locao Hidrat Bem Care Prot Leite E Colageno 400Ml,Locao Hidrat Bem Care Prot Leite E Colageno 400Ml,in stock,new,16.99 BRL,https://loja.redecentralfarma.com.br/,https://d22vuod48cepji.cloudfront.net/ib.item.image.large/l-c0be9dbcd2c6484fa80a272fe8815d65.png,
115402,Loção Hidratante Corporal Ureia 10% Dermunn 500g,Loção Hidratante Corporal Ureia 10% Dermunn 500g,in stock,new,50.99 BRL,https://loja.redecentralfarma.com.br/,https://d22vuod48cepji.cloudfront.net/ib.item.image.large/l-fd287d0229d4422b87e721b6f113ec6b.webp,Dermunn
71207,Luva Desc Volk G Cx 100Un,Luva Desc Volk G Cx 100Un,in stock,new,37.99 BRL,https://loja.redecentralfarma.com.br/,https://d22vuod48cepji.cloudfront.net/ib.item.image.large/l-f9e721a75d154dd0ae8587cdda294bfd.jpeg,
52598,Luva SANRO PLUS Média,Luva SANRO PLUS Média,in stock,new,37.99 BRL,https://loja.redecentralfarma.com.br/,https://d22vuod48cepji.cloudfront.net/ib.item.image.large/l-b6689d7b7bf149d5a08da84af8945819.jpeg,Sanro Plus
109469,Manitol Solução 20% JP Bolsa 250ml,Manitol Solução 20% JP Bolsa 250ml,in stock,new,21.49 BRL,https://loja.redecentralfarma.com.br/,https://d22vuod48cepji.cloudfront.net/ib.item.image.large/l-0ff7671bd1b841c18d4e6fc804969da9.png,JP Farma
104703,Manteiga Cacau Batom Bem Care (F),Manteiga Cacau Batom Bem Care (F),in stock,new,2.90 BRL,https://loja.redecentralfarma.com.br/,https://d22vuod48cepji.cloudfront.net/ib.item.image.large/l-83800057491b4bc99d0e12051e920847.jpeg,
48858,Meia de Compressão 3/4 Selecta Classic Helanca nº 09 6002,Meia de Compressão 3/4 Selecta Classic Helanca nº 09 6002,in stock,new,397.99 BRL,https://loja.redecentralfarma.com.br/,https://d22vuod48cepji.cloudfront.net/ib.item.image.large/l-21fa70e493204bf8ada90efeb30ecb3f.jpeg,Selecta
48857,MEIA SELECTA HELANCA 30/40 BEGE Nº 08 [6002],MEIA SELECTA HELANCA 30/40 BEGE Nº 08 [6002],in stock,new,397.99 BRL,https://loja.redecentralfarma.com.br/,https://d22vuod48cepji.cloudfront.net/ib.item.image.large/l-46e901af5dd04bc0bfb8f77a419101b2.jpeg,
115427,Mel Melune Premium 200ml,Mel Melune Premium 200ml,in stock,new,18.49 BRL,https://loja.redecentralfarma.com.br/,https://d22vuod48cepji.cloudfront.net/ib.item.image.large/l-1163360900774204a2c8ce501aa38f64.png,Melune
114137,Monitor de Pressão Arterial de Pulso Omron HEM-6181,Monitor de Pressão Arterial de Pulso Omron HEM-6181,in stock,new,169.99 BRL,https://loja.redecentralfarma.com.br/,https://d22vuod48cepji.cloudfront.net/ib.item.image.large/l-554059cfa1d34b1eb25b2374a1bb2709.webp,OMRON Healthcare
72766,Multirreparador Creme Corpo e Rosto sem Perfume La Roche-Posay Cicaplast Baume B5+ Bisnaga 20ml,Multirreparador Creme Corpo e Rosto sem Perfume La Roche-Posay Cicaplast Baume B5+ Bisnaga 20ml,in stock,new,57.99 BRL,https://loja.redecentralfarma.com.br/,https://d22vuod48cepji.cloudfront.net/ib.item.image.large/l-446019f45efa4b5ba57e85fe877e3bda.jpeg,La Roche-Posay
48708,Multirreparador Creme Corpo e Rosto sem Perfume La Roche-Posay Cicaplast Baume B5+ Bisnaga 40ml,Multirreparador Creme Corpo e Rosto sem Perfume La Roche-Posay Cicaplast Baume B5+ Bisnaga 40ml,in stock,new,103.99 BRL,https://loja.redecentralfarma.com.br/,https://d22vuod48cepji.cloudfront.net/ib.item.image.large/l-6f4f972d52d645d4851e6f18a8f24066.webp,La Roche-Posay
93309,Munhequeira Elastica Preto,Munhequeira Elastica Preto,in stock,new,28.49 BRL,https://loja.redecentralfarma.com.br/,https://d22vuod48cepji.cloudfront.net/ib.item.image.large/l-a8bc26cdc7454bd9a1a1a6a5a469b146.jpeg,
93305,Munhequeira Neo Preto Ajustavel,Munhequeira Neo Preto Ajustavel,in stock,new,32.49 BRL,https://loja.redecentralfarma.com.br/,https://d22vuod48cepji.cloudfront.net/ib.item.image.large/l-a1ac018227c844e8b3ffe51c11a2b1ff.jpeg,
115787,Nuripileno Senior Sabor Baunilha 800g,Nuripileno Senior Sabor Baunilha 800g,in stock,new,98.49 BRL,https://loja.redecentralfarma.com.br/,https://d22vuod48cepji.cloudfront.net/ib.item.image.large/l-4fb3fbdc76ec4119a3ca736065ddeaf3.webp,neutraSenior
115233,O Própolis Spray Melune Guaco (30ml),O Própolis Spray Melune Guaco (30ml),in stock,new,10.79 BRL,https://loja.redecentralfarma.com.br/,https://d22vuod48cepji.cloudfront.net/ib.item.image.large/l-4b7a8ff80e2843d0aa69d5387a772fac.png,Melune
110461,Óleo Capilar Nutritvo OX Nutre 120ml,Óleo Capilar Nutritvo OX Nutre 120ml,in stock,new,46.99 BRL,https://loja.redecentralfarma.com.br/,https://d22vuod48cepji.cloudfront.net/ib.item.image.large/l-42a7cff24f8c4144a0dd66ab213c2dda.png,Ox
115434,Óleo Corporal Baby Care Hora De Dormir 110ml,Óleo Corporal Baby Care Hora De Dormir 110ml,in stock,new,24.79 BRL,https://loja.redecentralfarma.com.br/,https://d22vuod48cepji.cloudfront.net/ib.item.image.large/l-9f9b4fc15f4049e4b44eaeba7ba1b120.webp,Baby Care
87552,Oleo De Amendoas Bem Care 100Ml,Oleo De Amendoas Bem Care 100Ml,in stock,new,11.99 BRL,https://loja.redecentralfarma.com.br/,https://d22vuod48cepji.cloudfront.net/ib.item.image.large/l-2ff7acfd1cac4bdabece6e06d0182a7a.png,
87553,Oleo De Amendoas Bem Care 200Ml,Oleo De Amendoas Bem Care 200Ml,in stock,new,17.99 BRL,https://loja.redecentralfarma.com.br/,https://d22vuod48cepji.cloudfront.net/ib.item.image.large/l-40bf819af72e44c594d5978ae4c5a10d.png,
4357,Oleo Natural Rosa Mosqueta 10Ml,Oleo Natural Rosa Mosqueta 10Ml,in stock,new,24.99 BRL,https://loja.redecentralfarma.com.br/,https://d22vuod48cepji.cloudfront.net/ib.item.image.large/l-17d63fe2361b4322a9482612122b4bd6.jpeg,Epilé
57852,Óleo Tratamento L'oréal Paris Elseve Óleo Extraordinário Frasco 100ml,Óleo Tratamento L'oréal Paris Elseve Óleo Extraordinário Frasco 100ml,in stock,new,49.99 BRL,https://loja.redecentralfarma.com.br/,https://d22vuod48cepji.cloudfront.net/ib.item.image.large/l-5bdbca8be52f4acdac114dc7dad5ab10.jpeg,L'oréal Paris
104420,Omega 3 Unifabra 120Cps,Omega 3 Unifabra 120Cps,in stock,new,72.99 BRL,https://loja.redecentralfarma.com.br/,https://d22vuod48cepji.cloudfront.net/ib.item.image.large/l-11a18d47eb5d49e6b9cdac6984ecef2e.png,
111198,Oxímetro Portatil Led - G-Tech,Oxímetro Portatil Led - G-Tech,in stock,new,99.99 BRL,https://loja.redecentralfarma.com.br/,https://d22vuod48cepji.cloudfront.net/ib.item.image.large/l-43be4841962740daa8a18fe5c4393ba4.jpeg,
108790,Pack Sabonete em Barra Original Dove Cartucho 6 Unidades 90g Cada Leve Mais Pague Menos,Pack Sabonete em Barra Original Dove Cartucho 6 Unidades 90g Cada Leve Mais Pague Menos,in stock,new,25.99 BRL,https://loja.redecentralfarma.com.br/,https://d22vuod48cepji.cloudfront.net/ib.item.image.large/l-a77ebeaa3af44126bb38ff7f74d7f18f.jpeg,Dove
96891,Papel Higiênico Folha Dupla Neutro Personal Vip 20m Pacote Leve 12 Pague 11 Unidades,Papel Higiênico Folha Dupla Neutro Personal Vip 20m Pacote Leve 12 Pague 11 Unidades,in stock,new,19.29 BRL,https://loja.redecentralfarma.com.br/,https://d22vuod48cepji.cloudfront.net/ib.item.image.large/l-aa49719347cc42c0bb93580a13f7d040.jpeg,Personal
54591,Pente Fino Marco Boni Aço Inox P/Piolhos,Pente Fino Marco Boni Aço Inox P/Piolhos,in stock,new,18.49 BRL,https://loja.redecentralfarma.com.br/,https://d22vuod48cepji.cloudfront.net/ib.item.image.large/l-68409e6983c445eca552534cb7cb0f48.jpeg,
2038,Pó para Preparo de Bebida Chocolate Sustagen Kids Lata 350g,Pó para Preparo de Bebida Chocolate Sustagen Kids Lata 350g,in stock,new,39.99 BRL,https://loja.redecentralfarma.com.br/,https://d22vuod48cepji.cloudfront.net/ib.item.image.large/l-375c80044c0945ddb97680a02eb4e34c.jpeg,Sustagen
82197,Polimag 60Cps,Polimag 60Cps,in stock,new,69.90 BRL,https://loja.redecentralfarma.com.br/,https://d22vuod48cepji.cloudfront.net/ib.item.image.large/l-7cd81e78f46046958f6ec561c4f05bcf.png,
88276,Polimag Colageno Uc-Ii 40Mg 30Cps,Polimag Colageno Uc-Ii 40Mg 30Cps,in stock,new,51.90 BRL,https://loja.redecentralfarma.com.br/,https://d22vuod48cepji.cloudfront.net/ib.item.image.large/l-741b14c0926d4aa5a9e385d22b717624.png,
115377,Polimag Magnésio Dimalato Bemvita 60 Cápsulas,Polimag Magnésio Dimalato Bemvita 60 Cápsulas,in stock,new,44.99 BRL,https://loja.redecentralfarma.com.br/,https://d22vuod48cepji.cloudfront.net/ib.item.image.large/l-481292035d984503a7cbba9460765894.webp,Bemvita
104749,Polimag Magnesio+Treonina 500Mg 60Cps,Polimag Magnesio+Treonina 500Mg 60Cps,in stock,new,39.49 BRL,https://loja.redecentralfarma.com.br/,https://d22vuod48cepji.cloudfront.net/ib.item.image.large/l-aa436c1efe1a428193e2fd5e9987e7fd.jpeg,
70160,Politabs Bc Liq 240Ml,Politabs Bc Liq 240Ml,in stock,new,51.90 BRL,https://loja.redecentralfarma.com.br/,https://d22vuod48cepji.cloudfront.net/ib.item.image.large/l-ff983a4d6ee748e2a044d9d831a18324.png,
71575,Politabs Calcio Mdk 60Cps,Politabs Calcio Mdk 60Cps,in stock,new,69.90 BRL,https://loja.redecentralfarma.com.br/,https://d22vuod48cepji.cloudfront.net/ib.item.image.large/l-456341bf81154d3b9fca4f32cdc922ed.png,
88290,Politabs Colágeno Tipo II 40mg 30 Cápsulas Politabs Cálcio MDK2 60 Cápsulas,Politabs Colágeno Tipo II 40mg 30 Cápsulas Politabs Cálcio MDK2 60 Cápsulas,in stock,new,84.90 BRL,https://loja.redecentralfarma.com.br/,https://d22vuod48cepji.cloudfront.net/ib.item.image.large/l-b494f8fbefde4283b44c1f2284c91b21.png,Ecofitus
71576,Politabs Energy 60Cps,Politabs Energy 60Cps,in stock,new,69.90 BRL,https://loja.redecentralfarma.com.br/,https://d22vuod48cepji.cloudfront.net/ib.item.image.large/l-8528064413c0406e86d378a546336a45.jpeg,
70158,Politabs Femme 60Cps,Politabs Femme 60Cps,in stock,new,69.90 BRL,https://loja.redecentralfarma.com.br/,https://d22vuod48cepji.cloudfront.net/ib.item.image.large/l-af0d98552df14da180047e2a3b20b1db.png,
70159,Politabs Hair 60Cps,Politabs Hair 60Cps,in stock,new,69.90 BRL,https://loja.redecentralfarma.com.br/,https://d22vuod48cepji.cloudfront.net/ib.item.image.large/l-4b6c927ffa2d4fc399fca3f1e6295c11.png,
70157,Politabs Multi 60Cps,Politabs Multi 60Cps,in stock,new,69.90 BRL,https://loja.redecentralfarma.com.br/,https://d22vuod48cepji.cloudfront.net/ib.item.image.large/l-96c3b907a6d74a5d989b0154f5158b50.png,
71577,Politabs Senior 60Cps,Politabs Senior 60Cps,in stock,new,69.90 BRL,https://loja.redecentralfarma.com.br/,https://d22vuod48cepji.cloudfront.net/ib.item.image.large/l-38718d284af845aabffa5369d16f9d39.png,
82967,Polivitamínico Unifabra Cabelos e Unhas 30 Cápsulas,Polivitamínico Unifabra Cabelos e Unhas 30 Cápsulas,in stock,new,46.79 BRL,https://loja.redecentralfarma.com.br/,https://d22vuod48cepji.cloudfront.net/ib.item.image.large/l-e592ef8ce7d84a429c580b3e7ac63274.png,Unifabra
115431,Pomada Corporal Gelavit 12g,Pomada Corporal Gelavit 12g,in stock,new,18.99 BRL,https://loja.redecentralfarma.com.br/,https://d22vuod48cepji.cloudfront.net/ib.item.image.large/l-5da8c17e45d0400aa0d7f9f5a058ec99.webp,Gelavit
65192,Pomada para Assaduras Bepantol Baby - 120g,Pomada para Assaduras Bepantol Baby - 120g,in stock,new,65.99 BRL,https://loja.redecentralfarma.com.br/,https://d22vuod48cepji.cloudfront.net/ib.item.image.large/l-0d7a40ac07a1427380babe1c8c201b8e.jpg,Bayer
531,Pomada Preventiva de Assaduras Original Hipoglós Caixa 40g,Pomada Preventiva de Assaduras Original Hipoglós Caixa 40g,in stock,new,30.99 BRL,https://loja.redecentralfarma.com.br/,https://d22vuod48cepji.cloudfront.net/ib.item.image.large/l-5e3b0d71bfd647a4914886497e3681fd.jpeg,Hipoglós
115553,Pomada Unipantol Baby Creme 120g,Pomada Unipantol Baby Creme 120g,in stock,new,34.99 BRL,https://loja.redecentralfarma.com.br/,https://d22vuod48cepji.cloudfront.net/ib.item.image.large/l-a285c5b1cf1e40f8aec99a958c5b30b1.webp,Unipantol
2390,Preservativo Masculino Lubrificado Olla Pacote Leve 8 Pague 6 Unidades,Preservativo Masculino Lubrificado Olla Pacote Leve 8 Pague 6 Unidades,in stock,new,21.49 BRL,https://loja.redecentralfarma.com.br/,https://d22vuod48cepji.cloudfront.net/ib.item.image.large/l-71cbe6fa63264e0c92b2720add5f44cb.jpeg,Olla
6133,Preservativo Masculino Lubrificado Sensitive Olla Pacote Leve 8 Pague 6 Unidades,Preservativo Masculino Lubrificado Sensitive Olla Pacote Leve 8 Pague 6 Unidades,in stock,new,31.29 BRL,https://loja.redecentralfarma.com.br/,https://d22vuod48cepji.cloudfront.net/ib.item.image.large/l-f904298987464b21ae7c8f7dd20fb72e.jpeg,Olla
116197,Probio Balance 10Bi 450mg 15 Cápsulas,Probio Balance 10Bi 450mg 15 Cápsulas,in stock,new,44.99 BRL,https://loja.redecentralfarma.com.br/,https://d22vuod48cepji.cloudfront.net/ib.item.image.large/l-fa28b95aadcb4da0a30b25428ebde935.png,Balance
116198,Probio Balance Kids 6 Sachês 3g,Probio Balance Kids 6 Sachês 3g,in stock,new,33.99 BRL,https://loja.redecentralfarma.com.br/,https://d22vuod48cepji.cloudfront.net/ib.item.image.large/l-7a963b831f42432d9728fb764b9a5371.webp,Balance
116199,Probio Balance Probiótico 450mg 12 Cápsulas,Probio Balance Probiótico 450mg 12 Cápsulas,in stock,new,32.99 BRL,https://loja.redecentralfarma.com.br/,https://d22vuod48cepji.cloudfront.net/ib.item.image.large/l-3ff50cb637cd42c69692048e3fceef94.png,Balance
115232,Própolis Spray Melune Gengibre (30ml),Própolis Spray Melune Gengibre (30ml),in stock,new,10.79 BRL,https://loja.redecentralfarma.com.br/,https://d22vuod48cepji.cloudfront.net/ib.item.image.large/l-ee450469fe72477baa43b5771c232649.png,Melune
115231,Própolis Spray Melune Menta (30ml),Própolis Spray Melune Menta (30ml),in stock,new,10.79 BRL,https://loja.redecentralfarma.com.br/,https://d22vuod48cepji.cloudfront.net/ib.item.image.large/l-cc8cc3d715914e4b8a1255693fd35383.png,Melune
115234,Própolis Spray Melune Romã (30ml),Própolis Spray Melune Romã (30ml),in stock,new,10.79 BRL,https://loja.redecentralfarma.com.br/,https://d22vuod48cepji.cloudfront.net/ib.item.image.large/l-c26e301df73f4a17ad67f6fcdbce8d2b.webp,Melune
104705,Prot Labial Bem Care Amora Fps30 3.5G,Prot Labial Bem Care Amora Fps30 3.5G,in stock,new,14.79 BRL,https://loja.redecentralfarma.com.br/,https://d22vuod48cepji.cloudfront.net/ib.item.image.large/l-487e1d9eb37e48468d6d9c7e2701cb76.png,
104704,Prot Labial Bem Care Protect Sun Fps15 3.5G,Prot Labial Bem Care Protect Sun Fps15 3.5G,in stock,new,11.99 BRL,https://loja.redecentralfarma.com.br/,https://d22vuod48cepji.cloudfront.net/ib.item.image.large/l-d8be4f10e9704ff4bd96ca4d8ed09f77.png,
95616,Prot Seios Abs. Bem Care 30Un,Prot Seios Abs. Bem Care 30Un,in stock,new,25.99 BRL,https://loja.redecentralfarma.com.br/,https://d22vuod48cepji.cloudfront.net/ib.item.image.large/l-e698c3d95f69476cbf22f685e0da987d.png,
96400,Prot Solar Dermunn Facial Fps30 60G,Prot Solar Dermunn Facial Fps30 60G,in stock,new,31.99 BRL,https://loja.redecentralfarma.com.br/,https://d22vuod48cepji.cloudfront.net/ib.item.image.large/l-301df496f4f84a1891cc22038c35c051.png,
104389,Protetor Diário sem Abas Carefree TodoDia Pacote 40 Unidades Embalagem Econômica,Protetor Diário sem Abas Carefree TodoDia Pacote 40 Unidades Embalagem Econômica,in stock,new,20.49 BRL,https://loja.redecentralfarma.com.br/,https://d22vuod48cepji.cloudfront.net/ib.item.image.large/l-693ab58d46a1402aa7203de401d25e4f.png,Carefree
107327,Protetor Solar  Infantil Dermunn FPS50 200g,Protetor Solar  Infantil Dermunn FPS50 200g,in stock,new,41.49 BRL,https://loja.redecentralfarma.com.br/,https://d22vuod48cepji.cloudfront.net/ib.item.image.large/l-c7e1c36ebac44963b8a46d62aca9f258.webp,Dermunn
116217,Protetor Solar Corporal Dermunn Sun FPS50 500g,Protetor Solar Corporal Dermunn Sun FPS50 500g,in stock,new,98.99 BRL,https://loja.redecentralfarma.com.br/,https://d22vuod48cepji.cloudfront.net/ib.item.image.large/l-1f045ad2317e4b6394f72d9bc87ef74e.png,Dermunn
115454,Protetor Solar Corporal Infantil Dermunn FPS30 200g,Protetor Solar Corporal Infantil Dermunn FPS30 200g,in stock,new,31.49 BRL,https://loja.redecentralfarma.com.br/,https://d22vuod48cepji.cloudfront.net/ib.item.image.large/l-164b7b51d3b4430ab78ef914c21c73c2.webp,Dermunn
107323,Protetor Solar Dermunn FPS30 200g,Protetor Solar Dermunn FPS30 200g,in stock,new,44.49 BRL,https://loja.redecentralfarma.com.br/,https://d22vuod48cepji.cloudfront.net/ib.item.image.large/l-30ef20d12166402ea009ac0cfcf502d9.jpeg,Dermunn
107325,Protetor Solar Dermunn FPS50 200g,Protetor Solar Dermunn FPS50 200g,in stock,new,54.99 BRL,https://loja.redecentralfarma.com.br/,https://d22vuod48cepji.cloudfront.net/ib.item.image.large/l-0a20f8325d3a4cf79de42e02128765c7.webp,Dermunn
96401,Protetor Solar Facial  Dermunn FPS60 60g,Protetor Solar Facial  Dermunn FPS60 60g,in stock,new,36.99 BRL,https://loja.redecentralfarma.com.br/,https://d22vuod48cepji.cloudfront.net/ib.item.image.large/l-e7ebb33bd27247c3bdafd9ee9fd1a5c9.png,Dermunn
115438,Protetor Solar Facial Dermunn FPS50 50g,Protetor Solar Facial Dermunn FPS50 50g,in stock,new,33.99 BRL,https://loja.redecentralfarma.com.br/,https://d22vuod48cepji.cloudfront.net/ib.item.image.large/l-66abcfbe3171409c9cc7e903ae55d311.webp,Dermunn
113693,Protetor Solar Facial PS-05  FPS70 2.0 Principia 30ml,Protetor Solar Facial PS-05  FPS70 2.0 Principia 30ml,in stock,new,47.99 BRL,https://loja.redecentralfarma.com.br/,https://d22vuod48cepji.cloudfront.net/ib.item.image.large/l-b0f180ad54d142c899be4c7ed6dd057a.jpeg,Principia
106513,Protetor Solar Fps 60 Niacinamida Principia 40ml,Protetor Solar Fps 60 Niacinamida Principia 40ml,in stock,new,49.99 BRL,https://loja.redecentralfarma.com.br/,https://d22vuod48cepji.cloudfront.net/ib.item.image.large/l-c1c3b6f7fbf14400a7badb8f014d239c.jpeg,Principia
110618,Refil Sabonete Líquido Azaleias e Tulipas Bem Care 200ml,Refil Sabonete Líquido Azaleias e Tulipas Bem Care 200ml,in stock,new,4.99 BRL,https://loja.redecentralfarma.com.br/,https://d22vuod48cepji.cloudfront.net/ib.item.image.large/l-670a7fdeb12d4eeb9c69b029d3136c73.webp,Bem Care
110619,Refil Sabonete Líquido Erva Doce Bem Care 200ml,Refil Sabonete Líquido Erva Doce Bem Care 200ml,in stock,new,4.99 BRL,https://loja.redecentralfarma.com.br/,https://d22vuod48cepji.cloudfront.net/ib.item.image.large/l-dc5fc720ac9d43c5a16bc63d53696e07.webp,Bem Care
110617,Refil Sabonete Líquido Lavanda Bem Care 200ml,Refil Sabonete Líquido Lavanda Bem Care 200ml,in stock,new,4.99 BRL,https://loja.redecentralfarma.com.br/,https://d22vuod48cepji.cloudfront.net/ib.item.image.large/l-ece5123ad8fc4ed3aa95d67e7dd149c7.webp,Bem Care
110620,Refil Sabonete Líquido Orquídeas Bem Care 200ml,Refil Sabonete Líquido Orquídeas Bem Care 200ml,in stock,new,4.99 BRL,https://loja.redecentralfarma.com.br/,https://d22vuod48cepji.cloudfront.net/ib.item.image.large/l-4de9c64bbeca4539ad9eead52a02d218.webp,Bem Care
72134,Refrigerante Coca-Cola Lata 350ml,Refrigerante Coca-Cola Lata 350ml,in stock,new,5.99 BRL,https://loja.redecentralfarma.com.br/,https://d22vuod48cepji.cloudfront.net/ib.item.image.large/l-f3aff374caf7407e9dc2d7cdf431bc06.png,Coca-Cola
73631,Refrigerante Coca-Cola Original Garrafa 2l,Refrigerante Coca-Cola Original Garrafa 2l,in stock,new,15.49 BRL,https://loja.redecentralfarma.com.br/,https://d22vuod48cepji.cloudfront.net/ib.item.image.large/l-413fb31072694c96ba9e9667b87a9238.png,Coca-Cola
72133,Refrigerante sem Açúcar Coca-Cola Lata 350ml,Refrigerante sem Açúcar Coca-Cola Lata 350ml,in stock,new,5.99 BRL,https://loja.redecentralfarma.com.br/,https://d22vuod48cepji.cloudfront.net/ib.item.image.large/l-bcb995ba146a4d599f706bb626aa17de.png,Coca-Cola
109031,Refrigerante sem Açúcar Coca-Cola Zero Garrafa 2l,Refrigerante sem Açúcar Coca-Cola Zero Garrafa 2l,in stock,new,15.49 BRL,https://loja.redecentralfarma.com.br/,https://d22vuod48cepji.cloudfront.net/ib.item.image.large/l-d1475e9f90684a5c8083985d73f1a3d1.png,Coca-Cola
46948,Removedor De Esmalte Beira Alta 450Ml,Removedor De Esmalte Beira Alta 450Ml,in stock,new,17.49 BRL,https://loja.redecentralfarma.com.br/,https://d22vuod48cepji.cloudfront.net/ib.item.image.large/l-04341de6982841098a029a3306913bb4.jpeg,
46947,Removedor de Esmalte Beira Alta Frasco 90ml,Removedor de Esmalte Beira Alta Frasco 90ml,in stock,new,5.99 BRL,https://loja.redecentralfarma.com.br/,https://d22vuod48cepji.cloudfront.net/ib.item.image.large/l-2ef1712f739b40da8b5374b7bf1e96f2.jpeg,Beira Alta
116482,Removedor de Esmaltes com Acetona e Silicone 100ml,Removedor de Esmaltes com Acetona e Silicone 100ml,in stock,new,6.99 BRL,https://loja.redecentralfarma.com.br/,https://d22vuod48cepji.cloudfront.net/ib.item.image.large/l-b3fb07aef15e4e02b95ca9ba8e206530.webp,Smalto
116241,Repelente Repeluni Spray 10 Horas 200ml,Repelente Repeluni Spray 10 Horas 200ml,in stock,new,22.99 BRL,https://loja.redecentralfarma.com.br/,https://d22vuod48cepji.cloudfront.net/ib.item.image.large/l-631f10d3ea634c6bad48e5ddae1d4fcf.webp,Repeluni
116243,Repelente Repeluni Spray 4 Horas 200ml,Repelente Repeluni Spray 4 Horas 200ml,in stock,new,13.99 BRL,https://loja.redecentralfarma.com.br/,https://d22vuod48cepji.cloudfront.net/ib.item.image.large/l-95524092894c4de09d6313bbbc1ca99c.webp,Repeluni
100471,Roupa Íntima Descartável Plenitud Classic G/XG Pacote 16 Unidades Leve Mais Pague Menos,Roupa Íntima Descartável Plenitud Classic G/XG Pacote 16 Unidades Leve Mais Pague Menos,in stock,new,66.99 BRL,https://loja.redecentralfarma.com.br/,https://d22vuod48cepji.cloudfront.net/ib.item.image.large/l-54d568f53486471382d058169185240d.jpeg,Plenitud
111175,Roupa Íntima Descartável Plenitud Femme G/XG Pacote 16 Unidades Leve Mais Pague Menos,Roupa Íntima Descartável Plenitud Femme G/XG Pacote 16 Unidades Leve Mais Pague Menos,in stock,new,78.49 BRL,https://loja.redecentralfarma.com.br/,https://d22vuod48cepji.cloudfront.net/ib.item.image.large/l-a31fc2b2da6c494fbad104030628af0f.jpeg,Plenitud
71632,Roupa Íntima Descartável Plenitud Plus G/XG Pacote 16 Unidades Leve Mais Pague Menos,Roupa Íntima Descartável Plenitud Plus G/XG Pacote 16 Unidades Leve Mais Pague Menos,in stock,new,73.99 BRL,https://loja.redecentralfarma.com.br/,https://d22vuod48cepji.cloudfront.net/ib.item.image.large/l-8240a9b9de4447a99fe0f265243b4a9e.jpeg,Plenitud
72807,Roupa Íntima Descartável Plenitud Plus P/M Pacote 16 Unidades Leve Mais Pague Menos,Roupa Íntima Descartável Plenitud Plus P/M Pacote 16 Unidades Leve Mais Pague Menos,in stock,new,73.99 BRL,https://loja.redecentralfarma.com.br/,https://d22vuod48cepji.cloudfront.net/ib.item.image.large/l-efb3eb926213482aaf1ad6fccb5a267f.jpeg,Plenitud
107916,Roupa Íntima Descartável Plenitud Plus P/M Pacote 32 Unidades Leve Mais Pague Menos,Roupa Íntima Descartável Plenitud Plus P/M Pacote 32 Unidades Leve Mais Pague Menos,in stock,new,119.49 BRL,https://loja.redecentralfarma.com.br/,https://d22vuod48cepji.cloudfront.net/ib.item.image.large/l-70758702d81c47008655c679f6a4ca06.png,Plenitud
96023,Roupa Íntima Descartável Tena Pants Noturna G/EG Pacote 16 Unidades Embalagem Econômica,Roupa Íntima Descartável Tena Pants Noturna G/EG Pacote 16 Unidades Embalagem Econômica,in stock,new,85.99 BRL,https://loja.redecentralfarma.com.br/,https://d22vuod48cepji.cloudfront.net/ib.item.image.large/l-81f1bbb2518240ff881381ae507b580c.jpeg,Tena
96024,Roupa Íntima Descartável Tena Pants Noturna P/M Pacote 16 Unidades Embalagem Econômica,Roupa Íntima Descartável Tena Pants Noturna P/M Pacote 16 Unidades Embalagem Econômica,in stock,new,85.99 BRL,https://loja.redecentralfarma.com.br/,https://d22vuod48cepji.cloudfront.net/ib.item.image.large/l-c793682e633a466fa8cc8aa1d665d805.jpeg,Tena
107917,Roupa Íntima Descartável Unissex Plenitud Plus Tamanho G/XG 32 Unidades,Roupa Íntima Descartável Unissex Plenitud Plus Tamanho G/XG 32 Unidades,in stock,new,119.49 BRL,https://loja.redecentralfarma.com.br/,https://d22vuod48cepji.cloudfront.net/ib.item.image.large/l-cb332c084bbb4bc69dfb57574e3512a3.png,Plenitud
94730,Sab Dermunn Gel Facial 120G,Sab Dermunn Gel Facial 120G,in stock,new,17.49 BRL,https://loja.redecentralfarma.com.br/,https://d22vuod48cepji.cloudfront.net/ib.item.image.large/l-d634689770884c809d49d53d76ffe91d.jpeg,
108612,Sab Liq Baby Care Camomila 500Ml,Sab Liq Baby Care Camomila 500Ml,in stock,new,28.99 BRL,https://loja.redecentralfarma.com.br/,https://d22vuod48cepji.cloudfront.net/ib.item.image.large/l-c1ddf44141d942278cdfa24b9682639f.jpeg,
108613,Sab Liq Baby Care Glicerinado 500Ml,Sab Liq Baby Care Glicerinado 500Ml,in stock,new,28.99 BRL,https://loja.redecentralfarma.com.br/,https://d22vuod48cepji.cloudfront.net/ib.item.image.large/l-23f28d84c69c47148a83219b0bc8a858.jpeg,
87554,Sab Liq Bem Care Antisseptico 480Ml,Sab Liq Bem Care Antisseptico 480Ml,in stock,new,23.99 BRL,https://loja.redecentralfarma.com.br/,https://d22vuod48cepji.cloudfront.net/ib.item.image.large/l-6d88d769db2745d2b8847812513e2179.png,
111,Sabonete Barra Enxofre Granado Caixa 90g,Sabonete Barra Enxofre Granado Caixa 90g,in stock,new,9.99 BRL,https://loja.redecentralfarma.com.br/,https://d22vuod48cepji.cloudfront.net/ib.item.image.large/l-b96db73f96424d8fa520de8fa9241d77.jpeg,Granado
2053,Sabonete Barra Vegetal Tradicional Granado Glicerina Caixa 90g,Sabonete Barra Vegetal Tradicional Granado Glicerina Caixa 90g,in stock,new,8.49 BRL,https://loja.redecentralfarma.com.br/,https://d22vuod48cepji.cloudfront.net/ib.item.image.large/l-0a95d381fcce4b8f885be9c499854714.jpeg,Granado
94729,Sabonete Esfoliante Facial Dermunn 100g,Sabonete Esfoliante Facial Dermunn 100g,in stock,new,18.99 BRL,https://loja.redecentralfarma.com.br/,https://d22vuod48cepji.cloudfront.net/ib.item.image.large/l-024b61e65b6f4099814d92c9144a64d3.png,Dermunn
115925,Sabonete Líquido Azaleias Tulipa Bem Care 500ml,Sabonete Líquido Azaleias Tulipa Bem Care 500ml,in stock,new,18.49 BRL,https://loja.redecentralfarma.com.br/,https://d22vuod48cepji.cloudfront.net/ib.item.image.large/l-46065f04a528449699a7e741ed07d8cd.webp,Bem Care
111864,Sabonete Líquido Baby Care Lavanda 500ML,Sabonete Líquido Baby Care Lavanda 500ML,in stock,new,28.99 BRL,https://loja.redecentralfarma.com.br/,https://d22vuod48cepji.cloudfront.net/ib.item.image.large/l-6b196c3325844a5998d69d45dc289da1.png,Baby Care
109652,Sabonete Líquido Dove Óleo de Banho Glicerinado 240ml,Sabonete Líquido Dove Óleo de Banho Glicerinado 240ml,in stock,new,36.49 BRL,https://loja.redecentralfarma.com.br/,https://d22vuod48cepji.cloudfront.net/ib.item.image.large/l-c562706acf7a4f72ba1bfbfb6a3c6093.png,Dove
115926,Sabonete Líquido Erva Doce Bem Care 500ml,Sabonete Líquido Erva Doce Bem Care 500ml,in stock,new,18.49 BRL,https://loja.redecentralfarma.com.br/,https://d22vuod48cepji.cloudfront.net/ib.item.image.large/l-46c524d33d794bb0b7e81173640fc6e1.jpeg,Bem Care
115551,Sabonete Líquido Facial Antiacne Dermunn 300ml,Sabonete Líquido Facial Antiacne Dermunn 300ml,in stock,new,26.99 BRL,https://loja.redecentralfarma.com.br/,https://d22vuod48cepji.cloudfront.net/ib.item.image.large/l-bdc2175276bb4358b1be5f32b36601c4.webp,Dermunn
112645,Sabonete Líquido Facial Antissinais Noite Dermunn 300ml,Sabonete Líquido Facial Antissinais Noite Dermunn 300ml,in stock,new,29.99 BRL,https://loja.redecentralfarma.com.br/,https://d22vuod48cepji.cloudfront.net/ib.item.image.large/l-c74e8ec4321c44e38f06149efa32937c.webp,Dermunn
108181,Sabonete Líquido Facial Dermunn Antiacne 300ml,Sabonete Líquido Facial Dermunn Antiacne 300ml,in stock,new,32.99 BRL,https://loja.redecentralfarma.com.br/,https://d22vuod48cepji.cloudfront.net/ib.item.image.large/l-93bd1d071ae64cb59375896e83967fd7.webp,Dermunn
115403,Sabonete Líquido Facial Hidratação Essencial Dermunn 300ml,Sabonete Líquido Facial Hidratação Essencial Dermunn 300ml,in stock,new,32.79 BRL,https://loja.redecentralfarma.com.br/,https://d22vuod48cepji.cloudfront.net/ib.item.image.large/l-ff8c86e9d4d94d07b12a613cc6c0a57b.webp,Dermunn
115593,Sabonete Líquido Hidratante Para Peles Secas E Sensíveis Dermunn 300ml,Sabonete Líquido Hidratante Para Peles Secas E Sensíveis Dermunn 300ml,in stock,new,25.99 BRL,https://loja.redecentralfarma.com.br/,https://d22vuod48cepji.cloudfront.net/ib.item.image.large/l-4ea653e7000f4151a24ec10d85880c71.webp,Dermunn
110869,Sabonete Líquido Íntimo Suave Nivea Frasco 250ml,Sabonete Líquido Íntimo Suave Nivea Frasco 250ml,in stock,new,27.49 BRL,https://loja.redecentralfarma.com.br/,https://d22vuod48cepji.cloudfront.net/ib.item.image.large/l-ab8212bf9a644cceab07220f33082ced.png,Nivea
115927,Sabonete Líquido Lavanda Bem Care 500ml,Sabonete Líquido Lavanda Bem Care 500ml,in stock,new,18.49 BRL,https://loja.redecentralfarma.com.br/,https://d22vuod48cepji.cloudfront.net/ib.item.image.large/l-54b6f6ae21e347e4bf5504e1ffa8bf07.webp,Bem Care
99586,Salon Line Creme De Pentear Definição natural 1 Kg,Salon Line Creme De Pentear Definição natural 1 Kg,in stock,new,40.49 BRL,https://loja.redecentralfarma.com.br/,https://d22vuod48cepji.cloudfront.net/ib.item.image.large/l-0c23dd0dc8e24568ac0fca16e326fe18.png,Salon Line
110513,Sérum Antissinais Dia Dermunn 30ml,Sérum Antissinais Dia Dermunn 30ml,in stock,new,31.99 BRL,https://loja.redecentralfarma.com.br/,https://d22vuod48cepji.cloudfront.net/ib.item.image.large/l-9f5fd2f9d20f4558b577bc7be45f0828.webp,Dermunn
110514,Sérum Antissinais Noite Dermunn 30ml,Sérum Antissinais Noite Dermunn 30ml,in stock,new,31.99 BRL,https://loja.redecentralfarma.com.br/,https://d22vuod48cepji.cloudfront.net/ib.item.image.large/l-b1674b70b08f407a94d749ee5436b455.webp,Dermunn
110515,Sérum Facial Clareador Dermunn 30ml,Sérum Facial Clareador Dermunn 30ml,in stock,new,31.99 BRL,https://loja.redecentralfarma.com.br/,https://d22vuod48cepji.cloudfront.net/ib.item.image.large/l-92b35efffcce4f65b7039d46eb229a7b.webp,Dermunn
78023,Shampoo Anticaspa Clear Men Sports Frasco 400ml,Shampoo Anticaspa Clear Men Sports Frasco 400ml,in stock,new,34.99 BRL,https://loja.redecentralfarma.com.br/,https://d22vuod48cepji.cloudfront.net/ib.item.image.large/l-467b2bf0765244698f9b51de690d9597.png,Clear
113429,Shampoo Encorpador L'Oréal Paris Elseve Collagen Lifter 400ml,Shampoo Encorpador L'Oréal Paris Elseve Collagen Lifter 400ml,in stock,new,35.29 BRL,https://loja.redecentralfarma.com.br/,https://d22vuod48cepji.cloudfront.net/ib.item.image.large/l-e4ee99f0a8894acfa0d4057535112f8a.jpg,Elseve
115449,Shampoo Infantil Neutro Baby Care 500ml,Shampoo Infantil Neutro Baby Care 500ml,in stock,new,29.99 BRL,https://loja.redecentralfarma.com.br/,https://d22vuod48cepji.cloudfront.net/ib.item.image.large/l-bab5fb1f5ca44d19928d91ea97a895a6.webp,BabyCare
104221,"Shampoo Sela Gloss L'Oréal Paris Elseve Glycolic Gloss, 400Ml","Shampoo Sela Gloss L'Oréal Paris Elseve Glycolic Gloss, 400Ml",in stock,new,35.29 BRL,https://loja.redecentralfarma.com.br/,https://d22vuod48cepji.cloudfront.net/ib.item.image.large/l-f6db55b4e554493b9a02aba2b0c4925b.jpeg,Elseve
107402,Solução Bucal Antisséptica Perio Bem Care Sem Álcool de 250ml,Solução Bucal Antisséptica Perio Bem Care Sem Álcool de 250ml,in stock,new,19.99 BRL,https://loja.redecentralfarma.com.br/,https://d22vuod48cepji.cloudfront.net/ib.item.image.large/l-3b4b8247050b4a3bb50e04ffc0818fb4.webp,Bem Care
95953,Soro Fisiologico 0.9% Bem Care 100Ml,Soro Fisiologico 0.9% Bem Care 100Ml,in stock,new,4.79 BRL,https://loja.redecentralfarma.com.br/,https://d22vuod48cepji.cloudfront.net/ib.item.image.large/l-cc2668c88f354ba38cbe2f123e58a734.png,
103540,Soro Fisiologico 0.9% Bem Care 500Ml,Soro Fisiologico 0.9% Bem Care 500Ml,in stock,new,9.49 BRL,https://loja.redecentralfarma.com.br/,https://d22vuod48cepji.cloudfront.net/ib.item.image.large/l-f4715097ccd841589abd711fad012161.png,
85687,Suplemento Alimentar Politabs Imunidade 30 Cápsulas,Suplemento Alimentar Politabs Imunidade 30 Cápsulas,in stock,new,69.90 BRL,https://loja.redecentralfarma.com.br/,https://d22vuod48cepji.cloudfront.net/ib.item.image.large/l-b3d33ef41e074d07aa5e045c6022d8c4.png,Politabs
93311,Tala De Pulso Preto M,Tala De Pulso Preto M,in stock,new,59.99 BRL,https://loja.redecentralfarma.com.br/,https://d22vuod48cepji.cloudfront.net/ib.item.image.large/l-392e2a3b81ab4e31b65e83088181b53d.jpeg,
105384,Termômetro Digital G.Tech Clinico Digital Unidade,Termômetro Digital G.Tech Clinico Digital Unidade,in stock,new,19.99 BRL,https://loja.redecentralfarma.com.br/,https://d22vuod48cepji.cloudfront.net/ib.item.image.large/l-9fa3f8c9eabd409f853a301b18ecc699.png,G-Tech
92851,Teste De Gravidez Bem Care Caneta 1Un,Teste De Gravidez Bem Care Caneta 1Un,in stock,new,16.99 BRL,https://loja.redecentralfarma.com.br/,https://d22vuod48cepji.cloudfront.net/ib.item.image.large/l-fc0c586f44df4ce091c5476355c24d13.png,
92852,Teste De Gravidez Bem Care Tira 1Un,Teste De Gravidez Bem Care Tira 1Un,in stock,new,13.99 BRL,https://loja.redecentralfarma.com.br/,https://d22vuod48cepji.cloudfront.net/ib.item.image.large/l-4ccf876e4e52479384865a24ff8b24f0.png,
93319,Tipoia Imobilizadora Azul G,Tipoia Imobilizadora Azul G,in stock,new,41.99 BRL,https://loja.redecentralfarma.com.br/,https://d22vuod48cepji.cloudfront.net/ib.item.image.large/l-33aba05ae66c41d780093065cdc15cbc.png,
93316,Tipoia Velpeau Azul G,Tipoia Velpeau Azul G,in stock,new,83.99 BRL,https://loja.redecentralfarma.com.br/,https://d22vuod48cepji.cloudfront.net/ib.item.image.large/l-d9bd3f15fb3e45d986043655bf02229e.jpeg,
93315,Tipoia Velpeau Azul M,Tipoia Velpeau Azul M,in stock,new,83.99 BRL,https://loja.redecentralfarma.com.br/,https://d22vuod48cepji.cloudfront.net/ib.item.image.large/l-adaadb037b8445c688770ed6da9b742d.jpeg,
78737,Toalhinhas Umedecidas Personalidade Com 50 Unidades,Toalhinhas Umedecidas Personalidade Com 50 Unidades,in stock,new,12.79 BRL,https://loja.redecentralfarma.com.br/,https://d22vuod48cepji.cloudfront.net/ib.item.image.large/l-026cba3cdb444054b0f70e4ea9979510.png,
93307,Tornozeleira Neo Preto M,Tornozeleira Neo Preto M,in stock,new,40.49 BRL,https://loja.redecentralfarma.com.br/,https://d22vuod48cepji.cloudfront.net/ib.item.image.large/l-ce20f097e90f4c1097f4704eb074d5f9.jpeg,
107761,Umidificador G-Tech Allergy Free Dual 3L,Umidificador G-Tech Allergy Free Dual 3L,in stock,new,178.99 BRL,https://loja.redecentralfarma.com.br/,https://d22vuod48cepji.cloudfront.net/ib.item.image.large/l-ef8c29c3f52949799342265e7d221960.jpeg,
82968,Unifabra Polivit A-Z 30Cps,Unifabra Polivit A-Z 30Cps,in stock,new,46.79 BRL,https://loja.redecentralfarma.com.br/,https://d22vuod48cepji.cloudfront.net/ib.item.image.large/l-6573703575614c2aa55017a4e1dfff46.png,
87776,Unifabra Polivit Homem 30Cps,Unifabra Polivit Homem 30Cps,in stock,new,44.90 BRL,https://loja.redecentralfarma.com.br/,https://d22vuod48cepji.cloudfront.net/ib.item.image.large/l-2a4c4c8b6a594096865204d368f7b881.png,
87775,Unifabra Polivit Imunidade 30Cps,Unifabra Polivit Imunidade 30Cps,in stock,new,34.90 BRL,https://loja.redecentralfarma.com.br/,https://d22vuod48cepji.cloudfront.net/ib.item.image.large/l-1ff1a05dfe4d4f2284a19e799c44aa72.png,
82969,Unifabra Polivit Mulher 30Cps,Unifabra Polivit Mulher 30Cps,in stock,new,46.79 BRL,https://loja.redecentralfarma.com.br/,https://d22vuod48cepji.cloudfront.net/ib.item.image.large/l-8be7ff6edcca443ea197617c1e900fb1.png,
115552,Unipantol Derma Solução Restauradora 50ml,Unipantol Derma Solução Restauradora 50ml,in stock,new,21.99 BRL,https://loja.redecentralfarma.com.br/,https://d22vuod48cepji.cloudfront.net/ib.item.image.large/l-5b6117255b2b4eeb9e4c44e45ba22cc2.webp,
115548,"Unipantol Regenerador Labial 7,5g","Unipantol Regenerador Labial 7,5g",in stock,new,19.99 BRL,https://loja.redecentralfarma.com.br/,https://d22vuod48cepji.cloudfront.net/ib.item.image.large/l-5d9a2cf1421549f1ba879b65d34062c7.webp,Unipantol
78472,Vichy Dercos Shampoo Energy+ 400 ml,Vichy Dercos Shampoo Energy+ 400 ml,in stock,new,159.99 BRL,https://loja.redecentralfarma.com.br/,https://d22vuod48cepji.cloudfront.net/ib.item.image.large/l-589c9d88ce08405ba0be7393a99e8aac.jpeg,Vichy
54268,Vinagre de Maçã Orgânico 500ml,Vinagre de Maçã Orgânico 500ml,in stock,new,34.99 BRL,https://loja.redecentralfarma.com.br/,https://d22vuod48cepji.cloudfront.net/ib.item.image.large/l-2ca7ba5e935c4f20a2e040c300003edd.jpeg,
115788,Vitamina Bem Vita B12 60 Comprimidos,Vitamina Bem Vita B12 60 Comprimidos,in stock,new,37.99 BRL,https://loja.redecentralfarma.com.br/,https://d22vuod48cepji.cloudfront.net/ib.item.image.large/l-e2512c4fe4b04a87a08d096c89f9a431.webp,Bem Vita
